X,Y,Unique Squirrel ID,Hectare,Shift,Date,Hectare Squirrel Number,Age,Primary Fur Color,Highlight Fur Color,Combination of Primary and Highlight Color,Color notes,Location,Above Ground Sighter Measurement,Specific Location,Running,Chasing,Climbing,Eating,Foraging,Other Activities,Kuks,Quaas,Moans,Tail flags,Tail twitches,Approaches,Indifferent,Runs from,Other Interactions,Lat/Long
"-7,395,613,449,379","4,079,408,238,841",37F-PM-1014-03,37F,PM,10142018,3,,,,+,,,,,FALSE,FALSE,FALSE,FALSE,FALSE,,FALSE,FALSE,FALSE,FALSE,FALSE,FALSE,FALSE,FALSE,,POINT (-73.9561344937861 40.7940823884086)
"-7,396,885,746,911","4,078,378,252,084",21B-AM-1019-04,21B,AM,10192018,4,,,,+,,,,,FALSE,FALSE,FALSE,FALSE,FALSE,,FALSE,FALSE,FALSE,FALSE,FALSE,FALSE,FALSE,FALSE,,POINT (-73.9688574691102 40.7837825208444)
"-7,397,428,114,849","4,077,553,361,908",11B-PM-1014-08,11B,PM,10142018,8,,Gray,,Gray+,,Above Ground,10,,FALSE,TRUE,FALSE,FALSE,FALSE,,FALSE,FALSE,FALSE,FALSE,FALSE,FALSE,FALSE,FALSE,,POINT (-73.97428114848522 40.775533619083)
"-7,395,964,139,039","407,903,128,889",32E-PM-1017-14,32E,PM,10172018,14,Adult,Gray,,Gray+,Nothing selected as Primary. Gray selected as Highlights. Made executive adjustments.,,,,FALSE,FALSE,FALSE,TRUE,TRUE,,FALSE,FALSE,FALSE,FALSE,FALSE,FALSE,FALSE,TRUE,,POINT (-73.9596413903948 40.7903128889029)
"-7,397,026,764,726","4,077,621,268,549",13E-AM-1017-05,13E,AM,10172018,5,Adult,Gray,Cinnamon,Gray+Cinnamon,,Above Ground,,on tree stump,FALSE,FALSE,FALSE,FALSE,TRUE,,FALSE,FALSE,FALSE,FALSE,FALSE,FALSE,FALSE,FALSE,,POINT (-73.9702676472613 40.7762126854894)
"-7,396,836,135,162","4,077,259,088,475",11H-AM-1010-03,11H,AM,10102018,3,Adult,Cinnamon,White,Cinnamon+White,,,,,FALSE,FALSE,FALSE,FALSE,TRUE,,FALSE,FALSE,FALSE,FALSE,TRUE,FALSE,TRUE,FALSE,,POINT (-73.9683613516225 40.7725908847499)
"-7,395,412,017,898","4,079,318,117,011",36H-AM-1010-02,36H,AM,10102018,2,Adult,Gray,,Gray+,just outside hectare,Ground Plane,FALSE,,FALSE,FALSE,FALSE,FALSE,TRUE,,FALSE,FALSE,FALSE,FALSE,FALSE,FALSE,FALSE,FALSE,,POINT (-73.9541201789795 40.7931811701082)
"-7,395,826,943,123","4,079,173,678,203",33F-AM-1008-02,33F,AM,10082018,2,Adult,Gray,,Gray+,,Ground Plane,FALSE,,FALSE,FALSE,FALSE,FALSE,TRUE,,FALSE,FALSE,FALSE,FALSE,FALSE,FALSE,TRUE,FALSE,,POINT (-73.9582694312289 40.7917367820255)
"-7,396,742,859,553","4,078,297,239,197",21C-PM-1006-01,21C,PM,10062018,1,Adult,Gray,,Gray+,,Ground Plane,FALSE,,FALSE,FALSE,FALSE,FALSE,FALSE,,FALSE,FALSE,FALSE,TRUE,TRUE,FALSE,FALSE,FALSE,,POINT (-73.9674285955293 40.7829723919744)
"-7,397,225,001,968","407,742,879,599",11D-AM-1010-03,11D,AM,10102018,3,Adult,Gray,Cinnamon,Gray+Cinnamon,,Above Ground,30,,FALSE,FALSE,TRUE,FALSE,FALSE,grooming,FALSE,FALSE,FALSE,FALSE,FALSE,FALSE,TRUE,FALSE,,POINT (-73.9722500196844 40.7742879599026)
"-7,396,950,635,353","4,078,235,076,782",20B-PM-1013-05,20B,PM,10132018,5,Adult,Gray,White,Gray+White,,Ground Plane,FALSE,,FALSE,FALSE,FALSE,FALSE,TRUE,,FALSE,FALSE,FALSE,FALSE,FALSE,FALSE,TRUE,FALSE,,POINT (-73.9695063535333 40.7823507678183)
"-7,396,400,328,265","4,078,203,098,254",22F-PM-1014-06,22F,PM,10142018,6,Adult,Gray,,Gray+,,Ground Plane,FALSE,,TRUE,FALSE,FALSE,FALSE,FALSE,,FALSE,FALSE,FALSE,FALSE,TRUE,FALSE,TRUE,FALSE,,POINT (-73.9640032826529 40.7820309825448)
"-7,395,321,705,049","40,791,966,974",36I-PM-1007-01,36I,PM,10072018,1,Adult,Gray,Cinnamon,Gray+Cinnamon,,Ground Plane,FALSE,,FALSE,FALSE,FALSE,FALSE,TRUE,,FALSE,FALSE,FALSE,FALSE,FALSE,FALSE,TRUE,FALSE,,POINT (-73.9532170504865 40.7919669739962)
"-7,397,686,036,307","407,702,795,905",5C-PM-1010-09,05C,PM,10102018,9,Adult,Cinnamon,Gray,Cinnamon+Gray,,Ground Plane,FALSE,,TRUE,FALSE,FALSE,FALSE,FALSE,,FALSE,FALSE,FALSE,FALSE,FALSE,FALSE,FALSE,FALSE,,POINT (-73.9768603630674 40.7702795904962)
"-739,706,105,897","4,076,981,248,215",7H-AM-1006-05,07H,AM,10062018,5,Adult,Gray,Cinnamon,Gray+Cinnamon,,Above Ground,10,,FALSE,TRUE,FALSE,FALSE,FALSE,,FALSE,FALSE,FALSE,FALSE,FALSE,FALSE,TRUE,FALSE,,POINT (-73.9706105896967 40.7698124821507)
"-7,397,037,817,262","4,077,875,261,303",16C-PM-1018-03,16C,PM,10182018,3,Adult,Gray,"Cinnamon, White","Gray+Cinnamon, White",,Above Ground,6,,TRUE,FALSE,FALSE,TRUE,TRUE,,FALSE,FALSE,FALSE,FALSE,FALSE,FALSE,TRUE,FALSE,,POINT (-73.9703781726172 40.7787526130321)
"-7,397,039,252,105","407,765,032,005",14E-AM-1008-23,14E,AM,10082018,23,Adult,Gray,,Gray+,,Ground Plane,FALSE,,FALSE,FALSE,FALSE,FALSE,TRUE,walking,FALSE,FALSE,FALSE,FALSE,FALSE,FALSE,TRUE,FALSE,,POINT (-73.9703925210471 40.7765032004992)
"-7,396,381,794,397","4,079,241,732,639",32A-PM-1013-03,32A,PM,10132018,3,Juvenile,Gray,Cinnamon,Gray+Cinnamon,,Ground Plane,FALSE,,FALSE,FALSE,FALSE,TRUE,FALSE,,FALSE,FALSE,FALSE,FALSE,FALSE,FALSE,TRUE,FALSE,,POINT (-73.9638179439747 40.7924173263904)
"-7,395,840,709,747","4,079,138,124,906",33F-AM-1008-01,33F,AM,10082018,1,Adult,Gray,,Gray+,,Ground Plane,FALSE,,FALSE,FALSE,FALSE,FALSE,FALSE,moving slowly,FALSE,FALSE,FALSE,FALSE,FALSE,FALSE,TRUE,FALSE,,POINT (-73.9584070974734 40.7913812490557)
"-7,396,711,306,801","4,077,848,597,002",17F-AM-1007-07,17F,AM,10072018,7,Adult,Gray,White,Gray+White,,Above Ground,24,,TRUE,FALSE,FALSE,FALSE,FALSE,,FALSE,FALSE,FALSE,TRUE,FALSE,FALSE,TRUE,FALSE,,POINT (-73.9671130680114 40.7784859700171)
"-739,649,866,016","4,077,649,296,945",16I-AM-1008-01,16I,AM,10082018,1,Adult,Cinnamon,"Gray, White","Cinnamon+Gray, White",,Ground Plane,FALSE,,FALSE,FALSE,FALSE,FALSE,TRUE,,FALSE,FALSE,FALSE,FALSE,TRUE,FALSE,TRUE,FALSE,,POINT (-73.9649866016038 40.7764929694457)
"-7,396,706,285,582","4,077,349,914,209",12I-AM-1013-01,12I,AM,10132018,1,Adult,Cinnamon,White,Cinnamon+White,,Ground Plane,FALSE,on tree roots,FALSE,FALSE,FALSE,FALSE,FALSE,sitting,FALSE,FALSE,FALSE,FALSE,TRUE,FALSE,FALSE,TRUE,,POINT (-73.9670628558161 40.77349914209411)
"-7,395,873,659,311","4,079,085,243,706",32F-PM-1008-07,32F,PM,10082018,7,Adult,Gray,,Gray+,,Ground Plane,FALSE,,TRUE,TRUE,FALSE,FALSE,TRUE,,FALSE,FALSE,FALSE,FALSE,FALSE,FALSE,TRUE,FALSE,,POINT (-73.958736593111 40.7908524370626)
"-7,396,717,867,153","4,078,673,527,912",25A-AM-1013-04,25A,AM,10132018,4,,Gray,White,Gray+White,,Ground Plane,FALSE,,FALSE,FALSE,FALSE,FALSE,TRUE,,FALSE,FALSE,FALSE,FALSE,FALSE,FALSE,FALSE,TRUE,,POINT (-73.9671786715256 40.7867352791232)
"-7,396,929,432,916","4,077,695,361,025",15E-AM-1013-01,15E,AM,10132018,1,Adult,Gray,White,Gray+White,,Ground Plane,FALSE,,TRUE,FALSE,FALSE,FALSE,TRUE,,FALSE,FALSE,FALSE,FALSE,FALSE,FALSE,FALSE,FALSE,,POINT (-73.9692943291611 40.7769536102488)
"-7,395,400,541,005","4,079,524,459,998",39G-PM-1013-06,39G,PM,10132018,6,Adult,Gray,Cinnamon,Gray+Cinnamon,,Ground Plane,FALSE,,TRUE,FALSE,FALSE,FALSE,FALSE,,FALSE,FALSE,FALSE,FALSE,FALSE,FALSE,FALSE,FALSE,,POINT (-73.9540054100539 40.7952445999836)
"-7,395,765,301,573","4,078,686,594,904",29I-PM-1007-01,29I,PM,10072018,1,,Gray,Cinnamon,Gray+Cinnamon,,Ground Plane,FALSE,,FALSE,FALSE,FALSE,TRUE,TRUE,,FALSE,FALSE,FALSE,FALSE,FALSE,FALSE,FALSE,FALSE,,POINT (-73.9576530157255 40.7868659490397)
"-7,397,380,332,575","4,077,118,468,942",7E-AM-1006-02,07E,AM,10062018,2,Adult,Gray,,Gray+,,Ground Plane,FALSE,under a tree,FALSE,FALSE,FALSE,TRUE,FALSE,,FALSE,FALSE,FALSE,FALSE,FALSE,FALSE,FALSE,FALSE,,POINT (-73.9738033257473 40.7711846894166)
"-739,704,402,681","4,077,989,656,212",17C-PM-1013-05,17C,PM,10132018,5,Adult,Gray,,Gray+,,Ground Plane,FALSE,,FALSE,FALSE,FALSE,TRUE,FALSE,eating (ate upside down on a tree — #jealous),FALSE,FALSE,FALSE,FALSE,FALSE,FALSE,TRUE,FALSE,,POINT (-73.9704402681017 40.77989656212031)
"-7,397,569,760,767","4,077,538,973,319",10A-PM-1014-01,10A,PM,10142018,1,Adult,Gray,"Black, Cinnamon, White","Gray+Black, Cinnamon, White",Gray & White selected as Primary. Black & Cinnamon selected as Highlights. Made executive adjustments.,Ground Plane,FALSE,in b/w trees,FALSE,FALSE,FALSE,FALSE,TRUE,,FALSE,FALSE,FALSE,FALSE,TRUE,FALSE,TRUE,FALSE,,POINT (-73.9756976076707 40.7753897331918)
"-7,396,624,389,967","4,078,903,818,094",28A-PM-1007-05,28A,PM,10072018,5,Adult,Cinnamon,,Cinnamon+,,Ground Plane,FALSE,,TRUE,FALSE,FALSE,FALSE,TRUE,,FALSE,FALSE,FALSE,FALSE,TRUE,FALSE,FALSE,TRUE,,POINT (-73.9662438996681 40.7890381809441)
"-7,396,431,539,204","407,820,818,517",22F-PM-1014-05,22F,PM,10142018,5,Adult,Gray,Cinnamon,Gray+Cinnamon,,Ground Plane,FALSE,,FALSE,FALSE,FALSE,FALSE,FALSE,,FALSE,FALSE,FALSE,FALSE,FALSE,FALSE,FALSE,FALSE,,POINT (-73.9643153920428 40.7820818516957)
"-7,397,420,734,529","4,077,579,573,805",12B-AM-1007-01,12B,AM,10072018,1,Adult,Gray,Cinnamon,Gray+Cinnamon,,Ground Plane,FALSE,,FALSE,TRUE,FALSE,FALSE,FALSE,,FALSE,FALSE,FALSE,TRUE,FALSE,FALSE,TRUE,FALSE,,POINT (-73.9742073452913 40.7757957380463)
"-7,397,161,470,616","4,078,139,110,362",18A-PM-1018-01,18A,PM,10182018,1,Adult,Gray,,Gray+,,Above Ground,30,,FALSE,FALSE,TRUE,FALSE,FALSE,,FALSE,FALSE,FALSE,FALSE,FALSE,FALSE,FALSE,FALSE,,POINT (-73.9716147061553 40.7813911036179)
"-7,395,657,003,862","4,079,025,610,009",33H-AM-1019-02,33H,AM,10192018,2,Juvenile,Gray,Cinnamon,Gray+Cinnamon,,Ground Plane,FALSE,,FALSE,FALSE,FALSE,FALSE,FALSE,wrestling with mother,FALSE,FALSE,FALSE,FALSE,FALSE,FALSE,FALSE,FALSE,,POINT (-73.9565700386162 40.7902561000937)
"-7,395,354,106,571","4,079,287,117,601",36H-PM-1008-02,36H,PM,10082018,2,Adult,Gray,,Gray+,,Ground Plane,FALSE,,FALSE,FALSE,FALSE,FALSE,TRUE,,FALSE,FALSE,FALSE,FALSE,FALSE,FALSE,TRUE,FALSE,,POINT (-73.9535410657077 40.79287117600611)
"-7,396,391,592,984","407,891,774,638",29C-AM-1007-06,29C,AM,10072018,6,Adult,Gray,Cinnamon,Gray+Cinnamon,,Ground Plane,FALSE,,TRUE,FALSE,FALSE,FALSE,FALSE,,FALSE,FALSE,FALSE,FALSE,FALSE,FALSE,FALSE,TRUE,,POINT (-73.9639159298446 40.7891774637988)
"-7,395,795,643,386","407,959,337,795",38C-PM-1014-09,38C,PM,10142018,9,Adult,Black,,Black+,,Ground Plane,FALSE,,FALSE,FALSE,FALSE,TRUE,FALSE,,FALSE,FALSE,FALSE,FALSE,FALSE,TRUE,FALSE,FALSE,,POINT (-73.9579564338627 40.7959337795027)
"-7,395,746,480,975","4,078,925,084,286",31H-PM-1008-02,31H,PM,10082018,2,Juvenile,Gray,Cinnamon,Gray+Cinnamon,,Above Ground,8,,TRUE,FALSE,TRUE,FALSE,FALSE,,FALSE,FALSE,FALSE,FALSE,TRUE,FALSE,TRUE,FALSE,,POINT (-73.9574648097543 40.78925084286221)
"-7,397,025,267,533","4,077,059,995,882",8H-AM-1017-06,08H,AM,10172018,6,Adult,Gray,Cinnamon,Gray+Cinnamon,,Above Ground,6,,FALSE,TRUE,FALSE,TRUE,FALSE,,FALSE,FALSE,FALSE,FALSE,FALSE,FALSE,TRUE,FALSE,,POINT (-73.970252675331 40.77059995882221)
"-7,395,796,459,404","4,079,186,134,984",34F-AM-1007-01,34F,AM,10072018,1,Adult,Gray,White,Gray+White,,Above Ground,25,,TRUE,FALSE,TRUE,FALSE,FALSE,,FALSE,FALSE,FALSE,FALSE,FALSE,FALSE,FALSE,TRUE,,POINT (-73.9579645940414 40.7918613498407)
"-7,396,732,534,173","407,749,505,253",13H-PM-1010-02,13H,PM,10102018,2,Adult,Gray,,Gray+,,Above Ground,5,tree,FALSE,FALSE,FALSE,FALSE,TRUE,,FALSE,FALSE,FALSE,FALSE,FALSE,FALSE,TRUE,FALSE,,POINT (-73.9673253417305 40.7749505252981)
"-7,395,959,331,954","4,079,058,473,324",32E-AM-1007-13,32E,AM,10072018,13,Adult,Gray,,Gray+,,Above Ground,50,,FALSE,FALSE,TRUE,FALSE,FALSE,,FALSE,FALSE,FALSE,FALSE,FALSE,FALSE,FALSE,FALSE,,POINT (-73.9595933195409 40.7905847332369)
"-7,396,022,221,167","4,079,377,969,942",35C-AM-1007-05,35C,AM,10072018,5,Adult,Gray,,Gray+,,Above Ground,4,,FALSE,FALSE,TRUE,FALSE,FALSE,,FALSE,FALSE,FALSE,FALSE,FALSE,FALSE,FALSE,FALSE,,POINT (-73.9602222116708 40.793779699421)
"-7,396,026,099,208","4,079,428,830,456",35C-PM-1013-03,35C,PM,10132018,3,,Gray,Cinnamon,Gray+Cinnamon,,Ground Plane,FALSE,,FALSE,FALSE,FALSE,FALSE,TRUE,,FALSE,FALSE,FALSE,FALSE,FALSE,FALSE,FALSE,TRUE,,POINT (-73.9602609920814 40.79428830455661)
"-7,396,806,350,709","4,077,924,987,365",17E-AM-1017-05,17E,AM,10172018,5,Adult,Black,,Black+,,Above Ground,10,Branch,FALSE,FALSE,FALSE,FALSE,TRUE,,FALSE,FALSE,FALSE,FALSE,FALSE,FALSE,TRUE,FALSE,,POINT (-73.9680635070949 40.779249873647)
"-7,398,016,664,354","4,076,869,053,392",2B-PM-1013-01,02B,PM,10132018,1,Adult,Gray,White,Gray+White,,Ground Plane,FALSE,,TRUE,FALSE,FALSE,FALSE,FALSE,running (with nut),FALSE,FALSE,FALSE,FALSE,FALSE,FALSE,FALSE,FALSE,,POINT (-73.9801666435401 40.7686905339212)
"-7,396,756,343,269","4,078,134,773,525",19D-AM-1007-01,19D,AM,10072018,1,Juvenile,Gray,,Gray+,,Ground Plane,FALSE,,FALSE,FALSE,TRUE,TRUE,FALSE,,FALSE,FALSE,FALSE,FALSE,FALSE,FALSE,FALSE,FALSE,fenced off area can't approach,POINT (-73.9675634326877 40.7813477352507)
"-7,395,849,706,432","4,079,828,863,487",40B-AM-1019-03,40B,AM,10192018,3,Juvenile,Gray,White,Gray+White,,Ground Plane,FALSE,,TRUE,TRUE,FALSE,FALSE,FALSE,,FALSE,FALSE,FALSE,FALSE,TRUE,TRUE,FALSE,FALSE,,POINT (-73.9584970643213 40.7982886348696)
"-7,397,602,982,412","4,076,819,543,669",3E-PM-1008-07,03E,PM,10082018,7,Adult,Gray,Cinnamon,Gray+Cinnamon,,Ground Plane,FALSE,,FALSE,FALSE,FALSE,TRUE,TRUE,,FALSE,FALSE,FALSE,FALSE,FALSE,FALSE,TRUE,FALSE,,POINT (-73.9760298241178 40.7681954366911)
"-7,395,688,021,498","4,079,723,991,338",39C-PM-1006-01,39C,PM,10062018,1,Adult,Gray,,Gray+,,Ground Plane,FALSE,,TRUE,FALSE,FALSE,FALSE,TRUE,,FALSE,FALSE,FALSE,FALSE,FALSE,FALSE,TRUE,FALSE,,POINT (-73.9568802149818 40.7972399133816)
"-7,397,246,424,364","4,076,905,264,411",6G-AM-1008-02,06G,AM,10082018,2,Juvenile,Gray,,Gray+,,Ground Plane,FALSE,bush,FALSE,FALSE,FALSE,FALSE,TRUE,,FALSE,FALSE,FALSE,FALSE,FALSE,FALSE,TRUE,FALSE,,POINT (-73.9724642436394 40.7690526441109)
"-7,396,901,758,385","40,776,043,272",14F-AM-1007-05,14F,AM,10072018,5,Juvenile,Gray,Cinnamon,Gray+Cinnamon,,Ground Plane,FALSE,,FALSE,FALSE,FALSE,TRUE,FALSE,,FALSE,FALSE,FALSE,FALSE,FALSE,FALSE,TRUE,FALSE,,POINT (-73.9690175838534 40.7760432720017)
"-7,397,040,828,214","407,690,280,986",6I-PM-1013-06,06I,PM,10132018,6,Adult,Gray,Cinnamon,Gray+Cinnamon,,Ground Plane,FALSE,,FALSE,FALSE,FALSE,FALSE,FALSE,playing with #5,FALSE,FALSE,FALSE,FALSE,TRUE,FALSE,FALSE,FALSE,,POINT (-73.9704082821356 40.7690280985956)
"-7,396,849,107,123","40,776,881,164",15F-PM-1010-05,15F,PM,10102018,5,Adult,Gray,,Gray+,,Ground Plane,FALSE,,FALSE,FALSE,FALSE,FALSE,TRUE,,FALSE,FALSE,FALSE,FALSE,FALSE,FALSE,TRUE,FALSE,,POINT (-73.9684910712272 40.7768811640021)
"-7,397,686,748,129","4,077,352,326,489",8B-PM-1012-02,08B,PM,10122018,2,Adult,Gray,"Cinnamon, White","Gray+Cinnamon, White",,Ground Plane,FALSE,hiding in bushes,FALSE,FALSE,FALSE,FALSE,TRUE,,FALSE,FALSE,FALSE,FALSE,FALSE,FALSE,FALSE,TRUE,,POINT (-73.9768674812942 40.7735232648872)
"-7,397,970,848,666","4,076,988,852,413",3A-PM-1017-06,03A,PM,10172018,6,Adult,Gray,Cinnamon,Gray+Cinnamon,,Ground Plane,FALSE,,FALSE,FALSE,FALSE,FALSE,TRUE,,FALSE,FALSE,FALSE,FALSE,FALSE,FALSE,FALSE,TRUE,,POINT (-73.9797084866613 40.7698885241349)
"-7,395,281,926,798","4,079,231,304,028",36I-AM-1017-02,36I,AM,10172018,2,Adult,Gray,Cinnamon,Gray+Cinnamon,Cinnamon stripe on back,Ground Plane,FALSE,,FALSE,FALSE,FALSE,FALSE,TRUE,,FALSE,FALSE,FALSE,FALSE,FALSE,FALSE,TRUE,FALSE,,POINT (-73.952819267977 40.7923130402793)
"-7,397,456,300,385","4,076,926,026,287",5E-AM-1008-06,05E,AM,10082018,6,Adult,Cinnamon,White,Cinnamon+White,,Ground Plane,FALSE,,TRUE,FALSE,FALSE,FALSE,FALSE,,FALSE,FALSE,FALSE,FALSE,FALSE,TRUE,FALSE,FALSE,,POINT (-73.9745630038492 40.7692602628745)
"-7,395,950,023,395","4,079,033,657,887",32E-PM-1017-13,32E,PM,10172018,13,Adult,Gray,,Gray+,Nothing selected as Primary. Gray selected as Highlights. Made executive adjustments.,,,,FALSE,FALSE,FALSE,TRUE,TRUE,,FALSE,FALSE,FALSE,FALSE,FALSE,FALSE,TRUE,FALSE,,POINT (-73.9595002339508 40.7903365788694)
"-7,397,418,249,923","407,689,486,658",5F-PM-1007-03,05F,PM,10072018,3,Adult,Gray,Cinnamon,Gray+Cinnamon,,Ground Plane,FALSE,,FALSE,FALSE,FALSE,FALSE,FALSE,hiding nut,FALSE,FALSE,FALSE,FALSE,TRUE,FALSE,TRUE,FALSE,,POINT (-73.9741824992294 40.7689486657963)
"-7,397,492,439,012","4,077,613,935,518",11B-PM-1014-05,11B,PM,10142018,5,Adult,Gray,,Gray+,,Ground Plane,FALSE,,FALSE,FALSE,FALSE,FALSE,TRUE,,FALSE,FALSE,FALSE,FALSE,FALSE,FALSE,TRUE,FALSE,,POINT (-73.9749243901189 40.7761393551781)
"-7,396,838,132,556","4,077,801,434,438",16E-PM-1018-06,16E,PM,10182018,6,Adult,Cinnamon,Gray,Cinnamon+Gray,,Ground Plane,FALSE,On a rock,FALSE,FALSE,FALSE,FALSE,TRUE,,FALSE,FALSE,FALSE,FALSE,TRUE,FALSE,TRUE,FALSE,,POINT (-73.968381325559 40.7780143443779)
"-7,396,942,403,275","4,077,558,981,267",13F-AM-1007-02,13F,AM,10072018,2,Adult,Cinnamon,White,Cinnamon+White,,,,,FALSE,FALSE,FALSE,TRUE,TRUE,,FALSE,FALSE,FALSE,FALSE,FALSE,FALSE,TRUE,FALSE,,POINT (-73.96942403275091 40.7755898126674)
"-739,689,000,979","4,078,283,647,352",20B-PM-1013-10,20B,PM,10132018,10,Adult,Gray,White,Gray+White,,Ground Plane,FALSE,,FALSE,FALSE,FALSE,FALSE,TRUE,drank from a pond of rain water,FALSE,FALSE,FALSE,FALSE,FALSE,FALSE,TRUE,FALSE,,POINT (-73.9689000978955 40.7828364735236)
"-7,398,045,288,675","407,696,753,656",3A-PM-1017-05,03A,PM,10172018,5,Adult,Gray,Cinnamon,Gray+Cinnamon,,Ground Plane,FALSE,,FALSE,FALSE,FALSE,FALSE,TRUE,,FALSE,FALSE,FALSE,FALSE,FALSE,FALSE,FALSE,FALSE,,POINT (-73.9804528867547 40.76967536559861)
"-7,395,762,459,925","40,787,386,251",29H-PM-1006-01,29H,PM,10062018,1,Adult,Gray,,Gray+,,Above Ground,50,,FALSE,FALSE,TRUE,FALSE,FALSE,sitting,FALSE,FALSE,FALSE,FALSE,FALSE,FALSE,TRUE,FALSE,,POINT (-73.9576245992455 40.7873862510001)
"-7,396,660,079,356","4,078,450,981,316",23C-PM-1014-03,23C,PM,10142018,3,Adult,Gray,,Gray+,,Above Ground,8,,FALSE,TRUE,FALSE,FALSE,FALSE,chasing (#4 across trees),FALSE,FALSE,FALSE,FALSE,FALSE,FALSE,FALSE,FALSE,,POINT (-73.9666007935638 40.7845098131567)
"-7,396,148,483,609","4,079,226,455,219",33C-PM-1007-03,33C,PM,10072018,3,Adult,Gray,White,Gray+White,,Ground Plane,FALSE,,FALSE,FALSE,FALSE,FALSE,TRUE,,FALSE,FALSE,FALSE,FALSE,TRUE,FALSE,TRUE,FALSE,,POINT (-73.96148483609 40.7922645521905)
"-7,395,466,541,841","4,079,476,392,415",38G-PM-1020-09,38G,PM,10202018,9,Adult,Gray,"Cinnamon, White","Gray+Cinnamon, White",,Ground Plane,FALSE,,FALSE,FALSE,FALSE,TRUE,TRUE,,FALSE,FALSE,FALSE,TRUE,FALSE,FALSE,TRUE,FALSE,,POINT (-73.9546654184146 40.7947639241491)
"-7,396,671,140,272","4,077,688,047,025",16G-PM-1017-01,16G,PM,10172018,1,Adult,Gray,"Cinnamon, White","Gray+Cinnamon, White",,Ground Plane,FALSE,,FALSE,FALSE,FALSE,FALSE,TRUE,,FALSE,FALSE,FALSE,FALSE,FALSE,FALSE,TRUE,FALSE,,POINT (-73.9667114027214 40.7768804702473)
"-7,395,300,355,646","4,079,218,224,576",36I-PM-1007-07,36I,PM,10072018,7,Adult,Gray,,Gray+,,Ground Plane,FALSE,,FALSE,FALSE,FALSE,FALSE,TRUE,,FALSE,FALSE,FALSE,FALSE,FALSE,FALSE,TRUE,FALSE,,POINT (-73.9530035564643 40.7921822457613)
"-7,396,156,965,777","4,079,512,786,224",35A-AM-1014-03,35A,AM,10142018,3,Adult,Gray,White,Gray+White,,Ground Plane,FALSE,,FALSE,FALSE,FALSE,FALSE,TRUE,,FALSE,FALSE,FALSE,FALSE,FALSE,FALSE,TRUE,FALSE,,POINT (-73.9615696577673 40.7951278622399)
"-73,964,474,836","4,078,838,401,047",28C-PM-1006-01,28C,PM,10062018,1,Adult,Gray,Cinnamon,Gray+Cinnamon,,Ground Plane,FALSE,,FALSE,FALSE,FALSE,FALSE,FALSE,gathering acorns,FALSE,FALSE,FALSE,TRUE,FALSE,FALSE,FALSE,TRUE,gnd to tree,POINT (-73.964474836001 40.7883840104749)
"-7,396,107,055,929","4,079,148,296,611",32D-AM-1013-06,32D,AM,10132018,6,Adult,Cinnamon,,Cinnamon+,,Ground Plane,FALSE,,TRUE,FALSE,FALSE,TRUE,TRUE,"eating (a mushroom),circles around us,really fat,scratching himself,grooming activity",FALSE,FALSE,FALSE,FALSE,TRUE,TRUE,FALSE,FALSE,,POINT (-73.9610705592868 40.7914829661051)
"-7,396,884,544,836","4,078,453,012,882",22A-AM-1008-05,22A,AM,10082018,5,Adult,Gray,White,Gray+White,,Above Ground,3,trash can,FALSE,FALSE,FALSE,TRUE,FALSE,,FALSE,FALSE,FALSE,TRUE,FALSE,FALSE,FALSE,TRUE,,POINT (-73.9688454483585 40.7845301288163)
"-7,395,782,371,684","407,980,959,471",40B-PM-1014-06,40B,PM,10142018,6,Adult,Gray,Cinnamon,Gray+Cinnamon,,Ground Plane,FALSE,,TRUE,FALSE,FALSE,FALSE,FALSE,,FALSE,FALSE,FALSE,FALSE,FALSE,FALSE,TRUE,FALSE,,POINT (-73.9578237168359 40.7980959471034)
"-7,396,882,712,024","4,078,097,194,453",19C-PM-1018-01,19C,PM,10182018,1,Adult,Gray,White,Gray+White,,Ground Plane,FALSE,,TRUE,TRUE,FALSE,TRUE,FALSE,,FALSE,FALSE,FALSE,FALSE,TRUE,FALSE,TRUE,FALSE,,POINT (-73.9688271202401 40.7809719445309)
"-7,396,170,887,499","4,079,445,850,824",35A-PM-1013-06,35A,PM,10132018,6,Adult,Cinnamon,,Cinnamon+,,Ground Plane,FALSE,,TRUE,FALSE,FALSE,FALSE,FALSE,,FALSE,FALSE,FALSE,FALSE,FALSE,FALSE,FALSE,TRUE,,POINT (-73.9617088749928 40.7944585082367)
"-7,397,018,248,259","4,077,665,305,793",14E-AM-1008-09,14E,AM,10082018,9,Adult,Gray,,Gray+,,Ground Plane,FALSE,,TRUE,TRUE,FALSE,FALSE,FALSE,,TRUE,FALSE,FALSE,FALSE,FALSE,FALSE,FALSE,TRUE,,POINT (-73.9701824825872 40.7766530579293)
"-7,396,764,104,975","407,766,043,513",15G-PM-1019-05,15G,PM,10192018,5,Adult,Gray,Cinnamon,Gray+Cinnamon,,Above Ground,4,,FALSE,FALSE,TRUE,FALSE,FALSE,,FALSE,FALSE,FALSE,FALSE,FALSE,FALSE,FALSE,FALSE,,POINT (-73.9676410497481 40.7766043512974)
"-7,397,087,260,507","4,077,235,720,302",10F-AM-1007-02,10F,AM,10072018,2,Adult,Gray,,Gray+,,Above Ground,70,,FALSE,FALSE,TRUE,FALSE,FALSE,,FALSE,FALSE,FALSE,FALSE,FALSE,FALSE,FALSE,FALSE,,POINT (-73.9708726050721 40.7723572030236)
"-7,395,414,534,658","4,079,821,622,238",42E-PM-1012-06,42E,PM,10122018,6,Adult,Cinnamon,"Gray, White","Cinnamon+Gray, White",,Ground Plane,FALSE,,TRUE,FALSE,FALSE,FALSE,TRUE,,FALSE,FALSE,FALSE,FALSE,FALSE,FALSE,FALSE,TRUE,,POINT (-73.9541453465817 40.79821622237641)
"-739,683,608,296","4,078,429,274,053",22B-AM-1013-04,22B,AM,10132018,4,Adult,Cinnamon,,Cinnamon+,,Ground Plane,FALSE,Under bench,FALSE,FALSE,FALSE,FALSE,TRUE,,FALSE,FALSE,FALSE,FALSE,FALSE,FALSE,FALSE,TRUE,ran from dog-walker,POINT (-73.9683608295976 40.7842927405327)
"-7,396,805,205,799","4,077,733,866,653",15F-PM-1010-06,15F,PM,10102018,6,Adult,Gray,,Gray+,,Ground Plane,FALSE,,FALSE,FALSE,FALSE,FALSE,TRUE,,FALSE,FALSE,FALSE,FALSE,FALSE,FALSE,TRUE,FALSE,,POINT (-73.968052057989 40.777338666528)
"-7,397,871,808,707","4,077,158,778,633",5A-AM-1006-05,05A,AM,10062018,5,Adult,Gray,Cinnamon,Gray+Cinnamon,,Ground Plane,FALSE,near 65th St arch,FALSE,FALSE,FALSE,FALSE,TRUE,,FALSE,FALSE,FALSE,TRUE,FALSE,FALSE,FALSE,TRUE,,POINT (-73.9787180870736 40.7715877863274)
"-7,395,659,058,683","4,078,956,540,685",32H-PM-1006-01,32H,PM,10062018,1,,Gray,,Gray+,,Above Ground,,in the European Beech,FALSE,FALSE,TRUE,FALSE,FALSE,,FALSE,FALSE,FALSE,FALSE,FALSE,FALSE,FALSE,FALSE,,POINT (-73.9565905868276 40.7895654068546)
"-7,395,657,597,336","4,079,924,616,748",42C-AM-1007-02,42C,AM,10072018,2,,,,+,,,,,FALSE,FALSE,FALSE,FALSE,FALSE,,FALSE,TRUE,FALSE,FALSE,FALSE,FALSE,FALSE,FALSE,,POINT (-73.9565759733611 40.7992461674802)
"-7,395,515,394,983","4,079,873,846,563",41D-AM-1014-01,41D,AM,10142018,1,Adult,Gray,Black,Gray+Black,,Ground Plane,FALSE,,FALSE,FALSE,FALSE,FALSE,TRUE,digging,FALSE,FALSE,FALSE,FALSE,FALSE,FALSE,TRUE,FALSE,,POINT (-73.9551539498306 40.7987384656256)
"-739,641,971,814","4,078,135,379,594",21G-PM-1007-01,21G,PM,10072018,1,Adult,Gray,Cinnamon,Gray+Cinnamon,,Ground Plane,FALSE,,FALSE,FALSE,FALSE,TRUE,FALSE,,FALSE,FALSE,FALSE,TRUE,FALSE,FALSE,TRUE,FALSE,,POINT (-73.9641971813967 40.7813537959435)
"-7,396,928,839,709","4,077,685,537,031",14E-AM-1008-02,14E,AM,10082018,2,Adult,Gray,,Gray+,,Ground Plane,FALSE,,TRUE,FALSE,FALSE,FALSE,TRUE,walking,FALSE,FALSE,FALSE,FALSE,FALSE,FALSE,FALSE,TRUE,,POINT (-73.9692883970928 40.7768553703082)
"-7,397,085,496,708","4,076,995,870,191",7H-PM-1006-04,07H,PM,10062018,4,Adult,Gray,,Gray+,,Above Ground,12,on tree knob,FALSE,FALSE,FALSE,FALSE,FALSE,sitting,FALSE,FALSE,FALSE,FALSE,FALSE,FALSE,TRUE,FALSE,,POINT (-73.9708549670788 40.7699587019058)
"-7,396,397,440,056","4,078,251,119,508",22F-AM-1007-01,22F,AM,10072018,1,Adult,Gray,Cinnamon,Gray+Cinnamon,,Ground Plane,FALSE,,FALSE,FALSE,TRUE,FALSE,TRUE,,FALSE,FALSE,FALSE,FALSE,FALSE,FALSE,TRUE,FALSE,,POINT (-73.9639744005647 40.7825111950764)
"-7,397,302,779,114","4,077,121,454,888",7F-AM-1008-16,07F,AM,10082018,16,Juvenile,Gray,,Gray+,,Above Ground,2,tree,FALSE,FALSE,FALSE,FALSE,FALSE,,FALSE,FALSE,FALSE,FALSE,FALSE,FALSE,FALSE,TRUE,,POINT (-73.9730277911422 40.7712145488828)
"-7,397,105,414,057","4,077,246,916,057",10F-PM-1019-05,10F,PM,10192018,5,Adult,Black,,Black+,,Above Ground,10,"Behind fence, tree",FALSE,FALSE,TRUE,FALSE,FALSE,,FALSE,FALSE,FALSE,FALSE,FALSE,FALSE,TRUE,FALSE,,POINT (-73.9710541405708 40.7724691605718)
"-7,397,615,925,325","4,077,472,135,854",10A-AM-1006-04,10A,AM,10062018,4,Juvenile,Gray,,Gray+,,Above Ground,10,tree near large rock on Bridle Path,FALSE,FALSE,FALSE,FALSE,FALSE,walking on branch,FALSE,FALSE,FALSE,FALSE,TRUE,FALSE,FALSE,FALSE,,POINT (-73.9761592532482 40.7747213585387)
"-7,395,440,076,587","4,079,506,897,231",38F-PM-1013-05,38F,PM,10132018,5,Juvenile,Gray,Cinnamon,Gray+Cinnamon,,Ground Plane,FALSE,,FALSE,FALSE,FALSE,FALSE,TRUE,"being chased,was pushed by other squirrel",TRUE,TRUE,FALSE,FALSE,FALSE,FALSE,FALSE,FALSE,,POINT (-73.9544007658685 40.7950689723135)
"-7,395,759,861,614","4,079,936,813,497",41B-PM-1014-01,41B,PM,10142018,1,Adult,Gray,White,Gray+White,,Above Ground,25,Climbing tree,FALSE,FALSE,TRUE,FALSE,FALSE,climbing (tree),FALSE,FALSE,FALSE,FALSE,FALSE,FALSE,FALSE,TRUE,,POINT (-73.9575986161364 40.799368134968)
"-7,396,077,013,704","4,079,554,189,909",36A-PM-1013-07,36A,PM,10132018,7,,Gray,,Gray+,,Ground Plane,FALSE,"""FIELD""",FALSE,TRUE,FALSE,FALSE,FALSE,chasing #8,FALSE,FALSE,FALSE,FALSE,FALSE,FALSE,FALSE,TRUE,,POINT (-73.9607701370443 40.7955418990855)
"-739,764,036,523","4,077,058,461,851",5C-AM-1006-05,05C,AM,10062018,5,Adult,Gray,"Cinnamon, White","Gray+Cinnamon, White",,Ground Plane,FALSE,,FALSE,FALSE,FALSE,FALSE,TRUE,,FALSE,FALSE,FALSE,FALSE,FALSE,FALSE,TRUE,FALSE,,POINT (-73.9764036522984 40.7705846185121)
"-7,395,892,495,552","407,908,193,285",32E-PM-1017-03,32E,PM,10172018,3,Adult,Gray,,Gray+,,Above Ground,2,bottom of tree,FALSE,FALSE,FALSE,TRUE,FALSE,still,FALSE,FALSE,FALSE,FALSE,FALSE,FALSE,TRUE,FALSE,,POINT (-73.9589249555235 40.7908193284981)
"-7,396,346,234,188","4,079,176,854,045",31A-PM-1017-04,31A,PM,10172018,4,Adult,Gray,White,Gray+White,,Ground Plane,FALSE,,FALSE,FALSE,FALSE,TRUE,TRUE,,FALSE,FALSE,FALSE,FALSE,FALSE,FALSE,FALSE,FALSE,,POINT (-73.9634623418761 40.7917685404482)
"-7,395,211,101,549","4,079,784,491,433",42G-AM-1018-03,42G,AM,10182018,3,Adult,Gray,Cinnamon,Gray+Cinnamon,,Ground Plane,FALSE,,TRUE,FALSE,FALSE,FALSE,FALSE,stop to look at me—then ran,FALSE,FALSE,FALSE,FALSE,FALSE,FALSE,FALSE,TRUE,,POINT (-73.9521110154872 40.7978449143313)
"-7,395,748,090,282","4,079,500,136,202",37D-PM-1014-04,37D,PM,10142018,4,Adult,Gray,,Gray+,,Ground Plane,FALSE,,FALSE,TRUE,FALSE,FALSE,TRUE,chasing (a chipmunk),FALSE,FALSE,FALSE,FALSE,FALSE,FALSE,FALSE,TRUE,,POINT (-73.9574809028248 40.7950013620207)
"-7,395,704,377,177","407,948,509,408",37E-PM-1006-03,37E,PM,10062018,3,Adult,Gray,Cinnamon,Gray+Cinnamon,,Ground Plane,FALSE,,TRUE,FALSE,FALSE,FALSE,FALSE,,FALSE,FALSE,FALSE,FALSE,FALSE,FALSE,FALSE,TRUE,me,POINT (-73.9570437717691 40.794850940803904)
"-7,396,709,759,271","4,078,541,193,425",24B-AM-1013-01,24B,AM,10132018,1,,Gray,,Gray+,,Above Ground,50,,TRUE,FALSE,FALSE,TRUE,FALSE,took nut to bury,FALSE,FALSE,FALSE,FALSE,TRUE,FALSE,FALSE,TRUE,,POINT (-73.967097592707 40.7854119342538)
"-7,397,113,187,903","4,077,019,415,503",7G-AM-1010-02,07G,AM,10102018,2,Adult,Gray,,Gray+,,Above Ground,3,,TRUE,FALSE,FALSE,FALSE,FALSE,,FALSE,FALSE,FALSE,FALSE,TRUE,FALSE,FALSE,TRUE,,POINT (-73.9711318790279 40.7701941550273)
"-7,397,632,433,838","4,077,054,093,157",5C-PM-1010-13,05C,PM,10102018,13,Adult,Gray,White,Gray+White,,Above Ground,20,way up a tree!,FALSE,FALSE,TRUE,FALSE,FALSE,,FALSE,FALSE,FALSE,FALSE,FALSE,FALSE,FALSE,FALSE,,POINT (-73.9763243383771 40.7705409315703)
"-7,396,517,544,644","4,077,551,819,416",15I-AM-1008-01,15I,AM,10082018,1,Adult,Gray,Cinnamon,Gray+Cinnamon,,Above Ground,7,tree,FALSE,FALSE,TRUE,TRUE,FALSE,,FALSE,FALSE,FALSE,FALSE,FALSE,FALSE,TRUE,FALSE,,POINT (-73.9651754464439 40.7755181941559)
"-7,397,001,006,176","4,078,157,399,594",19B-PM-1018-01,19B,PM,10182018,1,Adult,Gray,"Black, Cinnamon, White","Gray+Black, Cinnamon, White",,Above Ground,20,,TRUE,FALSE,FALSE,FALSE,FALSE,flying,FALSE,FALSE,FALSE,FALSE,FALSE,FALSE,FALSE,FALSE,,POINT (-73.9700100617602 40.7815739959357)
"-7,397,190,561,821","4,077,623,854,706",13D-PM-1018-10,13D,PM,10182018,10,Adult,Gray,"Cinnamon, White","Gray+Cinnamon, White",,Ground Plane,FALSE,,FALSE,FALSE,FALSE,FALSE,TRUE,,FALSE,FALSE,FALSE,FALSE,TRUE,FALSE,TRUE,FALSE,,POINT (-73.971905618214 40.776238547063)
"-7,395,300,409,236","4,079,228,961,769",36I-PM-1007-10,36I,PM,10072018,10,Juvenile,Gray,White,Gray+White,,Ground Plane,FALSE,,FALSE,FALSE,FALSE,TRUE,FALSE,stole (found?) an entire sandwich,FALSE,FALSE,FALSE,FALSE,FALSE,FALSE,TRUE,FALSE,,POINT (-73.9530040923555 40.7922896176936)
"-7,395,720,937,605","4,079,884,873,002",41B-AM-1010-06,41B,AM,10102018,6,Adult,Gray,"Cinnamon, White","Gray+Cinnamon, White",,Above Ground,6,,FALSE,FALSE,TRUE,FALSE,FALSE,,FALSE,FALSE,FALSE,FALSE,FALSE,FALSE,FALSE,FALSE,,POINT (-73.9572093760529 40.7988487300216)
"-739,607,746,338","4,079,395,810,694",35B-AM-1010-01,35B,AM,10102018,1,Adult,Gray,,Gray+,,Ground Plane,FALSE,lawn,FALSE,FALSE,FALSE,FALSE,FALSE,walking w/ something in mouth,FALSE,FALSE,FALSE,FALSE,FALSE,FALSE,TRUE,FALSE,,POINT (-73.9607746337979 40.793958106938206)
"-7,395,663,460,465","4,079,739,233,965",40D-PM-1013-01,40D,PM,10132018,1,Adult,Gray,Cinnamon,Gray+Cinnamon,,Ground Plane,FALSE,,TRUE,FALSE,FALSE,FALSE,FALSE,,FALSE,FALSE,FALSE,FALSE,FALSE,FALSE,FALSE,FALSE,,POINT (-73.9566346046453 40.7973923396512)
"-7,395,920,388,877","4,079,638,267,538",38B-PM-1018-02,38B,PM,10182018,2,Adult,Gray,"Cinnamon, White","Gray+Cinnamon, White",,Ground Plane,FALSE,,FALSE,FALSE,FALSE,FALSE,TRUE,burying nut,FALSE,FALSE,FALSE,FALSE,FALSE,FALSE,FALSE,FALSE,,POINT (-73.9592038887673 40.796382675378)
"-7,395,111,187,111","4,079,508,133,459",40I-AM-1018-01,40I,AM,10182018,1,Adult,Cinnamon,,Cinnamon+,,Ground Plane,FALSE,,TRUE,FALSE,FALSE,FALSE,TRUE,begging,FALSE,FALSE,FALSE,FALSE,FALSE,FALSE,FALSE,FALSE,,POINT (-73.9511118711108 40.7950813345902)
"-7,397,699,397,964","407,729,537,573",7B-AM-1008-10,07B,AM,10082018,10,Adult,Gray,,Gray+,,Ground Plane,FALSE,,FALSE,FALSE,FALSE,FALSE,TRUE,,FALSE,FALSE,FALSE,FALSE,FALSE,FALSE,TRUE,FALSE,,POINT (-73.9769939796382 40.7729537573035)
"-7,397,125,278,095","4,077,633,103,926",13D-AM-1014-08,13D,AM,10142018,8,Adult,Gray,Cinnamon,Gray+Cinnamon,Gray & Cinnamon selected as Primary. Cinnamon selected as Highlights. Made executive adjustments.,Ground Plane,FALSE,,FALSE,FALSE,FALSE,FALSE,TRUE,,FALSE,FALSE,FALSE,FALSE,FALSE,FALSE,FALSE,TRUE,,POINT (-73.9712527809516 40.7763310392591)
"-7,396,711,470,901","4,077,726,246,411",16G-AM-1010-03,16G,AM,10102018,3,Adult,Gray,White,Gray+White,,Ground Plane,FALSE,,FALSE,FALSE,FALSE,FALSE,TRUE,was hanging out w/ #2 until i showed up,TRUE,FALSE,FALSE,FALSE,FALSE,FALSE,FALSE,TRUE,,POINT (-73.9671147090087 40.7772624641112)
"-7,395,886,602,502","4,079,825,979,475",40A-AM-1010-03,40A,AM,10102018,3,Adult,Gray,Cinnamon,Gray+Cinnamon,,Ground Plane,FALSE,bottom of great hill,FALSE,FALSE,FALSE,TRUE,TRUE,,FALSE,FALSE,FALSE,TRUE,FALSE,FALSE,TRUE,TRUE,dog chased,POINT (-73.9588660250232 40.7982597947515)
"-7,396,516,015,418","407,761,841,788",15I-PM-1012-07,15I,PM,10122018,7,Adult,Cinnamon,,Cinnamon+,,Ground Plane,FALSE,,TRUE,FALSE,FALSE,FALSE,TRUE,,FALSE,FALSE,FALSE,FALSE,FALSE,FALSE,FALSE,FALSE,,POINT (-73.9651601541795 40.7761841788025)
"-7,397,921,554,737","4,076,937,117,999",3B-PM-1007-11,03B,PM,10072018,11,Adult,Gray,,Gray+,,Above Ground,5,in tree,FALSE,FALSE,TRUE,FALSE,FALSE,,FALSE,FALSE,FALSE,FALSE,FALSE,FALSE,FALSE,FALSE,,POINT (-73.9792155473689 40.7693711799946)
"-7,396,641,005,044","4,078,287,788,923",21D-AM-1008-02,21D,AM,10082018,2,Adult,Gray,,Gray+,,Ground Plane,FALSE,,FALSE,FALSE,FALSE,FALSE,TRUE,,FALSE,FALSE,FALSE,FALSE,TRUE,FALSE,TRUE,FALSE,,POINT (-73.9664100504436 40.7828778892276)
"-7,397,462,290,946","407,748,467,062",10B-PM-1014-05,10B,PM,10142018,5,Adult,Gray,White,Gray+White,,Ground Plane,FALSE,,FALSE,FALSE,FALSE,TRUE,TRUE,,FALSE,FALSE,FALSE,FALSE,TRUE,FALSE,FALSE,FALSE,avoided people,POINT (-73.9746229094643 40.7748467061969)
"-7,397,050,929,589","407,761,092,973",13E-PM-1008-07,13E,PM,10082018,7,Adult,Gray,,Gray+,,Ground Plane,FALSE,,FALSE,FALSE,FALSE,TRUE,TRUE,,FALSE,FALSE,FALSE,FALSE,FALSE,FALSE,TRUE,FALSE,,POINT (-73.9705092958892 40.7761092972965)
"-7,395,816,559,494","40,799,770,819",41A-PM-1007-06,41A,PM,10072018,6,Adult,Black,,Black+,,Ground Plane,FALSE,,TRUE,FALSE,TRUE,TRUE,FALSE,,FALSE,FALSE,FALSE,FALSE,FALSE,FALSE,FALSE,TRUE,,POINT (-73.9581655949437 40.7997708190022)
"-7,397,555,607,862","4,076,629,923,176",2F-AM-1006-05,02F,AM,10062018,5,Adult,Gray,"Cinnamon, White","Gray+Cinnamon, White",,Ground Plane,FALSE,,FALSE,FALSE,FALSE,FALSE,TRUE,,FALSE,FALSE,FALSE,FALSE,FALSE,FALSE,FALSE,FALSE,curious but shy,POINT (-73.9755560786227 40.7662992317575)
"-739,696,433,534","4,078,282,080,838",20B-AM-1007-01,20B,AM,10072018,1,Adult,Gray,Cinnamon,Gray+Cinnamon,,Ground Plane,FALSE,,FALSE,FALSE,FALSE,FALSE,TRUE,quietly,FALSE,FALSE,FALSE,FALSE,FALSE,FALSE,TRUE,FALSE,,POINT (-73.9696433533986 40.7828208083804)
"-739,664,711,607","4,078,789,642,877",26A-PM-1006-06,26A,PM,10062018,6,Adult,Gray,Cinnamon,Gray+Cinnamon,,Ground Plane,FALSE,Tree 90th left 90th & 89,FALSE,FALSE,TRUE,FALSE,FALSE,,FALSE,FALSE,FALSE,TRUE,FALSE,FALSE,FALSE,FALSE,studying us looking for food,POINT (-73.9664711607022 40.787896428768)
"-7,395,759,438,156","4,079,337,552,668",35E-PM-1006-07,35E,PM,10062018,7,Adult,Gray,,Gray+,,Ground Plane,FALSE,,FALSE,FALSE,FALSE,FALSE,TRUE,,FALSE,FALSE,FALSE,FALSE,FALSE,FALSE,TRUE,TRUE,,POINT (-73.9575943815564 40.7933755266787)
"-7,396,941,681,186","407,728,877,378",11G-PM-1013-01,11G,PM,10132018,1,Adult,Gray,Cinnamon,Gray+Cinnamon,,Above Ground,5,In the Woods/Brush,FALSE,FALSE,TRUE,FALSE,TRUE,,FALSE,FALSE,FALSE,FALSE,FALSE,FALSE,FALSE,TRUE,watching me,POINT (-73.9694168118643 40.7728877377977)
"-7,395,286,825,078","4,079,258,078,083",36I-PM-1007-13,36I,PM,10072018,13,Adult,Gray,Cinnamon,Gray+Cinnamon,,Ground Plane,FALSE,,FALSE,FALSE,FALSE,TRUE,FALSE,,FALSE,FALSE,FALSE,FALSE,TRUE,TRUE,FALSE,FALSE,,POINT (-73.9528682507794 40.7925807808307)
"-7,397,824,171,151","4,077,246,650,364",7A-AM-1006-01,07A,AM,10062018,1,Adult,Gray,White,Gray+White,,Above Ground,10,in tree,FALSE,FALSE,FALSE,FALSE,TRUE,,FALSE,TRUE,FALSE,FALSE,TRUE,FALSE,FALSE,FALSE,looked at us,POINT (-73.9782417115139 40.7724665036447)
"-7,397,214,429,398","4,077,007,508,023",7G-PM-1018-03,07G,PM,10182018,3,Adult,Gray,,Gray+,,Ground Plane,FALSE,,FALSE,FALSE,FALSE,FALSE,TRUE,,FALSE,FALSE,FALSE,FALSE,FALSE,FALSE,FALSE,FALSE,,POINT (-73.9721442939797 40.7700750802317)
"-7,396,984,738,087","4,077,698,846,123",14E-AM-1008-05,14E,AM,10082018,5,Adult,Gray,,Gray+,,Above Ground,25,,FALSE,FALSE,TRUE,FALSE,FALSE,nest building,FALSE,FALSE,FALSE,FALSE,FALSE,FALSE,TRUE,FALSE,,POINT (-73.969847380865 40.7769884612305)
"-7,397,686,527,857","4,076,848,381,682",3D-PM-1010-03,03D,PM,10102018,3,Adult,Cinnamon,White,Cinnamon+White,,Ground Plane,FALSE,,FALSE,FALSE,FALSE,FALSE,FALSE,,FALSE,FALSE,FALSE,FALSE,FALSE,FALSE,FALSE,FALSE,,POINT (-73.97686527856641 40.7684838168207)
"-7,395,909,928,414","4,079,375,809,857",35D-PM-1013-09,35D,PM,10132018,9,Adult,Gray,White,Gray+White,,Ground Plane,FALSE,,FALSE,FALSE,FALSE,FALSE,TRUE,,FALSE,FALSE,FALSE,FALSE,FALSE,FALSE,TRUE,FALSE,,POINT (-73.9590992841423 40.793758098573)
"-7,397,240,639,868","407,705,711,898",7F-PM-1012-01,07F,PM,10122018,1,Adult,Gray,,Gray+,,Ground Plane,FALSE,,TRUE,FALSE,FALSE,FALSE,FALSE,,FALSE,FALSE,FALSE,FALSE,FALSE,FALSE,TRUE,FALSE,,POINT (-73.9724063986771 40.7705711897977)
"-7,396,613,613,107","4,077,878,725,612",18G-PM-1013-01,18G,PM,10132018,1,Adult,Gray,White,Gray+White,,Ground Plane,FALSE,,FALSE,FALSE,FALSE,TRUE,TRUE,burying,FALSE,FALSE,FALSE,FALSE,FALSE,FALSE,FALSE,TRUE,,POINT (-73.9661361310677 40.7787872561177)
"-7,397,307,506,012","4,077,013,042,119",6F-PM-1008-01,06F,PM,10082018,1,Adult,Gray,Cinnamon,Gray+Cinnamon,,Above Ground,10,,FALSE,TRUE,FALSE,FALSE,FALSE,,FALSE,FALSE,FALSE,FALSE,FALSE,FALSE,FALSE,FALSE,,POINT (-73.9730750601212 40.7701304211944)
"-7,397,197,067,061","4,077,208,681,245",9F-AM-1013-04,09F,AM,10132018,4,Adult,Gray,Cinnamon,Gray+Cinnamon,,Ground Plane,FALSE,,FALSE,FALSE,FALSE,FALSE,TRUE,,FALSE,FALSE,FALSE,FALSE,FALSE,FALSE,FALSE,FALSE,,POINT (-73.971970670614 40.7720868124544)
"-7,395,621,174,551","4,079,510,443,782",38E-AM-1010-09,38E,AM,10102018,9,Adult,Gray,Cinnamon,Gray+Cinnamon,,Ground Plane,FALSE,,FALSE,FALSE,FALSE,FALSE,TRUE,,FALSE,FALSE,FALSE,FALSE,FALSE,FALSE,TRUE,FALSE,,POINT (-73.95621174551 40.7951044378207)
"-7,395,640,236,266","4,079,054,235,462",33G-AM-1013-02,33G,AM,10132018,2,Adult,Gray,,Gray+,,Above Ground,13,shelter in hole in tree,FALSE,FALSE,TRUE,FALSE,FALSE,,FALSE,FALSE,FALSE,FALSE,FALSE,FALSE,TRUE,TRUE,,POINT (-73.9564023626619 40.7905423546155)
"-7,395,326,201,283","407,952,475,548",39G-AM-1018-01,39G,AM,10182018,1,Adult,Gray,Cinnamon,Gray+Cinnamon,,Ground Plane,FALSE,,FALSE,FALSE,FALSE,FALSE,FALSE,dead (something ran over it),FALSE,FALSE,FALSE,FALSE,FALSE,FALSE,FALSE,FALSE,,POINT (-73.9532620128307 40.7952475548048)
"-7,395,763,493,214","4,079,044,099,124",32G-PM-1013-03,32G,PM,10132018,3,Juvenile,Gray,Cinnamon,Gray+Cinnamon,Cinnamon belly,Ground Plane,FALSE,,FALSE,FALSE,FALSE,FALSE,TRUE,,FALSE,FALSE,FALSE,FALSE,FALSE,FALSE,TRUE,FALSE,,POINT (-73.9576349321357 40.7904409912437)
"-7,397,634,308,293","4,076,863,510,972",4D-PM-1008-11,04D,PM,10082018,11,Adult,Cinnamon,"Gray, White","Cinnamon+Gray, White",,Above Ground,3,on tree facing downward,FALSE,TRUE,FALSE,FALSE,FALSE,chased #12,TRUE,FALSE,FALSE,TRUE,FALSE,FALSE,FALSE,TRUE,,POINT (-73.9763430829342 40.7686351097159)
"-7,397,147,891,368","4,076,948,866,452",6H-AM-1008-01,06H,AM,10082018,1,Adult,Cinnamon,"Gray, White","Cinnamon+Gray, White",,Ground Plane,FALSE,,FALSE,FALSE,FALSE,TRUE,FALSE,,FALSE,FALSE,FALSE,FALSE,FALSE,FALSE,FALSE,FALSE,,POINT (-73.9714789136757 40.7694886645194)
"-7,397,551,337,107","407,697,883,436",5E-AM-1008-08,05E,AM,10082018,8,Adult,Gray,,Gray+,,Ground Plane,FALSE,,TRUE,FALSE,FALSE,FALSE,FALSE,,FALSE,FALSE,FALSE,FALSE,FALSE,FALSE,TRUE,FALSE,,POINT (-73.9755133710665 40.7697883435981)
"-7,397,023,489,828","4,077,732,954,191",15D-PM-1017-01,15D,PM,10172018,1,Adult,Gray,Cinnamon,Gray+Cinnamon,,Ground Plane,FALSE,,FALSE,FALSE,FALSE,FALSE,TRUE,,FALSE,FALSE,FALSE,FALSE,FALSE,FALSE,TRUE,FALSE,,POINT (-73.9702348982803 40.7773295419104)
"-7,396,860,560,853","4,077,816,584,249",16E-AM-1014-03,16E,AM,10142018,3,Adult,Gray,Cinnamon,Gray+Cinnamon,,Ground Plane,FALSE,,FALSE,FALSE,FALSE,TRUE,TRUE,,FALSE,FALSE,FALSE,FALSE,FALSE,TRUE,FALSE,FALSE,,POINT (-73.9686056085297 40.7781658424866)
"-7,395,221,423,604","4,079,495,984,867",39H-PM-1013-02,39H,PM,10132018,2,Juvenile,Gray,"Cinnamon, White","Gray+Cinnamon, White",,Ground Plane,FALSE,,FALSE,FALSE,FALSE,FALSE,TRUE,,FALSE,FALSE,FALSE,FALSE,TRUE,FALSE,TRUE,FALSE,,POINT (-73.9522142360388 40.7949598486683)
"-7,395,765,899,975","4,079,727,518,774",39C-PM-1006-02,39C,PM,10062018,2,Adult,Gray,,Gray+,,Above Ground,50,,FALSE,FALSE,TRUE,FALSE,FALSE,,FALSE,FALSE,FALSE,FALSE,FALSE,FALSE,FALSE,FALSE,unaware of,POINT (-73.95765899974931 40.7972751877447)
"-7,396,379,468,787","4,079,157,004,469",31A-AM-1010-04,31A,AM,10102018,4,Adult,Gray,White,Gray+White,,Ground Plane,FALSE,,FALSE,FALSE,FALSE,FALSE,TRUE,,FALSE,FALSE,FALSE,FALSE,TRUE,FALSE,FALSE,FALSE,,POINT (-73.9637946878735 40.7915700446878)
"-739,710,991,124","4,077,238,897,266",9F-PM-1014-02,09F,PM,10142018,2,Adult,Gray,Cinnamon,Gray+Cinnamon,,Ground Plane,FALSE,,FALSE,FALSE,FALSE,TRUE,FALSE,,FALSE,FALSE,FALSE,FALSE,FALSE,FALSE,TRUE,FALSE,,POINT (-73.9710991123992 40.7723889726647)
"-7,396,382,703,313","4,078,104,500,652",21G-PM-1007-02,21G,PM,10072018,2,Adult,Gray,,Gray+,,Ground Plane,FALSE,,FALSE,FALSE,FALSE,TRUE,FALSE,,FALSE,FALSE,FALSE,TRUE,FALSE,FALSE,FALSE,TRUE,,POINT (-73.9638270331336 40.7810450065235)
"-7,397,560,150,058","4,076,700,903,277",2F-AM-1006-01,02F,AM,10062018,1,Adult,Gray,Cinnamon,Gray+Cinnamon,,Ground Plane,FALSE,walking along path,FALSE,FALSE,FALSE,FALSE,TRUE,,FALSE,FALSE,FALSE,FALSE,TRUE,FALSE,TRUE,FALSE,,POINT (-73.97560150058212 40.7670090327736)
"-7,396,496,325,508","407,809,187,762",20F-PM-1007-01,20F,PM,10072018,1,Adult,Gray,Cinnamon,Gray+Cinnamon,cinnamon tail,Ground Plane,FALSE,,FALSE,FALSE,FALSE,TRUE,TRUE,,FALSE,FALSE,FALSE,FALSE,TRUE,FALSE,TRUE,FALSE,,POINT (-73.9649632550828 40.7809187761995)
"-7,395,721,920,434","4,079,315,290,598",35E-PM-1006-01,35E,PM,10062018,1,Adult,Gray,"Cinnamon, White","Gray+Cinnamon, White",,Ground Plane,FALSE,,FALSE,FALSE,FALSE,FALSE,TRUE,,FALSE,FALSE,FALSE,FALSE,FALSE,TRUE,FALSE,FALSE,looking/begging for food,POINT (-73.957219204335 40.7931529059779)
"-7,397,123,088,644","4,077,145,348,474",9G-AM-1007-04,09G,AM,10072018,4,Adult,Gray,White,Gray+White,,Above Ground,15,,FALSE,FALSE,FALSE,FALSE,FALSE,grooming,FALSE,FALSE,FALSE,FALSE,FALSE,FALSE,TRUE,FALSE,,POINT (-73.9712308864394 40.7714534847379)
"-7,397,586,761,443","4,077,016,715,819",5D-PM-1018-03,05D,PM,10182018,3,Adult,Gray,White,Gray+White,,Ground Plane,FALSE,,FALSE,FALSE,FALSE,FALSE,TRUE,,FALSE,FALSE,FALSE,FALSE,FALSE,FALSE,TRUE,FALSE,,POINT (-73.9758676144255 40.7701671581939)
"-7,396,905,885,655","407,766,356,227",14F-PM-1012-06,14F,PM,10122018,6,Adult,Cinnamon,"Gray, White","Cinnamon+Gray, White",,Ground Plane,FALSE,,FALSE,FALSE,FALSE,TRUE,TRUE,,FALSE,FALSE,FALSE,FALSE,TRUE,FALSE,TRUE,FALSE,,POINT (-73.969058856545 40.7766356226979)
"-739,638,463,398","4,078,340,517,162",23F-AM-1018-01,23F,AM,10182018,1,Adult,Cinnamon,Gray,Cinnamon+Gray,,Above Ground,30,,FALSE,FALSE,TRUE,FALSE,FALSE,,FALSE,FALSE,FALSE,FALSE,FALSE,FALSE,TRUE,FALSE,,POINT (-73.963846339804 40.7834051716226)
"-7,395,976,427,784","4,079,763,680,039",39A-PM-1014-02,39A,PM,10142018,2,Adult,Gray,White,Gray+White,,Ground Plane,FALSE,,FALSE,TRUE,FALSE,FALSE,FALSE,,FALSE,FALSE,FALSE,FALSE,FALSE,FALSE,FALSE,FALSE,,POINT (-73.9597642778427 40.7976368003915)
"-739,745,691,353","4,077,710,355,893",13A-PM-1014-03,13A,PM,10142018,3,Adult,Gray,Cinnamon,Gray+Cinnamon,,Above Ground,6,,FALSE,FALSE,TRUE,FALSE,FALSE,,FALSE,FALSE,FALSE,FALSE,FALSE,FALSE,FALSE,TRUE,child chasing,POINT (-73.9745691353018 40.7771035589298)
"-7,397,487,064,156","4,077,441,749,651",10B-AM-1006-02,10B,AM,10062018,2,Juvenile,Gray,Cinnamon,Gray+Cinnamon,,Above Ground,,High in a tree,FALSE,FALSE,TRUE,FALSE,FALSE,,FALSE,FALSE,FALSE,FALSE,FALSE,FALSE,TRUE,FALSE,,POINT (-73.9748706415584 40.7744174965072)
"-7,395,972,059,663","4,079,694,095,101",38B-AM-1019-01,38B,AM,10192018,1,Adult,Gray,White,Gray+White,,Ground Plane,FALSE,,TRUE,FALSE,FALSE,FALSE,FALSE,,FALSE,FALSE,FALSE,FALSE,FALSE,FALSE,FALSE,TRUE,,POINT (-73.9597205966324 40.7969409510133)
"-7,397,108,658,809","4,077,197,032,352",9G-PM-1007-06,09G,PM,10072018,6,Adult,Gray,,Gray+,,Ground Plane,FALSE,,FALSE,FALSE,FALSE,TRUE,FALSE,,FALSE,FALSE,FALSE,FALSE,FALSE,FALSE,FALSE,FALSE,,POINT (-73.971086588091 40.7719703235178)
"-7,395,853,564,077","407,982,737,897",40B-AM-1019-02,40B,AM,10192018,2,Juvenile,Gray,White,Gray+White,,Ground Plane,FALSE,,TRUE,TRUE,FALSE,FALSE,FALSE,,FALSE,FALSE,FALSE,FALSE,TRUE,FALSE,FALSE,FALSE,,POINT (-73.958535640774 40.7982737896998)
"-7,395,877,018,015","4,079,341,239,415",35D-PM-1013-04,35D,PM,10132018,4,Juvenile,Gray,White,Gray+White,,,,,FALSE,FALSE,FALSE,FALSE,FALSE,,FALSE,FALSE,FALSE,FALSE,FALSE,FALSE,FALSE,FALSE,,POINT (-73.958770180151 40.7934123941528)
"-7,397,072,740,558","4,077,238,890,804",10G-PM-1017-10,10G,PM,10172018,10,Adult,Gray,,Gray+,,Ground Plane,FALSE,,FALSE,TRUE,FALSE,FALSE,FALSE,playing (with #9),FALSE,FALSE,FALSE,FALSE,FALSE,FALSE,TRUE,FALSE,,POINT (-73.9707274055755 40.7723889080377)
"-7,397,200,650,666","4,077,640,437,829",13C-AM-1010-04,13C,AM,10102018,4,Adult,Gray,,Gray+,,Ground Plane,FALSE,,FALSE,FALSE,FALSE,FALSE,TRUE,,FALSE,FALSE,FALSE,FALSE,TRUE,FALSE,TRUE,FALSE,,POINT (-73.9720065066618 40.7764043782924)
"-7,396,180,646,392","4,079,215,844,004",32C-PM-1013-12,32C,PM,10132018,12,Adult,Gray,,Gray+,,Ground Plane,FALSE,,TRUE,FALSE,FALSE,FALSE,TRUE,,FALSE,FALSE,FALSE,FALSE,TRUE,TRUE,FALSE,FALSE,,POINT (-73.9618064639153 40.792158440043)
"-7,395,544,323,933","4,079,456,690,544",37F-PM-1014-01,37F,PM,10142018,1,,Gray,,Gray+,,Ground Plane,FALSE,,FALSE,FALSE,FALSE,FALSE,TRUE,,FALSE,FALSE,FALSE,FALSE,FALSE,FALSE,FALSE,TRUE,,POINT (-73.9554432393295 40.7945669054449)
"-7,396,137,805,225","4,079,078,619,711",31D-PM-1006-04,31D,PM,10062018,4,Adult,Gray,,Gray+,,Above Ground,30,,FALSE,FALSE,FALSE,TRUE,FALSE,,FALSE,FALSE,FALSE,FALSE,FALSE,FALSE,TRUE,FALSE,,POINT (-73.9613780522542 40.790786197111)
"-7,396,469,014,323","4,077,599,586,968",15I-PM-1012-03,15I,PM,10122018,3,Adult,Gray,,Gray+,,Ground Plane,FALSE,,FALSE,FALSE,FALSE,FALSE,TRUE,,FALSE,FALSE,FALSE,FALSE,FALSE,FALSE,FALSE,FALSE,,POINT (-73.9646901432328 40.775995869679)
"-7,396,908,283,252","4,078,180,381,723",19C-PM-1018-04,19C,PM,10182018,4,Adult,Gray,Cinnamon,Gray+Cinnamon,,Ground Plane,FALSE,,FALSE,FALSE,FALSE,FALSE,TRUE,,FALSE,FALSE,FALSE,FALSE,FALSE,FALSE,FALSE,FALSE,,POINT (-73.9690828325179 40.7818038172275)
"-7,397,087,758,644","4,077,247,363,354",10F-PM-1019-12,10F,PM,10192018,12,Adult,Black,White,Black+White,,Ground Plane,FALSE,,TRUE,FALSE,FALSE,FALSE,TRUE,,FALSE,FALSE,FALSE,FALSE,FALSE,FALSE,FALSE,TRUE,,POINT (-73.9708775864433 40.772473633538)
"-739,691,050,656","4,078,081,395,382",18C-PM-1018-01,18C,PM,10182018,1,,Black,,Black+,,Ground Plane,FALSE,,FALSE,FALSE,FALSE,FALSE,TRUE,,FALSE,FALSE,FALSE,FALSE,FALSE,FALSE,TRUE,FALSE,,POINT (-73.9691050656013 40.7808139538222)
"-7,397,684,346,351","4,077,284,940,387",7B-AM-1008-11,07B,AM,10082018,11,Adult,Gray,,Gray+,,Ground Plane,FALSE,,FALSE,FALSE,FALSE,FALSE,TRUE,,FALSE,FALSE,FALSE,FALSE,FALSE,FALSE,TRUE,FALSE,,POINT (-73.9768434635084 40.7728494038744)
"-7,395,538,118,104","4,079,708,950,079",40E-AM-1014-02,40E,AM,10142018,2,Adult,Gray,White,Gray+White,,Ground Plane,FALSE,,TRUE,FALSE,FALSE,FALSE,TRUE,,FALSE,FALSE,FALSE,FALSE,TRUE,FALSE,TRUE,FALSE,,POINT (-73.9553811810434 40.7970895007931)
"-7,395,884,684,131","407,963,852,299",38B-AM-1019-05,38B,AM,10192018,5,Adult,Gray,,Gray+,,Above Ground,28,,FALSE,FALSE,TRUE,FALSE,FALSE,sitting still,FALSE,TRUE,FALSE,FALSE,FALSE,FALSE,FALSE,FALSE,,POINT (-73.9588468413094 40.7963852299012)
"-739,788,138,173","4,076,930,017,548",3B-AM-1010-09,03B,AM,10102018,9,Juvenile,Gray,,Gray+,,Ground Plane,FALSE,,FALSE,FALSE,FALSE,FALSE,TRUE,,FALSE,FALSE,FALSE,FALSE,FALSE,FALSE,FALSE,TRUE,,POINT (-73.9788138172962 40.7693001754769)
"-7,397,001,620,341","4,078,152,774,796",19B-AM-1019-02,19B,AM,10192018,2,Juvenile,Gray,"Cinnamon, White","Gray+Cinnamon, White",,Ground Plane,FALSE,,TRUE,FALSE,FALSE,TRUE,FALSE,posing,FALSE,FALSE,FALSE,FALSE,FALSE,FALSE,TRUE,TRUE,indifferent then runs from,POINT (-73.9700162034073 40.7815277479588)
"-7,395,705,287,704","4,079,909,738,041",41B-AM-1010-07,41B,AM,10102018,7,Adult,Cinnamon,"Gray, White","Cinnamon+Gray, White",,Above Ground,10,,FALSE,FALSE,FALSE,FALSE,FALSE,,TRUE,FALSE,FALSE,TRUE,FALSE,TRUE,FALSE,FALSE,mad!,POINT (-73.9570528770427 40.7990973804149)
"-7,397,354,895,379","4,076,812,579,115",4G-AM-1006-02,04G,AM,10062018,2,,Gray,White,Gray+White,,Above Ground,12,tree,FALSE,FALSE,FALSE,FALSE,FALSE,sitting in tree,FALSE,FALSE,FALSE,FALSE,FALSE,FALSE,TRUE,FALSE,,POINT (-73.9735489537928 40.7681257911523)
"-7,396,955,079,652","4,077,430,704,234",12F-PM-1007-04,12F,PM,10072018,4,Adult,Gray,Cinnamon,Gray+Cinnamon,,Ground Plane,FALSE,,FALSE,FALSE,FALSE,FALSE,TRUE,,FALSE,FALSE,FALSE,FALSE,FALSE,FALSE,TRUE,FALSE,stared,POINT (-73.96955079651552 40.7743070423435)
"-7,397,871,050,697","4,076,937,081,339",3B-AM-1010-08,03B,AM,10102018,8,Juvenile,Gray,Cinnamon,Gray+Cinnamon,,Above Ground,10,,FALSE,FALSE,TRUE,FALSE,FALSE,together w/ #7,FALSE,FALSE,FALSE,FALSE,FALSE,FALSE,TRUE,FALSE,,POINT (-73.9787105069657 40.7693708133873)
"-739,651,654,888","407,777,806,007",17H-PM-1007-02,17H,PM,10072018,2,Adult,Gray,,Gray+,,Ground Plane,FALSE,,FALSE,FALSE,FALSE,FALSE,TRUE,,FALSE,FALSE,FALSE,TRUE,FALSE,FALSE,TRUE,FALSE,,POINT (-73.9651654887991 40.7777806006951)
"-7,395,376,912,988","4,079,412,725,998",38G-PM-1020-01,38G,PM,10202018,1,Adult,Gray,Cinnamon,Gray+Cinnamon,,Ground Plane,FALSE,,TRUE,FALSE,FALSE,FALSE,FALSE,,FALSE,FALSE,FALSE,TRUE,FALSE,FALSE,FALSE,TRUE,,POINT (-73.9537691298752 40.7941272599797)
"-7,397,648,399,731","407,691,725,327",4D-PM-1008-06,04D,PM,10082018,6,Adult,Cinnamon,"Gray, White","Cinnamon+Gray, White",,Ground Plane,FALSE,,FALSE,FALSE,FALSE,FALSE,TRUE,,FALSE,FALSE,FALSE,TRUE,FALSE,FALSE,TRUE,FALSE,,POINT (-73.9764839973068 40.7691725326976)
"-7,397,377,736,133","407,673,662,611",3G-PM-1013-01,03G,PM,10132018,1,Adult,Gray,Cinnamon,Gray+Cinnamon,,Ground Plane,FALSE,,FALSE,FALSE,FALSE,FALSE,TRUE,,FALSE,FALSE,FALSE,FALSE,FALSE,FALSE,FALSE,TRUE,,POINT (-73.9737773613311 40.7673662611015)
"-7,396,579,697,897","4,077,604,028,428",15H-PM-1008-03,15H,PM,10082018,3,Adult,Gray,,Gray+,,Ground Plane,FALSE,lawn moving east over Park path,FALSE,FALSE,FALSE,FALSE,FALSE,not sure walk-pause-walk,FALSE,FALSE,FALSE,FALSE,FALSE,FALSE,TRUE,FALSE,,POINT (-73.96579697896901 40.7760402842845)
"-7,396,793,363,418","4,077,541,865,796",14G-PM-1013-01,14G,PM,10132018,1,Adult,Gray,Cinnamon,Gray+Cinnamon,,Ground Plane,FALSE,,FALSE,FALSE,TRUE,FALSE,FALSE,,FALSE,FALSE,FALSE,FALSE,FALSE,FALSE,FALSE,FALSE,watching,POINT (-73.9679336341793 40.7754186579647)
"-7,397,611,070,654","4,076,964,206,029",5D-AM-1020-01,05D,AM,10202018,1,Adult,,,+,Too far & cloudy to tell,Above Ground,30,,FALSE,FALSE,FALSE,FALSE,TRUE,,FALSE,FALSE,FALSE,FALSE,FALSE,FALSE,FALSE,FALSE,,POINT (-73.9761107065353 40.769642060286)
"-7,397,716,146,866","4,077,096,779,832",5C-AM-1006-02,05C,AM,10062018,2,Adult,Cinnamon,White,Cinnamon+White,,Above Ground,10,,TRUE,FALSE,TRUE,TRUE,FALSE,,FALSE,FALSE,FALSE,FALSE,FALSE,FALSE,TRUE,FALSE,,POINT (-73.9771614686616 40.7709677983247)
"-7,395,107,475,863","407,973,106,834",42H-AM-1019-02,42H,AM,10192018,2,Adult,Gray,Cinnamon,Gray+Cinnamon,,Ground Plane,FALSE,,FALSE,FALSE,FALSE,FALSE,TRUE,,FALSE,FALSE,FALSE,FALSE,FALSE,FALSE,TRUE,FALSE,,POINT (-73.9510747586301 40.7973106833951)
"-7,395,980,158,428","4,079,735,227,442",38A-PM-1013-03,38A,PM,10132018,3,Adult,Gray,Cinnamon,Gray+Cinnamon,,Above Ground,5,,FALSE,FALSE,TRUE,FALSE,FALSE,,FALSE,FALSE,FALSE,FALSE,FALSE,FALSE,TRUE,FALSE,,POINT (-73.9598015842806 40.7973522744237)
"-7,397,187,291,017","4,077,036,926,214",7G-PM-1018-05,07G,PM,10182018,5,Adult,Gray,,Gray+,,Ground Plane,FALSE,,FALSE,FALSE,FALSE,FALSE,TRUE,,FALSE,FALSE,FALSE,FALSE,FALSE,FALSE,FALSE,FALSE,,POINT (-73.9718729101676 40.7703692621371)
"-7,396,387,745,795","4,079,135,321,291",31A-AM-1010-05,31A,AM,10102018,5,Adult,Gray,,Gray+,,Ground Plane,FALSE,,FALSE,FALSE,FALSE,TRUE,TRUE,jumping,FALSE,FALSE,FALSE,TRUE,TRUE,FALSE,TRUE,FALSE,eventually ran from lawnmower (tail flag),POINT (-73.9638774579549 40.7913532129148)
"-7,396,795,381,633","4,078,371,036,969",22C-AM-1013-03,22C,AM,10132018,3,Juvenile,Cinnamon,Gray,Cinnamon+Gray,,Ground Plane,FALSE,,FALSE,FALSE,FALSE,TRUE,TRUE,eating (mushroom),FALSE,FALSE,FALSE,FALSE,FALSE,FALSE,FALSE,TRUE,,POINT (-73.9679538163341 40.7837103696906)
"-739,564,724,104","4,079,360,555,082",36F-PM-1012-04,36F,PM,10122018,4,Adult,Gray,White,Gray+White,,Ground Plane,FALSE,,FALSE,FALSE,FALSE,FALSE,TRUE,,FALSE,FALSE,FALSE,FALSE,FALSE,FALSE,FALSE,TRUE,,POINT (-73.9564724104048 40.7936055508162)
"-7,397,708,244,123","4,077,099,613,095",5C-AM-1006-03,05C,AM,10062018,3,Adult,Gray,Cinnamon,Gray+Cinnamon,,Above Ground,15,,FALSE,FALSE,TRUE,FALSE,FALSE,,FALSE,FALSE,FALSE,FALSE,FALSE,FALSE,TRUE,FALSE,,POINT (-73.97708244122522 40.7709961309457)
"-7,396,776,461,872","4,077,464,928,063",13H-PM-1010-05,13H,PM,10102018,5,Adult,Gray,,Gray+,,Ground Plane,FALSE,,FALSE,FALSE,FALSE,FALSE,TRUE,,FALSE,FALSE,FALSE,FALSE,FALSE,FALSE,TRUE,FALSE,,POINT (-73.9677646187171 40.7746492806333)
"-7,397,107,601,969","4,077,255,060,068",10F-PM-1019-02,10F,PM,10192018,2,Juvenile,Gray,Cinnamon,Gray+Cinnamon,Cinnamon head & stripe,Ground Plane,FALSE,"Behind fence, grass",TRUE,FALSE,FALSE,FALSE,FALSE,,FALSE,FALSE,FALSE,FALSE,TRUE,FALSE,FALSE,TRUE,,POINT (-73.9710760196868 40.7725506006789)
"-7,397,112,984,911","4,076,769,026,035",5I-PM-1008-01,05I,PM,10082018,1,Adult,Black,Cinnamon,Black+Cinnamon,,Above Ground,15,in tree by arsenal - climbing,FALSE,FALSE,TRUE,TRUE,FALSE,,FALSE,FALSE,FALSE,TRUE,FALSE,FALSE,FALSE,FALSE,,POINT (-73.9711298491132 40.7676902603543)
"-7,397,027,558,051","4,077,835,477,952",16D-PM-1010-13,16D,PM,10102018,13,Adult,Gray,,Gray+,,Ground Plane,FALSE,,FALSE,FALSE,FALSE,FALSE,TRUE,,FALSE,FALSE,FALSE,FALSE,FALSE,FALSE,TRUE,FALSE,,POINT (-73.9702755805141 40.7783547795222)
"-7,396,388,371,603","4,078,097,479,008",21G-AM-1014-07,21G,AM,10142018,7,Adult,Gray,White,Gray+White,,Above Ground,5,,FALSE,TRUE,TRUE,FALSE,FALSE,,FALSE,FALSE,FALSE,FALSE,FALSE,FALSE,FALSE,FALSE,,POINT (-73.9638837160341 40.7809747900833)
"-7,396,836,748,516","4,078,384,726,448",22B-PM-1014-05,22B,PM,10142018,5,,Gray,Cinnamon,Gray+Cinnamon,,Ground Plane,FALSE,,FALSE,FALSE,FALSE,TRUE,FALSE,eating (eats with head tilted far to the right (tooth issue?)),FALSE,FALSE,FALSE,FALSE,FALSE,FALSE,FALSE,FALSE,,POINT (-73.968367485157 40.7838472644815)
"-7,397,725,765,612","407,679,895,094",3D-AM-1006-08,03D,AM,10062018,8,Adult,Cinnamon,Gray,Cinnamon+Gray,,Ground Plane,FALSE,,FALSE,FALSE,FALSE,TRUE,TRUE,,FALSE,FALSE,FALSE,FALSE,FALSE,TRUE,FALSE,FALSE,approaches (food stand),POINT (-73.9772576561244 40.7679895093963)
"-7,395,196,399,188","4,079,499,117,024",39H-AM-1007-01,39H,AM,10072018,1,Adult,Gray,,Gray+,,Ground Plane,FALSE,,FALSE,FALSE,FALSE,FALSE,TRUE,,FALSE,FALSE,FALSE,FALSE,FALSE,FALSE,TRUE,FALSE,,POINT (-73.9519639918804 40.7949911702392)
"-739,754,270,369","4,077,024,115,023",6D-PM-1020-01,06D,PM,10202018,1,Adult,Gray,,Gray+,,Ground Plane,FALSE,Baseball field,FALSE,FALSE,FALSE,FALSE,TRUE,,FALSE,FALSE,FALSE,FALSE,FALSE,FALSE,TRUE,FALSE,,POINT (-73.9754270368984 40.7702411502308)
"-7,397,123,273,085","4,077,487,029,092",12E-PM-1018-06,12E,PM,10182018,6,Juvenile,Cinnamon,,Cinnamon+,,Ground Plane,FALSE,,FALSE,FALSE,FALSE,FALSE,TRUE,,FALSE,FALSE,FALSE,FALSE,TRUE,FALSE,TRUE,FALSE,,POINT (-73.9712327308512 40.7748702909218)
"-7,397,123,187,126","4,077,730,530,997",14D-PM-1019-04,14D,PM,10192018,4,Adult,Gray,,Gray+,,Ground Plane,FALSE,,FALSE,FALSE,FALSE,TRUE,FALSE,,FALSE,FALSE,FALSE,FALSE,FALSE,FALSE,FALSE,FALSE,,POINT (-73.9712318712643 40.7773053099657)
"-7,397,612,099,454","4,076,824,045,289",3E-PM-1008-03,03E,PM,10082018,3,Adult,Gray,Cinnamon,Gray+Cinnamon,,Ground Plane,FALSE,,FALSE,FALSE,FALSE,FALSE,TRUE,,FALSE,FALSE,FALSE,FALSE,FALSE,FALSE,FALSE,TRUE,,POINT (-73.9761209945419 40.7682404528903)
"-739,671,816,122","4,077,877,522,871",17F-PM-1020-03,17F,PM,10202018,3,Adult,Gray,Cinnamon,Gray+Cinnamon,,Above Ground,35,,FALSE,FALSE,TRUE,TRUE,FALSE,,FALSE,FALSE,FALSE,FALSE,FALSE,FALSE,FALSE,FALSE,,POINT (-73.967181612203 40.7787752287055)
"-7,396,657,091,467","4,078,393,843,186",22D-PM-1012-04,22D,PM,10122018,4,Adult,Gray,"Black, White","Gray+Black, White",,Ground Plane,FALSE,,FALSE,FALSE,FALSE,FALSE,TRUE,,FALSE,FALSE,FALSE,FALSE,FALSE,FALSE,TRUE,FALSE,,POINT (-73.9665709146738 40.7839384318554)
"-7,397,702,735,535","4,077,323,994,636",8A-AM-1013-03,08A,AM,10132018,3,Juvenile,,,+,,Above Ground,3,fence,TRUE,TRUE,TRUE,TRUE,FALSE,playing tag together,FALSE,FALSE,FALSE,FALSE,FALSE,TRUE,FALSE,FALSE,,POINT (-73.9770273553525 40.7732399463626)
"-7,397,370,917,078","4,077,137,325,675",7E-AM-1006-03,07E,AM,10062018,3,Adult,Gray,,Gray+,,Ground Plane,FALSE,under a tree,FALSE,FALSE,FALSE,TRUE,FALSE,,FALSE,FALSE,FALSE,FALSE,FALSE,FALSE,FALSE,FALSE,,POINT (-73.9737091707831 40.7713732567512)
"-7,395,205,924,963","4,079,750,762,998",42G-PM-1014-03,42G,PM,10142018,3,Adult,Cinnamon,Gray,Cinnamon+Gray,,Above Ground,4,on fence,TRUE,FALSE,FALSE,FALSE,FALSE,prancing,FALSE,FALSE,FALSE,FALSE,FALSE,FALSE,FALSE,TRUE,,POINT (-73.9520592496349 40.7975076299811)
"-7,396,384,226,615","4,078,873,408,678",28C-PM-1006-02,28C,PM,10062018,2,Adult,Gray,,Gray+,,Ground Plane,FALSE,Near rock,TRUE,FALSE,FALSE,FALSE,FALSE,,FALSE,FALSE,FALSE,FALSE,FALSE,FALSE,FALSE,TRUE,dog,POINT (-73.963842266151 40.7887340867773)
"-7,397,756,817,315","4,076,764,211,903",2D-AM-1007-03,02D,AM,10072018,3,Adult,Gray,,Gray+,,Above Ground,100,,FALSE,FALSE,TRUE,FALSE,FALSE,,FALSE,FALSE,FALSE,FALSE,FALSE,FALSE,FALSE,FALSE,,POINT (-73.9775681731459 40.7676421190309)
"-7,395,981,553,009","407,905,887,827",32E-AM-1007-10,32E,AM,10072018,10,Adult,Black,,Black+,,Ground Plane,FALSE,,FALSE,FALSE,FALSE,FALSE,TRUE,,FALSE,FALSE,FALSE,FALSE,FALSE,FALSE,FALSE,FALSE,,POINT (-73.9598155300913 40.7905887826983)
"-7,397,286,607,796","4,077,532,945,256",12C-AM-1013-03,12C,AM,10132018,3,Adult,Gray,,Gray+,,Ground Plane,FALSE,,FALSE,FALSE,FALSE,FALSE,TRUE,burying,FALSE,FALSE,FALSE,FALSE,FALSE,FALSE,TRUE,FALSE,,POINT (-73.9728660779622 40.7753294525644)
"-7,397,241,624,297","4,077,142,602,366",8F-PM-1012-04,08F,PM,10122018,4,Adult,Gray,,Gray+,,Above Ground,6,,FALSE,FALSE,FALSE,FALSE,FALSE,,FALSE,FALSE,FALSE,FALSE,FALSE,FALSE,FALSE,FALSE,,POINT (-73.972416242971 40.7714260236636)
"-7,397,314,980,649","4,076,599,631,966",2H-AM-1006-02,02H,AM,10062018,2,Adult,Gray,"Cinnamon, White","Gray+Cinnamon, White",,Ground Plane,FALSE,,FALSE,TRUE,TRUE,FALSE,FALSE,,FALSE,FALSE,FALSE,FALSE,FALSE,TRUE,FALSE,FALSE,,POINT (-73.9731498064872 40.7659963196581)
"-7,395,278,081,745","4,079,241,672,344",36I-AM-1017-05,36I,AM,10172018,5,Adult,Gray,Cinnamon,Gray+Cinnamon,,Ground Plane,FALSE,,FALSE,FALSE,FALSE,TRUE,TRUE,,FALSE,FALSE,FALSE,FALSE,FALSE,FALSE,FALSE,TRUE,runs from (me),POINT (-73.9527808174534 40.7924167234441)
"-739,624,184,586","4,079,215,248,682",32B-AM-1017-03,32B,AM,10172018,3,Adult,Gray,Cinnamon,Gray+Cinnamon,,Ground Plane,FALSE,,FALSE,FALSE,FALSE,FALSE,TRUE,,FALSE,FALSE,FALSE,FALSE,TRUE,TRUE,TRUE,TRUE,"approaches (primarily),runs from (initially),follows",POINT (-73.9624184586031 40.7921524868211)
"-7,395,683,430,932","4,079,494,013,509",37E-PM-1006-04,37E,PM,10062018,4,Adult,Cinnamon,"Gray, White","Cinnamon+Gray, White",,Ground Plane,FALSE,,FALSE,FALSE,FALSE,FALSE,TRUE,,FALSE,FALSE,FALSE,FALSE,FALSE,FALSE,FALSE,FALSE,doesn't see me,POINT (-73.9568343093228 40.7949401350882)
"-7,397,414,013,778","4,077,581,342,579",12B-AM-1007-02,12B,AM,10072018,2,Adult,Gray,Cinnamon,Gray+Cinnamon,,Ground Plane,FALSE,,FALSE,TRUE,FALSE,FALSE,FALSE,,FALSE,FALSE,FALSE,TRUE,FALSE,FALSE,TRUE,FALSE,,POINT (-73.9741401377844 40.7758134257881)
"-7,397,535,742,799","4,076,832,116,943",4E-PM-1008-08,04E,PM,10082018,8,Adult,Gray,,Gray+,,Ground Plane,FALSE,,FALSE,FALSE,TRUE,FALSE,FALSE,,FALSE,FALSE,FALSE,FALSE,FALSE,FALSE,FALSE,TRUE,,POINT (-73.9753574279936 40.7683211694257)
"-7,397,372,660,709","4,077,863,383,799",14A-PM-1014-01,14A,PM,10142018,1,Adult,Gray,"Cinnamon, White","Gray+Cinnamon, White",,Ground Plane,FALSE,,FALSE,FALSE,TRUE,FALSE,FALSE,,FALSE,FALSE,FALSE,FALSE,FALSE,FALSE,FALSE,TRUE,,POINT (-73.9737266070919 40.7786338379896)
"-739,678,956,569","4,077,674,095,973",15F-PM-1010-07,15F,PM,10102018,7,Adult,Gray,,Gray+,,Above Ground,3,on fence,TRUE,FALSE,FALSE,FALSE,FALSE,,FALSE,FALSE,FALSE,FALSE,FALSE,FALSE,FALSE,TRUE,,POINT (-73.967895656898 40.7767409597341)
"-7,397,609,422,524","4,077,420,356,742",9B-PM-1013-07,09B,PM,10132018,7,Juvenile,Gray,White,Gray+White,,Ground Plane,FALSE,,FALSE,FALSE,FALSE,FALSE,TRUE,,FALSE,FALSE,FALSE,FALSE,TRUE,FALSE,TRUE,FALSE,,POINT (-73.97609422524371 40.7742035674209)
"-7,397,584,649,051","4,077,259,574,088",8C-PM-1013-05,08C,PM,10132018,5,Adult,Gray,White,Gray+White,,Ground Plane,FALSE,,FALSE,FALSE,FALSE,FALSE,TRUE,,FALSE,FALSE,FALSE,TRUE,FALSE,FALSE,TRUE,FALSE,,POINT (-73.9758464905133 40.7725957408841)
"-7,397,670,805,122","4,077,177,087,942",6B-PM-1017-04,06B,PM,10172018,4,Adult,Gray,Cinnamon,Gray+Cinnamon,,Ground Plane,FALSE,,TRUE,TRUE,FALSE,FALSE,TRUE,,FALSE,FALSE,FALSE,FALSE,FALSE,FALSE,FALSE,FALSE,,POINT (-73.9767080512177 40.7717708794221)
"-7,397,602,564,776","4,077,035,731,314",5D-AM-1020-02,05D,AM,10202018,2,Adult,Gray,Cinnamon,Gray+Cinnamon,,Ground Plane,FALSE,,FALSE,FALSE,TRUE,FALSE,TRUE,small jumps,FALSE,FALSE,FALSE,FALSE,FALSE,FALSE,FALSE,FALSE,,POINT (-73.9760256477558 40.7703573131398)
"-7,395,931,266,957","4,079,753,337,016",39B-AM-1018-01,39B,AM,10182018,1,,,,+,,Above Ground,,,FALSE,FALSE,FALSE,FALSE,FALSE,unknown,TRUE,FALSE,FALSE,FALSE,FALSE,FALSE,FALSE,FALSE,,POINT (-73.9593126695714 40.797533370163)
"-7,395,902,366,021","4,079,826,324,569",40A-AM-1010-04,40A,AM,10102018,4,Adult,Gray,Cinnamon,Gray+Cinnamon,,Ground Plane,FALSE,bottom great hill,FALSE,FALSE,FALSE,FALSE,TRUE,,FALSE,FALSE,FALSE,TRUE,FALSE,FALSE,TRUE,TRUE,dog chased,POINT (-73.9590236602085 40.7982632456866)
"-7,397,547,788,085","4,076,856,190,298",4E-AM-1020-01,04E,AM,10202018,1,Adult,Gray,"Cinnamon, White","Gray+Cinnamon, White",White selected as Primary. Cinnamon selected as Highlights. Made executive adjustments.,Above Ground,7,,FALSE,FALSE,TRUE,FALSE,FALSE,sitting very still,FALSE,FALSE,FALSE,FALSE,FALSE,FALSE,TRUE,FALSE,,POINT (-73.9754778808471 40.7685619029765)
"-7,395,976,487,758","4,079,034,430,297",32E-AM-1007-01,32E,AM,10072018,1,Adult,Gray,,Gray+,,Ground Plane,FALSE,,FALSE,FALSE,FALSE,TRUE,FALSE,,FALSE,FALSE,FALSE,FALSE,FALSE,FALSE,FALSE,TRUE,,POINT (-73.9597648775789 40.7903443029725)
"-7,395,894,143,392","4,079,070,738,883",32E-PM-1017-04,32E,PM,10172018,4,Adult,Gray,,Gray+,,Ground Plane,FALSE,treed area,FALSE,FALSE,FALSE,TRUE,TRUE,,FALSE,FALSE,FALSE,FALSE,FALSE,FALSE,FALSE,TRUE,,POINT (-73.9589414339242 40.7907073888277)
"-7,397,798,056,681","4,076,809,315,668",2D-PM-1012-02,02D,PM,10122018,2,Adult,Gray,"Cinnamon, White","Gray+Cinnamon, White",,Ground Plane,FALSE,,FALSE,FALSE,FALSE,TRUE,TRUE,,FALSE,FALSE,FALSE,FALSE,FALSE,TRUE,FALSE,FALSE,,POINT (-73.9779805668091 40.7680931566797)
"-7,397,331,176,635","4,076,945,846,201",6F-PM-1008-05,06F,PM,10082018,5,Adult,Cinnamon,White,Cinnamon+White,white patch,Ground Plane,FALSE,,FALSE,FALSE,FALSE,FALSE,TRUE,,FALSE,FALSE,FALSE,FALSE,FALSE,FALSE,TRUE,FALSE,,POINT (-73.97331176635412 40.7694584620114)
"-7,397,517,294,037","4,077,432,841,231",10B-PM-1014-02,10B,PM,10142018,2,Adult,Gray,White,Gray+White,,Above Ground,,gingko tree by traffic light in front of Strawberry Fields,FALSE,FALSE,FALSE,FALSE,TRUE,,FALSE,FALSE,FALSE,FALSE,TRUE,FALSE,FALSE,FALSE,came over on tree to see me then disappeared,POINT (-73.9751729403694 40.7743284123118)
"-7,397,863,392,957","4,076,849,186,386",3C-PM-1008-02,03C,PM,10082018,2,Adult,Cinnamon,"Gray, White","Cinnamon+Gray, White",,Ground Plane,FALSE,,FALSE,FALSE,FALSE,FALSE,TRUE,,FALSE,FALSE,FALSE,FALSE,FALSE,FALSE,TRUE,FALSE,,POINT (-73.9786339295735 40.7684918638639)
"-739,726,747,666","4,077,030,226,693",7F-AM-1008-02,07F,AM,10082018,2,Adult,Gray,Cinnamon,Gray+Cinnamon,,Ground Plane,FALSE,,TRUE,FALSE,FALSE,FALSE,FALSE,,FALSE,FALSE,FALSE,FALSE,FALSE,FALSE,FALSE,TRUE,see stories and locations,POINT (-73.9726747666002 40.7703022669308)
"-7,397,707,185,868","4,077,297,523,914",7B-AM-1008-09,07B,AM,10082018,9,Adult,Gray,,Gray+,,Ground Plane,FALSE,,FALSE,FALSE,FALSE,FALSE,TRUE,,FALSE,FALSE,FALSE,FALSE,FALSE,FALSE,TRUE,FALSE,,POINT (-73.9770718586754 40.7729752391435)
"-7,395,708,175,791","4,079,642,210,879",38D-AM-1017-02,38D,AM,10172018,2,Adult,Gray,Cinnamon,Gray+Cinnamon,,Ground Plane,FALSE,,FALSE,FALSE,FALSE,FALSE,FALSE,hiding in log,FALSE,FALSE,FALSE,FALSE,FALSE,FALSE,TRUE,FALSE,,POINT (-73.9570817579092 40.7964221087879)
"-7,397,442,066,878","4,077,496,285,975",10C-PM-1013-04,10C,PM,10132018,4,,Gray,Cinnamon,Gray+Cinnamon,,Ground Plane,FALSE,,FALSE,FALSE,FALSE,TRUE,TRUE,,FALSE,FALSE,FALSE,FALSE,FALSE,FALSE,TRUE,FALSE,,POINT (-73.974420668782 40.7749628597465)
"-7,397,197,355,825","4,076,930,451,336",6G-PM-1020-02,06G,PM,10202018,2,Adult,Gray,,Gray+,,Ground Plane,FALSE,,TRUE,TRUE,FALSE,FALSE,FALSE,,FALSE,FALSE,FALSE,FALSE,FALSE,FALSE,TRUE,FALSE,,POINT (-73.9719735582476 40.7693045133578)
"-7,395,896,270,566","4,078,475,915,585",26I-PM-1010-02,26I,PM,10102018,2,Adult,Gray,Cinnamon,Gray+Cinnamon,,Ground Plane,FALSE,,FALSE,FALSE,FALSE,FALSE,TRUE,hiding food,FALSE,FALSE,FALSE,FALSE,TRUE,FALSE,TRUE,FALSE,,POINT (-73.9589627056561 40.7847591558491)
"-7,397,622,466,002","4,077,516,407,765",10A-AM-1006-03,10A,AM,10062018,3,Juvenile,Cinnamon,,Cinnamon+,,Ground Plane,FALSE,Bridle Path lawn,FALSE,FALSE,FALSE,TRUE,FALSE,,FALSE,FALSE,FALSE,FALSE,FALSE,FALSE,FALSE,FALSE,,POINT (-73.9762246600197 40.775164077652)
"-7,398,006,691,158","4,076,768,251,344",1B-AM-1012-07,01B,AM,10122018,7,Adult,Cinnamon,,Cinnamon+,,Above Ground,2,on tree trunk,FALSE,TRUE,TRUE,FALSE,FALSE,,FALSE,FALSE,FALSE,FALSE,FALSE,FALSE,TRUE,FALSE,,POINT (-73.9800669115792 40.7676825134384)
"-7,397,679,812,431","4,077,413,165,741",9A-PM-1010-04,09A,PM,10102018,4,,Cinnamon,,Cinnamon+,,Above Ground,20,,TRUE,FALSE,TRUE,FALSE,FALSE,,FALSE,FALSE,FALSE,FALSE,FALSE,FALSE,TRUE,FALSE,,POINT (-73.97679812430802 40.7741316574113)
"-7,397,733,170,545","4,076,840,359,968",3D-AM-1006-03,03D,AM,10062018,3,Juvenile,Cinnamon,Gray,Cinnamon+Gray,,Ground Plane,FALSE,on top [of] a big rock/boulder in the area,TRUE,FALSE,TRUE,FALSE,FALSE,climbing (rock),FALSE,FALSE,FALSE,FALSE,FALSE,TRUE,FALSE,FALSE,"approaches (slightly),wary of humans",POINT (-73.9773317054464 40.76840359967581)
"-7,395,343,334,256","4,079,325,641,633",37H-AM-1018-03,37H,AM,10182018,3,Adult,Gray,White,Gray+White,,Above Ground,10,in a tree with red berries,FALSE,FALSE,FALSE,TRUE,FALSE,,FALSE,TRUE,FALSE,FALSE,FALSE,FALSE,FALSE,TRUE,,POINT (-73.9534333425633 40.7932564163328)
"-7,397,269,580,705","4,077,060,961,263",7F-AM-1008-09,07F,AM,10082018,9,Adult,Gray,,Gray+,,Above Ground,20,,FALSE,FALSE,TRUE,FALSE,FALSE,playing w/ #8,FALSE,FALSE,FALSE,FALSE,FALSE,FALSE,TRUE,FALSE,,POINT (-73.9726958070536 40.7706096126328)
"-7,397,843,611,793","4,077,247,692,424",6A-AM-1006-06,06A,AM,10062018,6,Adult,Gray,"Cinnamon, White","Gray+Cinnamon, White",,Above Ground,15,tree,FALSE,FALSE,TRUE,FALSE,FALSE,,TRUE,FALSE,FALSE,FALSE,FALSE,FALSE,FALSE,FALSE,,POINT (-73.978436117932 40.7724769242403)
"-7,395,528,611,552","4,078,897,393,187",32I-AM-1013-05,32I,AM,10132018,5,Adult,Cinnamon,Gray,Cinnamon+Gray,,Above Ground,3,In and below shrub,FALSE,FALSE,TRUE,FALSE,TRUE,,FALSE,FALSE,FALSE,TRUE,FALSE,FALSE,TRUE,FALSE,,POINT (-73.9552861155228 40.788973931872)
"-7,397,128,762,342","4,076,958,855,307",7H-PM-1006-02,07H,PM,10062018,2,Adult,Gray,,Gray+,,Above Ground,25,tree,TRUE,FALSE,TRUE,TRUE,TRUE,,FALSE,FALSE,FALSE,FALSE,FALSE,FALSE,TRUE,FALSE,,POINT (-73.9712876234172 40.7695885530701)
"-7,397,710,691,815","407,670,538,215",2E-PM-1014-05,02E,PM,10142018,5,Adult,Cinnamon,Gray,Cinnamon+Gray,,Ground Plane,FALSE,,FALSE,FALSE,FALSE,FALSE,TRUE,,FALSE,FALSE,FALSE,FALSE,FALSE,FALSE,TRUE,FALSE,,POINT (-73.9771069181511 40.7670538214988)
"-7,396,987,147,434","4,077,438,146,617",12F-AM-1020-02,12F,AM,10202018,2,Adult,Gray,,Gray+,,Ground Plane,FALSE,,TRUE,FALSE,FALSE,FALSE,FALSE,,FALSE,FALSE,FALSE,FALSE,FALSE,FALSE,FALSE,FALSE,,POINT (-73.9698714743386 40.7743814661685)
"-7,396,910,949,423","4,077,676,039,286",14E-AM-1008-01,14E,AM,10082018,1,Adult,Gray,,Gray+,,Ground Plane,FALSE,,FALSE,FALSE,FALSE,TRUE,FALSE,walking,FALSE,FALSE,FALSE,FALSE,FALSE,FALSE,FALSE,TRUE,,POINT (-73.9691094942294 40.776760392858)
"-7,397,864,810,095","4,076,973,728,119",4B-PM-1018-03,04B,PM,10182018,3,Adult,Gray,,Gray+,,Ground Plane,FALSE,,FALSE,FALSE,FALSE,TRUE,FALSE,,FALSE,FALSE,FALSE,FALSE,FALSE,TRUE,FALSE,FALSE,,POINT (-73.9786481009499 40.7697372811949)
"-7,397,547,422,951","4,076,969,983,272",5E-PM-1012-02,05E,PM,10122018,2,Adult,Cinnamon,"Gray, White","Cinnamon+Gray, White",,Ground Plane,FALSE,,FALSE,FALSE,FALSE,TRUE,TRUE,,FALSE,FALSE,FALSE,FALSE,FALSE,FALSE,TRUE,FALSE,,POINT (-73.9754742295091 40.7696998327247)
"-7,396,810,727,677","407,768,612,676",15F-AM-1007-09,15F,AM,10072018,9,Adult,Cinnamon,White,Cinnamon+White,,Above Ground,20,,FALSE,FALSE,TRUE,FALSE,TRUE,,FALSE,FALSE,FALSE,FALSE,FALSE,FALSE,FALSE,TRUE,,POINT (-73.968107276769 40.7768612676036)
"-7,395,914,003,662","4,078,917,085,993",31F-PM-1007-01,31F,PM,10072018,1,Adult,Gray,White,Gray+White,white neck and belly,Ground Plane,FALSE,,FALSE,FALSE,FALSE,FALSE,FALSE,,FALSE,FALSE,FALSE,FALSE,FALSE,FALSE,TRUE,FALSE,,POINT (-73.9591400366159 40.7891708599318)
"-7,397,671,916,297","4,077,307,862,987",8B-PM-1012-03,08B,PM,10122018,3,Adult,Gray,"Cinnamon, White","Gray+Cinnamon, White",,Ground Plane,FALSE,,FALSE,FALSE,FALSE,FALSE,TRUE,,FALSE,FALSE,FALSE,FALSE,FALSE,FALSE,FALSE,TRUE,,POINT (-73.9767191629692 40.7730786298701)
"-7,396,612,628,851","4,078,440,855,509",23D-AM-1013-01,23D,AM,10132018,1,Adult,Gray,Cinnamon,Gray+Cinnamon,,Above Ground,3,,FALSE,FALSE,TRUE,FALSE,FALSE,,FALSE,FALSE,FALSE,FALSE,FALSE,TRUE,FALSE,FALSE,"approaches (he saw me,came towards,then darted up)",POINT (-73.9661262885099 40.7844085550945)
"-7,395,219,500,564","4,079,493,734,085",39H-PM-1013-01,39H,PM,10132018,1,Adult,Gray,White,Gray+White,,Ground Plane,FALSE,,FALSE,FALSE,FALSE,TRUE,FALSE,,FALSE,FALSE,FALSE,FALSE,FALSE,FALSE,TRUE,FALSE,ran away when a human approached with a dog,POINT (-73.9521950056404 40.794937340845)
"-7,395,792,185,872","4,079,606,050,288",38C-AM-1019-04,38C,AM,10192018,4,Adult,Gray,,Gray+,,Ground Plane,FALSE,,FALSE,FALSE,FALSE,FALSE,TRUE,,TRUE,TRUE,FALSE,FALSE,FALSE,FALSE,TRUE,FALSE,,POINT (-73.9579218587172 40.79606050288481)
"-7,396,398,328,861","4,079,095,324,371",30B-PM-1019-08,30B,PM,10192018,8,Adult,Gray,"Cinnamon, White","Gray+Cinnamon, White",,Ground Plane,FALSE,,FALSE,FALSE,TRUE,TRUE,TRUE,,FALSE,FALSE,FALSE,FALSE,FALSE,FALSE,FALSE,TRUE,,POINT (-73.9639832886071 40.7909532437095)
"-7,397,446,790,372","4,076,865,203,529",4F-PM-1013-04,04F,PM,10132018,4,Adult,Gray,Cinnamon,Gray+Cinnamon,,Ground Plane,FALSE,,FALSE,FALSE,FALSE,TRUE,TRUE,,FALSE,FALSE,FALSE,FALSE,FALSE,FALSE,TRUE,FALSE,,POINT (-73.974467903723 40.7686520352868)
"-7,397,585,796,669","4,076,793,265,488",3E-PM-1008-05,03E,PM,10082018,5,Adult,Gray,,Gray+,,Ground Plane,FALSE,,FALSE,FALSE,FALSE,TRUE,FALSE,jump,FALSE,FALSE,FALSE,FALSE,FALSE,FALSE,TRUE,FALSE,,POINT (-73.9758579666874 40.7679326548845)
"-7,396,190,702,297","4,079,525,566,925",35A-AM-1014-05,35A,AM,10142018,5,Juvenile,Gray,White,Gray+White,,Ground Plane,FALSE,,TRUE,FALSE,FALSE,FALSE,FALSE,,FALSE,FALSE,FALSE,FALSE,FALSE,FALSE,FALSE,TRUE,,POINT (-73.9619070229674 40.79525566925)
"-7,397,877,969,212","4,077,075,265,354",5A-PM-1010-01,05A,PM,10102018,1,Adult,Gray,White,Gray+White,,Ground Plane,FALSE,,FALSE,FALSE,FALSE,FALSE,TRUE,,FALSE,FALSE,FALSE,FALSE,TRUE,FALSE,FALSE,FALSE,,POINT (-73.9787796921165 40.7707526535381)
"-7,395,500,820,565","4,078,945,215,434",33I-AM-1008-03,33I,AM,10082018,3,Adult,Gray,,Gray+,,Above Ground,2,98th @ edge of park,FALSE,FALSE,TRUE,FALSE,FALSE,,FALSE,FALSE,FALSE,FALSE,FALSE,FALSE,TRUE,FALSE,,POINT (-73.9550082056509 40.7894521543449)
"-7,395,874,012,743","4,079,603,222,229",37C-PM-1013-03,37C,PM,10132018,3,Adult,Gray,White,Gray+White,,,,,FALSE,FALSE,FALSE,FALSE,TRUE,,FALSE,FALSE,FALSE,FALSE,FALSE,FALSE,TRUE,FALSE,,POINT (-73.9587401274261 40.7960322222949)
"-7,396,194,119,179","4,079,235,366,403",33B-PM-1010-11,33B,PM,10102018,11,Adult,Gray,,Gray+,,Above Ground,10,,FALSE,FALSE,FALSE,FALSE,FALSE,,FALSE,FALSE,FALSE,FALSE,FALSE,FALSE,FALSE,FALSE,,POINT (-73.9619411917909 40.7923536640283)
"-7,397,015,758,911","4,077,309,732,824",10G-PM-1017-06,10G,PM,10172018,6,Adult,Gray,Cinnamon,Gray+Cinnamon,,Ground Plane,FALSE,,FALSE,FALSE,FALSE,FALSE,TRUE,,FALSE,FALSE,FALSE,FALSE,FALSE,FALSE,TRUE,FALSE,,POINT (-73.9701575891098 40.7730973282423)
"-7,395,290,606,692","4,079,279,097,354",37I-AM-1010-01,37I,AM,10102018,1,Adult,Gray,,Gray+,,Ground Plane,FALSE,,FALSE,FALSE,FALSE,FALSE,TRUE,,FALSE,FALSE,FALSE,FALSE,FALSE,FALSE,FALSE,TRUE,,POINT (-73.9529060669193 40.7927909735388)
"-7,395,473,366,661","4,079,389,377,563",37G-PM-1007-07,37G,PM,10072018,7,Adult,Gray,Cinnamon,Gray+Cinnamon,,Above Ground,5,,TRUE,FALSE,FALSE,FALSE,FALSE,,FALSE,FALSE,FALSE,FALSE,FALSE,FALSE,FALSE,TRUE,,POINT (-73.9547336666137 40.7938937756332)
"-7,396,914,333,567","4,077,317,083,332",11G-AM-1012-01,11G,AM,10122018,1,Adult,Gray,Cinnamon,Gray+Cinnamon,,Ground Plane,FALSE,,TRUE,FALSE,FALSE,FALSE,FALSE,,FALSE,FALSE,FALSE,FALSE,FALSE,FALSE,TRUE,FALSE,,POINT (-73.9691433356733 40.77317083332421)
"-7,397,209,073,846","4,077,629,878,361",13C-PM-1019-01,13C,PM,10192018,1,Adult,Gray,,Gray+,,Above Ground,7,,FALSE,FALSE,TRUE,FALSE,FALSE,,TRUE,FALSE,FALSE,FALSE,FALSE,FALSE,TRUE,FALSE,,POINT (-73.9720907384613 40.7762987836055)
"-7,397,092,814,714","4,078,280,979,398",20A-AM-1010-02,20A,AM,10102018,2,Adult,Gray,Cinnamon,Gray+Cinnamon,,Ground Plane,FALSE,,FALSE,FALSE,FALSE,FALSE,TRUE,,FALSE,FALSE,FALSE,FALSE,FALSE,FALSE,TRUE,FALSE,,POINT (-73.9709281471442 40.7828097939777)
"-7,397,311,132,652","4,077,866,406,764",15A-PM-1017-01,15A,PM,10172018,1,Adult,Gray,"Cinnamon, White","Gray+Cinnamon, White",,Above Ground,10,,FALSE,FALSE,TRUE,TRUE,FALSE,eating in tree,FALSE,FALSE,FALSE,FALSE,FALSE,FALSE,TRUE,FALSE,,POINT (-73.9731113265165 40.7786640676355)
"-7,396,842,541,969","4,077,809,016,436",16E-AM-1014-02,16E,AM,10142018,2,Adult,Gray,Cinnamon,Gray+Cinnamon,,Ground Plane,FALSE,,FALSE,FALSE,FALSE,TRUE,TRUE,,FALSE,FALSE,FALSE,FALSE,FALSE,TRUE,FALSE,FALSE,,POINT (-73.9684254196866 40.77809016436)
"-7,395,606,798,644","4,079,478,870,623",37E-PM-1006-06,37E,PM,10062018,6,Adult,Cinnamon,Gray,Cinnamon+Gray,,Ground Plane,FALSE,,FALSE,FALSE,FALSE,TRUE,TRUE,,FALSE,FALSE,FALSE,FALSE,FALSE,FALSE,TRUE,FALSE,,POINT (-73.9560679864426 40.7947887062326)
"-7,396,796,613,084","4,078,373,883,907",22C-AM-1013-01,22C,AM,10132018,1,Adult,Gray,Cinnamon,Gray+Cinnamon,,Above Ground,10,,FALSE,FALSE,FALSE,FALSE,FALSE,"sitting still,tail over back",FALSE,FALSE,FALSE,FALSE,FALSE,FALSE,FALSE,FALSE,,POINT (-73.9679661308374 40.7837388390673)
"-7,396,740,695,246","4,077,725,296,624",16F-PM-1013-02,16F,PM,10132018,2,Adult,Gray,Cinnamon,Gray+Cinnamon,,Ground Plane,FALSE,Woods,FALSE,FALSE,FALSE,FALSE,TRUE,,FALSE,FALSE,FALSE,FALSE,FALSE,FALSE,FALSE,TRUE,,POINT (-73.9674069524601 40.7772529662424)
"-7,396,961,736,778","4,077,052,027,905",8H-AM-1017-04,08H,AM,10172018,4,Adult,Gray,Cinnamon,Gray+Cinnamon,,Ground Plane,FALSE,,FALSE,FALSE,FALSE,TRUE,FALSE,,FALSE,FALSE,FALSE,FALSE,FALSE,FALSE,TRUE,FALSE,,POINT (-73.9696173677837 40.7705202790525)
"-7,397,565,735,791","407,656,644,063",1G-PM-1010-01,01G,PM,10102018,1,Adult,Gray,White,Gray+White,,Above Ground,15,,FALSE,FALSE,TRUE,TRUE,FALSE,,FALSE,FALSE,FALSE,TRUE,FALSE,FALSE,TRUE,FALSE,too busy eating in his tree,POINT (-73.9756573579063 40.7656644063024)
"-7,397,006,916,296","4,078,288,936,452",20A-PM-1017-01,20A,PM,10172018,1,Adult,Gray,Cinnamon,Gray+Cinnamon,,Ground Plane,FALSE,,FALSE,FALSE,FALSE,FALSE,TRUE,,FALSE,FALSE,FALSE,FALSE,FALSE,FALSE,TRUE,FALSE,,POINT (-73.97006916295742 40.7828893645197)
"-7,395,969,646,417","4,079,577,535,916",37B-AM-1018-03,37B,AM,10182018,3,Adult,Gray,,Gray+,,Ground Plane,FALSE,,FALSE,FALSE,FALSE,FALSE,TRUE,,FALSE,FALSE,FALSE,FALSE,FALSE,FALSE,FALSE,FALSE,,POINT (-73.9596964641652 40.7957753591585)
"-7,396,856,040,137","4,077,734,399,091",15F-PM-1010-03,15F,PM,10102018,3,Adult,Gray,,Gray+,,Ground Plane,FALSE,,FALSE,FALSE,FALSE,FALSE,TRUE,,FALSE,FALSE,FALSE,FALSE,FALSE,FALSE,TRUE,FALSE,,POINT (-73.9685604013735 40.7773439909065)
"-7,395,734,259,619","4,079,443,596,542",37E-PM-1006-09,37E,PM,10062018,9,Adult,Cinnamon,Gray,Cinnamon+Gray,,Ground Plane,FALSE,,FALSE,FALSE,FALSE,FALSE,FALSE,moseying,FALSE,FALSE,FALSE,FALSE,TRUE,TRUE,FALSE,FALSE,,POINT (-73.957342596188 40.7944359654227)
"-7,395,862,140,817","4,079,374,739,687",35D-PM-1013-03,35D,PM,10132018,3,Juvenile,Gray,White,Gray+White,No Tail!,Above Ground,2,bench,FALSE,FALSE,FALSE,TRUE,FALSE,,FALSE,FALSE,FALSE,FALSE,FALSE,FALSE,TRUE,FALSE,,POINT (-73.9586214081667 40.7937473968735)
"-7,395,281,497,798","4,079,249,848,106",36I-AM-1017-06,36I,AM,10172018,6,Adult,Gray,Black,Gray+Black,Darker than others,Above Ground,10,Running down tree,TRUE,FALSE,TRUE,FALSE,FALSE,,FALSE,FALSE,FALSE,FALSE,FALSE,FALSE,TRUE,FALSE,,POINT (-73.9528149779809 40.7924984810637)
"-7,397,174,254,943","4,076,642,276,767",3I-PM-1013-07,03I,PM,10132018,7,Adult,Gray,Black,Gray+Black,,Ground Plane,FALSE,,FALSE,FALSE,FALSE,FALSE,TRUE,,FALSE,FALSE,FALSE,FALSE,FALSE,FALSE,TRUE,FALSE,,POINT (-73.9717425494287 40.7664227676653)
"-7,396,951,764,177","40,774,172,519",12G-PM-1007-04,12G,PM,10072018,4,,Gray,Cinnamon,Gray+Cinnamon,,Ground Plane,FALSE,,FALSE,FALSE,FALSE,FALSE,TRUE,,FALSE,FALSE,FALSE,FALSE,FALSE,FALSE,FALSE,TRUE,,POINT (-73.9695176417703 40.7741725190048)
"-7,397,623,482,246","4,076,945,223,153",4D-PM-1008-08,04D,PM,10082018,8,Adult,Cinnamon,"Gray, White","Cinnamon+Gray, White",,Ground Plane,FALSE,,FALSE,FALSE,TRUE,TRUE,TRUE,climbed fence staring at me - went up tree,FALSE,FALSE,FALSE,FALSE,FALSE,FALSE,FALSE,TRUE,,POINT (-73.97623482246482 40.7694522315322)
"-7,395,230,018,344","4,079,492,310,002",39H-AM-1007-02,39H,AM,10072018,2,Adult,Gray,Cinnamon,Gray+Cinnamon,,Ground Plane,FALSE,,FALSE,FALSE,FALSE,TRUE,TRUE,,FALSE,FALSE,FALSE,FALSE,TRUE,FALSE,TRUE,FALSE,,POINT (-73.9523001834395 40.7949231000186)
"-7,397,502,837,949","4,077,241,019,278",8C-PM-1013-08,08C,PM,10132018,8,,Cinnamon,Gray,Cinnamon+Gray,,Ground Plane,FALSE,,FALSE,FALSE,FALSE,FALSE,TRUE,,FALSE,FALSE,FALSE,FALSE,FALSE,FALSE,TRUE,FALSE,,POINT (-73.9750283794865 40.7724101927821)
"-7,396,897,001,003","4,077,751,695,628",15E-PM-1008-05,15E,PM,10082018,5,Adult,Gray,,Gray+,,Above Ground,20,,FALSE,FALSE,FALSE,FALSE,FALSE,sitting,FALSE,TRUE,FALSE,FALSE,FALSE,FALSE,FALSE,FALSE,,POINT (-73.9689700100267 40.7775169562765)
"-739,683,965,842","407,718,679,849",10I-AM-1010-03,10I,AM,10102018,3,Adult,Gray,White,Gray+White,,Ground Plane,FALSE,,FALSE,FALSE,FALSE,FALSE,TRUE,,FALSE,FALSE,FALSE,FALSE,FALSE,FALSE,TRUE,FALSE,,POINT (-73.9683965841952 40.7718679848978)
"-7,395,540,958,236","407,887,305,802",32I-AM-1013-01,32I,AM,10132018,1,Adult,Gray,Cinnamon,Gray+Cinnamon,,Ground Plane,FALSE,,FALSE,FALSE,FALSE,FALSE,TRUE,,FALSE,FALSE,FALSE,TRUE,FALSE,FALSE,TRUE,FALSE,,POINT (-73.9554095823557 40.7887305802044)
"-7,396,960,011,841","4,078,208,106,735",19B-PM-1018-05,19B,PM,10182018,5,Juvenile,Gray,"Cinnamon, White","Gray+Cinnamon, White","Gray, Cinnamon & White selected as Primary. Gray & White selected as Highlights. Made executive adjustments.",Ground Plane,FALSE,,FALSE,FALSE,FALSE,TRUE,FALSE,,FALSE,FALSE,FALSE,FALSE,FALSE,FALSE,TRUE,FALSE,,POINT (-73.9696001184129 40.7820810673532)
"-7,397,950,812,747","4,076,914,315,485",3B-PM-1007-03,03B,PM,10072018,3,Adult,Gray,,Gray+,,Ground Plane,FALSE,,FALSE,FALSE,FALSE,FALSE,TRUE,,FALSE,FALSE,FALSE,FALSE,TRUE,FALSE,FALSE,FALSE,,POINT (-73.9795081274695 40.7691431548544)
"-7,395,787,795,566","4,079,341,165,397",35E-PM-1006-06,35E,PM,10062018,6,Adult,Gray,,Gray+,,Above Ground,,,FALSE,FALSE,FALSE,FALSE,TRUE,,FALSE,FALSE,FALSE,FALSE,FALSE,FALSE,FALSE,FALSE,,POINT (-73.9578779556574 40.7934116539732)
"-7,395,835,611,236","4,079,601,445,957",38C-AM-1019-07,38C,AM,10192018,7,Adult,Gray,Cinnamon,Gray+Cinnamon,Gray & Cinnamon selected as Primary. Nothing selected as Highlights. Made executive adjustments.,Ground Plane,FALSE,,TRUE,FALSE,FALSE,FALSE,TRUE,,FALSE,FALSE,FALSE,FALSE,TRUE,FALSE,FALSE,TRUE,,POINT (-73.958356112357 40.796014459571)
"-739,646,610,348","4,077,905,835,443",19H-AM-1010-05,19H,AM,10102018,5,Adult,Gray,Cinnamon,Gray+Cinnamon,,Ground Plane,FALSE,near a brush,FALSE,FALSE,FALSE,TRUE,TRUE,,FALSE,FALSE,FALSE,FALSE,FALSE,FALSE,FALSE,TRUE,,POINT (-73.9646610347972 40.7790583544252)
"-7,396,060,106,718","4,079,172,438,501",32D-PM-1006-09,32D,PM,10062018,9,Juvenile,Gray,"Black, Cinnamon, White","Gray+Black, Cinnamon, White",,Ground Plane,FALSE,,FALSE,FALSE,FALSE,TRUE,FALSE,,FALSE,FALSE,FALSE,FALSE,TRUE,TRUE,FALSE,FALSE,,POINT (-73.960601067176 40.7917243850136)
"-7,395,397,347,709","407,956,055,442",39G-PM-1013-04,39G,PM,10132018,4,Adult,Gray,Cinnamon,Gray+Cinnamon,,Ground Plane,FALSE,,FALSE,TRUE,FALSE,TRUE,FALSE,,FALSE,FALSE,FALSE,FALSE,FALSE,FALSE,FALSE,FALSE,,POINT (-73.9539734770934 40.7956055442)
"-7,395,406,166,602","4,079,515,566,032",38G-PM-1020-10,38G,PM,10202018,10,Adult,Gray,"Cinnamon, White","Gray+Cinnamon, White",,Ground Plane,FALSE,,TRUE,FALSE,FALSE,FALSE,FALSE,,FALSE,FALSE,FALSE,TRUE,FALSE,FALSE,FALSE,TRUE,,POINT (-73.9540616660191 40.7951556603245)
"-7,395,457,990,245","4,079,080,840,399",34I-PM-1010-01,34I,PM,10102018,1,Adult,Gray,,Gray+,,Above Ground,15,,FALSE,FALSE,FALSE,TRUE,FALSE,,FALSE,FALSE,FALSE,FALSE,FALSE,FALSE,FALSE,FALSE,,POINT (-73.9545799024508 40.7908084039886)
"-7,397,439,905,767","4,077,686,907,232",12A-PM-1013-04,12A,PM,10132018,4,,Gray,Cinnamon,Gray+Cinnamon,,Above Ground,1,,FALSE,TRUE,FALSE,FALSE,FALSE,chasing #3,FALSE,FALSE,FALSE,FALSE,FALSE,FALSE,TRUE,FALSE,,POINT (-73.9743990576746 40.7768690723163)
"-7,396,590,343,597","4,077,975,166,888",19F-AM-1007-02,19F,AM,10072018,2,Adult,Cinnamon,Gray,Cinnamon+Gray,,Above Ground,8,,FALSE,FALSE,FALSE,TRUE,FALSE,,FALSE,FALSE,FALSE,FALSE,FALSE,FALSE,TRUE,FALSE,,POINT (-73.9659034359706 40.77975166888441)
"-7,396,843,760,386","4,078,242,750,672",20C-PM-1018-09,20C,PM,10182018,9,Adult,Cinnamon,,Cinnamon+,,Ground Plane,FALSE,,TRUE,FALSE,FALSE,FALSE,TRUE,,FALSE,FALSE,FALSE,FALSE,FALSE,TRUE,FALSE,FALSE,,POINT (-73.9684376038582 40.7824275067237)
"-7,396,942,888,062","4,078,429,522,653",22A-PM-1017-01,22A,PM,10172018,1,Adult,Gray,,Gray+,,Ground Plane,FALSE,,FALSE,FALSE,TRUE,FALSE,FALSE,,FALSE,FALSE,FALSE,FALSE,FALSE,FALSE,FALSE,FALSE,,POINT (-73.9694288806212 40.7842952265291)
"-739,546,042,927","407,898,133,735",33I-PM-1006-07,33I,PM,10062018,7,Adult,Gray,,Gray+,,Ground Plane,FALSE,,TRUE,FALSE,FALSE,FALSE,FALSE,,FALSE,FALSE,FALSE,FALSE,FALSE,FALSE,FALSE,TRUE,,POINT (-73.9546042927016 40.7898133734952)
"-7,395,734,697,875","4,079,440,445,926",36E-AM-1013-03,36E,AM,10132018,3,Adult,Gray,White,Gray+White,,Ground Plane,FALSE,,FALSE,FALSE,FALSE,FALSE,TRUE,,FALSE,FALSE,FALSE,FALSE,FALSE,FALSE,TRUE,FALSE,indifferent (moving very fast),POINT (-73.9573469787503 40.7944044592573)
"-7,395,878,797","4,079,081,351,586",32F-AM-1012-01,32F,AM,10122018,1,,Gray,Cinnamon,Gray+Cinnamon,,Ground Plane,FALSE,,FALSE,FALSE,FALSE,FALSE,TRUE,made a back-door escape from dog off-leash,FALSE,FALSE,FALSE,FALSE,FALSE,FALSE,FALSE,TRUE,,POINT (-73.9587879699956 40.7908135158551)
"-7,396,309,908,232","407,885,764,284",28D-AM-1012-02,28D,AM,10122018,2,Adult,Black,,Black+,,Ground Plane,FALSE,,FALSE,FALSE,FALSE,TRUE,TRUE,,FALSE,FALSE,FALSE,FALSE,FALSE,FALSE,FALSE,TRUE,,POINT (-73.9630990823243 40.7885764284016)
"-7,396,998,435,706","4,077,294,804,403",10G-AM-1006-01,10G,AM,10062018,1,Adult,Gray,,Gray+,,Above Ground,80,,FALSE,FALSE,TRUE,FALSE,FALSE,,FALSE,FALSE,FALSE,FALSE,TRUE,FALSE,TRUE,FALSE,,POINT (-73.96998435706361 40.7729480440312)
"-7,395,343,062,917","4,079,590,520,738",39G-PM-1013-07,39G,PM,10132018,7,Adult,Gray,Cinnamon,Gray+Cinnamon,,Ground Plane,FALSE,,FALSE,FALSE,FALSE,FALSE,TRUE,,FALSE,FALSE,FALSE,FALSE,FALSE,FALSE,TRUE,FALSE,,POINT (-73.9534306291679 40.7959052073753)
"-7,396,523,572,797","4,078,192,968,871",21E-PM-1012-02,21E,PM,10122018,2,Adult,Gray,"Black, Cinnamon, White","Gray+Black, Cinnamon, White",,Ground Plane,FALSE,,FALSE,FALSE,FALSE,TRUE,FALSE,,FALSE,FALSE,FALSE,FALSE,FALSE,FALSE,TRUE,FALSE,,POINT (-73.9652357279671 40.7819296887147)
"-7,396,783,299,254","4,077,836,699,134",17E-PM-1018-03,17E,PM,10182018,3,Adult,Gray,,Gray+,,Ground Plane,FALSE,,TRUE,FALSE,FALSE,FALSE,FALSE,,FALSE,FALSE,FALSE,FALSE,FALSE,FALSE,TRUE,FALSE,,POINT (-73.967832992543 40.7783669913408)
"-7,397,089,692,463","4,077,676,955,075",14D-AM-1014-03,14D,AM,10142018,3,Adult,Gray,"Cinnamon, White","Gray+Cinnamon, White",,Ground Plane,FALSE,,FALSE,FALSE,FALSE,TRUE,TRUE,,FALSE,FALSE,FALSE,FALSE,FALSE,FALSE,TRUE,FALSE,,POINT (-73.9708969246276 40.7767695507462)
"-7,395,448,101,115","4,079,544,696,789",39F-PM-1006-03,39F,PM,10062018,3,Adult,Gray,White,Gray+White,,Above Ground,15,lower branch of tree,FALSE,FALSE,FALSE,TRUE,FALSE,,FALSE,FALSE,FALSE,FALSE,FALSE,FALSE,FALSE,TRUE,ran up tree when approached,POINT (-73.95448101115 40.7954469678857)
"-739,705,123,625","4,077,317,237,579",10F-PM-1019-11,10F,PM,10192018,11,Adult,Gray,Cinnamon,Gray+Cinnamon,,Ground Plane,FALSE,Grassy area,FALSE,FALSE,FALSE,FALSE,TRUE,,FALSE,FALSE,FALSE,FALSE,FALSE,FALSE,FALSE,TRUE,,POINT (-73.9705123624953 40.7731723757869)
"-7,396,675,600,497","4,078,823,338,307",27A-PM-1006-01,27A,PM,10062018,1,Juvenile,Gray,Cinnamon,Gray+Cinnamon,,Above Ground,,on a tree,FALSE,FALSE,FALSE,TRUE,TRUE,walking up & down branches,FALSE,FALSE,FALSE,FALSE,FALSE,FALSE,TRUE,FALSE,,POINT (-73.9667560049684 40.7882333830729)
"-7,396,873,952,288","4,078,073,644,814",18D-AM-1018-02,18D,AM,10182018,2,Adult,Gray,,Gray+,,Ground Plane,FALSE,,FALSE,FALSE,FALSE,FALSE,TRUE,,FALSE,FALSE,FALSE,FALSE,FALSE,FALSE,FALSE,FALSE,,POINT (-73.9687395228846 40.7807364481385)
"-7,397,823,514,359","4,077,158,966,723",6A-AM-1006-03,06A,AM,10062018,3,Adult,Gray,"Cinnamon, White","Gray+Cinnamon, White",,Above Ground,30,tree,FALSE,TRUE,FALSE,TRUE,FALSE,,FALSE,FALSE,FALSE,TRUE,TRUE,FALSE,FALSE,FALSE,,POINT (-73.9782351435852 40.7715896672335)
"-7,397,574,132,156","407,692,582,759",4E-PM-1008-04,04E,PM,10082018,4,Adult,Gray,,Gray+,,Above Ground,10,,TRUE,TRUE,TRUE,FALSE,FALSE,,FALSE,FALSE,FALSE,FALSE,FALSE,FALSE,TRUE,FALSE,,POINT (-73.9757413215621 40.7692582758978)
"-7,395,831,019,277","407,852,649,316",27I-PM-1020-05,27I,PM,10202018,5,Adult,Gray,Cinnamon,Gray+Cinnamon,,Above Ground,10,In tree,TRUE,FALSE,FALSE,FALSE,FALSE,,FALSE,FALSE,FALSE,FALSE,FALSE,FALSE,FALSE,TRUE,runs from (us),POINT (-73.9583101927652 40.7852649316039)
"-7,397,655,955,532","4,077,484,553,404",10A-PM-1014-04,10A,PM,10142018,4,Adult,Gray,Cinnamon,Gray+Cinnamon,,Ground Plane,FALSE,,TRUE,FALSE,FALSE,FALSE,FALSE,,FALSE,FALSE,FALSE,FALSE,FALSE,FALSE,FALSE,TRUE,,POINT (-73.9765595553183 40.7748455340432)
"-739,655,095,764","4,077,524,567,633",14I-PM-1018-05,14I,PM,10182018,5,Adult,Gray,Cinnamon,Gray+Cinnamon,,Above Ground,2,,FALSE,FALSE,TRUE,TRUE,FALSE,,FALSE,FALSE,FALSE,FALSE,TRUE,FALSE,TRUE,FALSE,,POINT (-73.96550957640301 40.7752456763263)
"-7,397,449,608,298","407,652,585,502",1H-AM-1012-01,01H,AM,10122018,1,Adult,Gray,"Cinnamon, White","Gray+Cinnamon, White",,Ground Plane,FALSE,,FALSE,FALSE,FALSE,FALSE,TRUE,,FALSE,FALSE,FALSE,FALSE,FALSE,TRUE,FALSE,TRUE,first approaches then runs from - he was less than 1 yd. away from me.,POINT (-73.9744960829844 40.7652585501959)
"-7,397,031,617,459","4,077,026,104,613",8H-PM-1014-05,08H,PM,10142018,5,Juvenile,Gray,,Gray+,,Above Ground,2,,FALSE,FALSE,TRUE,FALSE,FALSE,,FALSE,FALSE,FALSE,FALSE,FALSE,FALSE,FALSE,TRUE,,POINT (-73.9703161745884 40.7702610461336)
"-7,396,059,666,362","4,078,898,491,086",30E-AM-1008-01,30E,AM,10082018,1,Adult,Gray,White,Gray+White,,Ground Plane,FALSE,,FALSE,FALSE,FALSE,FALSE,TRUE,,FALSE,FALSE,FALSE,FALSE,TRUE,FALSE,FALSE,TRUE,scurried into bushes when jogger ran by,POINT (-73.9605966636226 40.7889849108637)
"-7,397,302,245,616","4,077,968,333,539",16A-PM-1019-04,16A,PM,10192018,4,Adult,Gray,Cinnamon,Gray+Cinnamon,,Ground Plane,FALSE,,FALSE,FALSE,FALSE,FALSE,TRUE,,FALSE,FALSE,FALSE,FALSE,TRUE,FALSE,TRUE,FALSE,,POINT (-73.9730224561601 40.7796833353894)
"-7,397,594,321,516","4,077,332,406,126",8B-PM-1012-06,08B,PM,10122018,6,Adult,Gray,"Cinnamon, White","Gray+Cinnamon, White",,Above Ground,2,on a bench,FALSE,FALSE,FALSE,TRUE,TRUE,,FALSE,FALSE,FALSE,FALSE,FALSE,FALSE,TRUE,FALSE,,POINT (-73.9759432151552 40.7733240612552)
"-7,397,244,522,963","4,077,157,921,135",8F-PM-1012-03,08F,PM,10122018,3,Adult,Gray,Cinnamon,Gray+Cinnamon,,Ground Plane,FALSE,,FALSE,FALSE,FALSE,FALSE,TRUE,buried an acorn,FALSE,FALSE,FALSE,FALSE,FALSE,FALSE,TRUE,FALSE,,POINT (-73.9724452296309 40.7715792113505)
"-7,397,129,715,683","4,077,455,207,171",11E-AM-1013-02,11E,AM,10132018,2,Adult,Gray,Black,Gray+Black,,Ground Plane,FALSE,,FALSE,FALSE,FALSE,TRUE,TRUE,,FALSE,FALSE,FALSE,FALSE,FALSE,FALSE,TRUE,FALSE,,POINT (-73.9712971568288 40.7745520717065)
"-7,396,116,961,448","4,078,166,928,952",22I-AM-1007-03,22I,AM,10072018,3,Adult,Gray,,Gray+,,Above Ground,30,,FALSE,FALSE,TRUE,FALSE,FALSE,,FALSE,FALSE,FALSE,FALSE,FALSE,FALSE,TRUE,FALSE,,POINT (-73.9611696144784 40.7816692895155)
"-7,395,429,901,506","4,079,409,153,007",37G-PM-1007-09,37G,PM,10072018,9,Adult,Cinnamon,White,Cinnamon+White,,,,,FALSE,FALSE,FALSE,FALSE,TRUE,,FALSE,FALSE,FALSE,FALSE,FALSE,FALSE,FALSE,FALSE,,POINT (-73.9542990150586 40.7940915300678)
"-7,396,896,570,399","4,077,678,342,768",15F-AM-1007-04,15F,AM,10072018,4,Adult,Cinnamon,White,Cinnamon+White,,Ground Plane,FALSE,,FALSE,FALSE,FALSE,TRUE,TRUE,,FALSE,FALSE,FALSE,FALSE,FALSE,FALSE,FALSE,FALSE,,POINT (-73.9689657039917 40.7767834276767)
"-7,397,074,710,995","4,077,592,551,317",13E-AM-1017-08,13E,AM,10172018,8,Adult,Gray,Cinnamon,Gray+Cinnamon,,Ground Plane,FALSE,,FALSE,FALSE,FALSE,FALSE,TRUE,,FALSE,FALSE,FALSE,FALSE,FALSE,FALSE,FALSE,FALSE,,POINT (-73.9707471099503 40.7759255131734)
"-7,397,133,305,944","4,077,719,242,142",14D-AM-1014-10,14D,AM,10142018,10,Adult,Gray,"Cinnamon, White","Gray+Cinnamon, White",,Ground Plane,FALSE,,FALSE,FALSE,FALSE,FALSE,TRUE,,FALSE,FALSE,FALSE,FALSE,FALSE,FALSE,TRUE,FALSE,,POINT (-73.9713330594434 40.7771924214236)
"-7,397,054,098,833","4,076,981,030,671",7H-AM-1006-06,07H,AM,10062018,6,Adult,Gray,Cinnamon,Gray+Cinnamon,,Above Ground,12,,FALSE,TRUE,FALSE,FALSE,FALSE,,FALSE,FALSE,FALSE,FALSE,FALSE,FALSE,TRUE,FALSE,,POINT (-73.970540988328 40.7698103067062)
"-7,397,400,077,595","4,076,500,770,865",1H-PM-1013-01,01H,PM,10132018,1,Adult,Gray,,Gray+,,Ground Plane,FALSE,,FALSE,FALSE,FALSE,TRUE,TRUE,,FALSE,FALSE,FALSE,FALSE,FALSE,FALSE,TRUE,FALSE,,POINT (-73.9740007759509 40.7650077086539)
"-7,395,667,510,223","4,079,903,578,974",41C-PM-1007-04,41C,PM,10072018,4,Adult,Gray,White,Gray+White,,Above Ground,65,,FALSE,FALSE,TRUE,FALSE,FALSE,,FALSE,FALSE,FALSE,FALSE,FALSE,FALSE,FALSE,FALSE,,POINT (-73.9566751022336 40.799035789744)
"-7,396,396,351,347","4,079,003,375,987",29B-PM-1010-05,29B,PM,10102018,5,Adult,Gray,"Cinnamon, White","Gray+Cinnamon, White",,Ground Plane,FALSE,,FALSE,FALSE,FALSE,TRUE,TRUE,,FALSE,FALSE,FALSE,FALSE,FALSE,FALSE,TRUE,FALSE,,POINT (-73.9639635134738 40.7900337598704)
"-7,397,610,364,001","4,077,054,826,846",6D-PM-1020-03,06D,PM,10202018,3,Juvenile,Gray,,Gray+,,Ground Plane,FALSE,,FALSE,TRUE,FALSE,FALSE,FALSE,,FALSE,FALSE,FALSE,FALSE,TRUE,FALSE,FALSE,TRUE,,POINT (-73.9761036400144 40.7705482684594)
"-7,397,248,017,842","4,077,901,319,667",15B-PM-1017-05,15B,PM,10172018,5,Adult,Gray,White,Gray+White,,Ground Plane,FALSE,,FALSE,FALSE,FALSE,TRUE,TRUE,,FALSE,FALSE,FALSE,FALSE,FALSE,FALSE,TRUE,FALSE,,POINT (-73.9724801784201 40.7790131966689)
"-7,396,356,587,864","4,077,772,917,779",18I-AM-1017-03,18I,AM,10172018,3,Adult,Cinnamon,Black,Cinnamon+Black,,Ground Plane,FALSE,,FALSE,FALSE,FALSE,FALSE,TRUE,,FALSE,FALSE,FALSE,FALSE,FALSE,FALSE,TRUE,FALSE,,POINT (-73.9635658786416 40.77772917779011)
"-7,397,164,047,813","4,077,531,818,518",12D-PM-1014-02,12D,PM,10142018,2,Adult,Gray,White,Gray+White,,Above Ground,15,,FALSE,FALSE,TRUE,FALSE,FALSE,seems to be grinding teeth on a piece of material (sounds from grinding),FALSE,FALSE,FALSE,FALSE,FALSE,FALSE,TRUE,FALSE,,POINT (-73.9716404781264 40.7753181851766)
"-7,396,720,546,102","4,078,765,199,235",26A-PM-1006-05,26A,PM,10062018,5,Adult,Gray,,Gray+,,Above Ground,40,,FALSE,TRUE,FALSE,FALSE,FALSE,,FALSE,FALSE,FALSE,FALSE,TRUE,FALSE,FALSE,FALSE,,POINT (-73.9672054610151 40.7876519923501)
"-7,396,148,244,373","4,079,129,297,999",32C-PM-1013-03,32C,PM,10132018,3,Adult,Gray,,Gray+,,Ground Plane,FALSE,,FALSE,TRUE,FALSE,FALSE,FALSE,,FALSE,FALSE,FALSE,FALSE,TRUE,FALSE,FALSE,FALSE,,POINT (-73.9614824437251 40.7912929799884)
"-7,395,714,079,916","4,079,319,173,964",35E-PM-1006-02,35E,PM,10062018,2,Adult,Gray,"Cinnamon, White","Gray+Cinnamon, White",,Ground Plane,FALSE,,FALSE,FALSE,FALSE,FALSE,TRUE,,FALSE,FALSE,FALSE,FALSE,FALSE,TRUE,FALSE,FALSE,begging for food,POINT (-73.9571407991577 40.7931917396406)
"-7,397,071,972,745","4,077,739,568,034",14D-PM-1019-12,14D,PM,10192018,12,Adult,Gray,,Gray+,,,,,FALSE,FALSE,FALSE,FALSE,FALSE,,FALSE,FALSE,FALSE,FALSE,FALSE,FALSE,FALSE,FALSE,,POINT (-73.9707197274481 40.7773956803431)
"-739,623,696,148","4,079,218,486,138",32B-AM-1017-04,32B,AM,10172018,4,Adult,Gray,Cinnamon,Gray+Cinnamon,,Above Ground,13,,FALSE,FALSE,TRUE,FALSE,FALSE,,FALSE,FALSE,FALSE,FALSE,FALSE,FALSE,FALSE,TRUE,,POINT (-73.9623696148045 40.792184861375)
"-7,395,760,350,724","4,079,661,208,248",38C-AM-1019-01,38C,AM,10192018,1,Juvenile,Gray,White,Gray+White,,Ground Plane,FALSE,,TRUE,FALSE,FALSE,FALSE,FALSE,,FALSE,FALSE,FALSE,FALSE,FALSE,FALSE,FALSE,TRUE,runs from (lawnmower),POINT (-73.9576035072364 40.7966120824816)
"-7,396,735,485,271","4,077,656,690,584",15G-PM-1019-11,15G,PM,10192018,11,Adult,Gray,,Gray+,,Above Ground,4,,FALSE,FALSE,TRUE,FALSE,FALSE,,FALSE,FALSE,FALSE,FALSE,FALSE,FALSE,FALSE,FALSE,stared,POINT (-73.9673548527075 40.7765669058396)
"-7,397,048,628,643","4,077,395,831,117",11F-PM-1006-02,11F,PM,10062018,2,Adult,Gray,,Gray+,,Ground Plane,FALSE,,FALSE,FALSE,FALSE,FALSE,TRUE,,FALSE,FALSE,FALSE,FALSE,FALSE,FALSE,TRUE,FALSE,,POINT (-73.9704862864304 40.7739583111676)
"-7,397,031,567,192","4,077,209,053,955",10G-PM-1017-02,10G,PM,10172018,2,Adult,Gray,Cinnamon,Gray+Cinnamon,,Ground Plane,FALSE,,FALSE,FALSE,FALSE,TRUE,FALSE,,FALSE,FALSE,FALSE,FALSE,FALSE,FALSE,TRUE,FALSE,,POINT (-73.970315671921 40.7720905395472)
"-7,395,963,989,972","4,079,333,869,538",34D-PM-1007-02,34D,PM,10072018,2,Adult,Black,,Black+,,Above Ground,25,,TRUE,FALSE,TRUE,FALSE,FALSE,,FALSE,FALSE,FALSE,FALSE,FALSE,FALSE,FALSE,FALSE,cautiously aware,POINT (-73.9596398997228 40.7933386953847)
"-7,395,489,578,621","4,079,448,444,646",37G-AM-1014-05,37G,AM,10142018,5,Adult,Gray,,Gray+,,Ground Plane,FALSE,,FALSE,FALSE,FALSE,FALSE,TRUE,,FALSE,FALSE,FALSE,FALSE,FALSE,FALSE,TRUE,FALSE,,POINT (-73.9548957862084 40.7944844464619)
"-7,396,408,010,419","4,079,078,986,273",30B-AM-1007-02,30B,AM,10072018,2,Adult,Gray,,Gray+,,Above Ground,15,,TRUE,FALSE,FALSE,FALSE,FALSE,,FALSE,FALSE,FALSE,FALSE,FALSE,FALSE,FALSE,FALSE,,POINT (-73.964080104186 40.7907898627287)
"-739,781,303,869","4,077,250,003,489",7A-AM-1006-02,07A,AM,10062018,2,Adult,Gray,Cinnamon,Gray+Cinnamon,,Above Ground,8,in tree,FALSE,FALSE,TRUE,FALSE,FALSE,,FALSE,FALSE,FALSE,FALSE,FALSE,FALSE,FALSE,TRUE,,POINT (-73.9781303869038 40.7725000348875)
"-7,396,721,272,833","4,078,106,668,051",20D-AM-1007-01,20D,AM,10072018,1,Adult,Gray,,Gray+,too far to note 30',Ground Plane,FALSE,,TRUE,FALSE,TRUE,TRUE,FALSE,a lot of activity,FALSE,FALSE,FALSE,TRUE,FALSE,FALSE,FALSE,FALSE,,POINT (-73.9672127283283 40.7810666805133)
"-7,395,568,179,584","4,078,885,200,062",32I-AM-1013-02,32I,AM,10132018,2,Juvenile,Gray,Cinnamon,Gray+Cinnamon,,Above Ground,15,,FALSE,FALSE,TRUE,FALSE,FALSE,,FALSE,FALSE,FALSE,FALSE,FALSE,FALSE,FALSE,FALSE,watching me from tree - curious,POINT (-73.9556817958407 40.788852000621)
"-73,975,200,013","4,077,329,181,222",8C-PM-1013-04,08C,PM,10132018,4,Juvenile,Cinnamon,White,Cinnamon+White,,Ground Plane,FALSE,,TRUE,FALSE,FALSE,FALSE,FALSE,,FALSE,FALSE,FALSE,FALSE,FALSE,FALSE,TRUE,FALSE,,POINT (-73.9752000129992 40.7732918122239)
"-7,396,988,170,792","4,077,583,226,277",13E-PM-1008-10,13E,PM,10082018,10,Adult,Cinnamon,White,Cinnamon+White,,Ground Plane,FALSE,,FALSE,FALSE,FALSE,TRUE,TRUE,,FALSE,FALSE,FALSE,FALSE,TRUE,FALSE,FALSE,TRUE,,POINT (-73.9698817079185 40.7758322627711)
"-7,397,570,019,448","4,076,949,979,055",5E-AM-1008-09,05E,AM,10082018,9,Adult,Cinnamon,Gray,Cinnamon+Gray,,Above Ground,2,went up tree,TRUE,FALSE,FALSE,FALSE,FALSE,,FALSE,FALSE,FALSE,FALSE,FALSE,FALSE,TRUE,FALSE,,POINT (-73.9757001944781 40.769499790547)
"-7,395,848,354,168","4,079,782,133,969",39B-PM-1014-06,39B,PM,10142018,6,Adult,Gray,Cinnamon,Gray+Cinnamon,,Above Ground,10,,FALSE,FALSE,TRUE,FALSE,FALSE,,FALSE,FALSE,FALSE,FALSE,FALSE,FALSE,TRUE,FALSE,,POINT (-73.9584835416846 40.7978213396921)
"-7,396,068,170,535","4,079,173,204,504",32D-PM-1006-07,32D,PM,10062018,7,Adult,Gray,"Black, Cinnamon, White","Gray+Black, Cinnamon, White",,Ground Plane,FALSE,,FALSE,FALSE,FALSE,TRUE,FALSE,,FALSE,FALSE,FALSE,TRUE,FALSE,FALSE,TRUE,FALSE,,POINT (-73.9606817053484 40.7917320450401)
"-7,396,495,901,199","4,078,221,079,208",21F-AM-1018-01,21F,AM,10182018,1,Adult,Gray,,Gray+,,Above Ground,15,,FALSE,FALSE,TRUE,FALSE,FALSE,,FALSE,FALSE,FALSE,FALSE,TRUE,FALSE,TRUE,FALSE,,POINT (-73.9649590119935 40.7822107920769)
"-739,597,094,147","407,919,745,086",33D-PM-1006-03,33D,PM,10062018,3,,Black,,Black+,,Above Ground,15,,TRUE,FALSE,FALSE,TRUE,FALSE,,FALSE,FALSE,FALSE,FALSE,TRUE,FALSE,FALSE,TRUE,ran up tree,POINT (-73.959709414696 40.7919745085986)
"-7,397,359,468,355","4,077,241,557,513",8E-PM-1008-01,08E,PM,10082018,1,Adult,Gray,White,Gray+White,,Ground Plane,FALSE,by tree trunk base,FALSE,FALSE,FALSE,TRUE,FALSE,,FALSE,FALSE,FALSE,FALSE,FALSE,TRUE,FALSE,FALSE,eating food being thrown at it by a mom & baby,POINT (-73.9735946835545 40.7724155751282)
"-7,395,883,588,797","4,079,126,319,131",33E-PM-1012-01,33E,PM,10122018,1,Adult,Gray,White,Gray+White,,Ground Plane,FALSE,,FALSE,FALSE,FALSE,TRUE,TRUE,,FALSE,FALSE,FALSE,FALSE,FALSE,FALSE,FALSE,TRUE,,POINT (-73.9588358879692 40.7912631913057)
"-7,396,804,507,274","4,078,366,267,172",22C-AM-1013-02,22C,AM,10132018,2,Adult,Cinnamon,Gray,Cinnamon+Gray,,Above Ground,4,,FALSE,FALSE,TRUE,FALSE,TRUE,,TRUE,FALSE,FALSE,TRUE,FALSE,FALSE,FALSE,TRUE,,POINT (-73.968045072743 40.7836626717225)
"-739,793,162,759","4,076,921,347,276",3B-PM-1007-01,03B,PM,10072018,1,Adult,Gray,White,Gray+White,,Above Ground,,in tree,FALSE,FALSE,FALSE,FALSE,FALSE,chased by dog,FALSE,FALSE,FALSE,FALSE,FALSE,FALSE,FALSE,FALSE,,POINT (-73.979316275899 40.7692134727555)
"-739,550,351,381","4,079,746,815,222",40E-AM-1014-01,40E,AM,10142018,1,Adult,Gray,White,Gray+White,,Ground Plane,FALSE,,TRUE,FALSE,FALSE,FALSE,FALSE,,FALSE,FALSE,FALSE,FALSE,FALSE,FALSE,FALSE,TRUE,,POINT (-73.9550351380957 40.7974681522214)
"-7,395,783,165,255","4,078,901,029,596",31G-PM-1007-01,31G,PM,10072018,1,Adult,Gray,,Gray+,,Above Ground,15,,FALSE,FALSE,FALSE,FALSE,FALSE,hiding,FALSE,FALSE,FALSE,FALSE,TRUE,FALSE,FALSE,FALSE,"froze,sight of dogs",POINT (-73.9578316525492 40.7890102959629)
"-739,592,537,497","4,079,192,718,213",33E-AM-1014-03,33E,AM,10142018,3,Adult,Black,,Black+,,Above Ground,5,,FALSE,FALSE,TRUE,FALSE,FALSE,,FALSE,FALSE,FALSE,FALSE,FALSE,FALSE,FALSE,TRUE,,POINT (-73.9592537496995 40.7919271821316)
"-7,397,339,662,823","4,077,171,796,271",8E-PM-1008-08,08E,PM,10082018,8,Adult,Gray,White,Gray+White,,Ground Plane,FALSE,,FALSE,FALSE,FALSE,FALSE,TRUE,,FALSE,FALSE,FALSE,FALSE,FALSE,FALSE,FALSE,FALSE,,POINT (-73.9733966282316 40.7717179627127)
"-7,397,072,018,766","4,077,745,648",14D-PM-1019-11,14D,PM,10192018,11,Adult,Gray,,Gray+,,,,,FALSE,FALSE,FALSE,FALSE,FALSE,,FALSE,FALSE,FALSE,FALSE,FALSE,FALSE,FALSE,FALSE,,POINT (-73.970720187655 40.7774564799983)
"-7,397,908,754,804","4,076,761,047,807",2C-AM-1010-03,02C,AM,10102018,3,Adult,Black,Gray,Black+Gray,,Above Ground,30,,FALSE,FALSE,TRUE,FALSE,FALSE,,FALSE,FALSE,FALSE,FALSE,FALSE,FALSE,FALSE,FALSE,,POINT (-73.9790875480358 40.7676104780657)
"-739,802,376,131","4,076,807,075,166",1B-AM-1012-12,01B,AM,10122018,12,Adult,Cinnamon,Gray,Cinnamon+Gray,,Ground Plane,FALSE,,TRUE,FALSE,FALSE,FALSE,FALSE,,FALSE,FALSE,FALSE,FALSE,FALSE,FALSE,TRUE,FALSE,,POINT (-73.9802376131034 40.7680707516627)
"-7,395,772,126,297","4,079,655,252,967",38C-PM-1014-06,38C,PM,10142018,6,Adult,Gray,Cinnamon,Gray+Cinnamon,,Ground Plane,FALSE,,FALSE,FALSE,FALSE,TRUE,TRUE,,FALSE,FALSE,FALSE,FALSE,FALSE,FALSE,TRUE,FALSE,,POINT (-73.9577212629651 40.7965525296722)
"-7,397,198,882,418","4,076,676,816,854",4I-PM-1007-03,04I,PM,10072018,3,Adult,Gray,"Cinnamon, White","Gray+Cinnamon, White",,Above Ground,3,ran to tree,FALSE,FALSE,FALSE,FALSE,FALSE,being chased,FALSE,FALSE,FALSE,FALSE,FALSE,FALSE,FALSE,FALSE,,POINT (-73.9719888241794 40.7667681685356)
"-7,395,656,863,004","40,797,592,846",40C-PM-1006-03,40C,PM,10062018,3,Adult,Gray,,Gray+,,Ground Plane,FALSE,,TRUE,FALSE,FALSE,FALSE,FALSE,,FALSE,FALSE,FALSE,FALSE,FALSE,FALSE,FALSE,FALSE,,POINT (-73.9565686300382 40.797592846003)
"-7,396,692,066,057","4,077,481,557,011",13H-PM-1010-03,13H,PM,10102018,3,Adult,Gray,,Gray+,,Ground Plane,FALSE,in glen,FALSE,FALSE,FALSE,TRUE,FALSE,,FALSE,FALSE,FALSE,FALSE,FALSE,FALSE,TRUE,FALSE,,POINT (-73.9669206605745 40.7748155701122)
"-7,396,904,169,619","407,716,618,671",10H-AM-1014-05,10H,AM,10142018,5,,Cinnamon,,Cinnamon+,,Ground Plane,FALSE,,FALSE,FALSE,FALSE,FALSE,TRUE,,FALSE,FALSE,FALSE,FALSE,FALSE,FALSE,FALSE,FALSE,,POINT (-73.9690416961886 40.7716618670996)
"-739,613,643,418","4,078,924,319,342",30D-AM-1017-02,30D,AM,10172018,2,Adult,Gray,,Gray+,,Ground Plane,FALSE,,FALSE,FALSE,FALSE,FALSE,TRUE,,FALSE,FALSE,FALSE,FALSE,FALSE,FALSE,TRUE,FALSE,,POINT (-73.9613643418025 40.7892431934209)
"-7,396,867,378,669","4,077,397,140,237",12G-PM-1007-06,12G,PM,10072018,6,,Gray,Cinnamon,Gray+Cinnamon,,,,,FALSE,FALSE,FALSE,FALSE,TRUE,,FALSE,FALSE,FALSE,FALSE,FALSE,FALSE,TRUE,FALSE,,POINT (-73.9686737866872 40.7739714023732)
"-7,397,634,332,024","4,077,384,734,907",9B-PM-1013-10,09B,PM,10132018,10,Juvenile,Cinnamon,Gray,Cinnamon+Gray,"""Brown"" written in as Primary",Above Ground,12,,FALSE,FALSE,FALSE,TRUE,FALSE,,FALSE,FALSE,FALSE,FALSE,FALSE,FALSE,TRUE,FALSE,,POINT (-73.9763433202401 40.7738473490681)
"-7,395,905,022,577","4,079,429,036,369",36C-PM-1013-06,36C,PM,10132018,6,Adult,Gray,,Gray+,,Ground Plane,FALSE,Running across wide street,TRUE,FALSE,FALSE,FALSE,TRUE,carrying food in mouth,FALSE,FALSE,FALSE,FALSE,FALSE,FALSE,FALSE,FALSE,,POINT (-73.9590502257662 40.794290363687)
"-7,396,586,210,099","4,078,259,268,969",22D-PM-1012-01,22D,PM,10122018,1,Adult,Gray,"Black, White","Gray+Black, White",,Above Ground,5,,FALSE,FALSE,TRUE,FALSE,FALSE,,TRUE,FALSE,FALSE,FALSE,FALSE,FALSE,FALSE,FALSE,climbing tree,POINT (-73.965862100991 40.7825926896917)
"-7,396,819,173,661","4,077,232,988,138",11I-PM-1012-03,11I,PM,10122018,3,Adult,Gray,,Gray+,,Ground Plane,FALSE,,TRUE,FALSE,TRUE,FALSE,TRUE,,FALSE,FALSE,FALSE,FALSE,FALSE,FALSE,FALSE,TRUE,runs from the dog,POINT (-73.9681917366128 40.7723298813768)
"-7,395,974,706,599","4,079,732,159,354",38A-PM-1013-01,38A,PM,10132018,1,Adult,Gray,Cinnamon,Gray+Cinnamon,,Ground Plane,FALSE,,TRUE,FALSE,FALSE,FALSE,TRUE,,FALSE,FALSE,FALSE,FALSE,TRUE,FALSE,FALSE,TRUE,,POINT (-73.9597470659927 40.7973215935416)
"-7,396,807,745,485","4,077,624,919,037",14F-PM-1012-01,14F,PM,10122018,1,Adult,Gray,Cinnamon,Gray+Cinnamon,,Ground Plane,FALSE,,TRUE,FALSE,FALSE,TRUE,TRUE,,FALSE,FALSE,FALSE,FALSE,FALSE,FALSE,TRUE,FALSE,,POINT (-73.9680774548516 40.7762491903691)
"-7,397,866,031,471","407,671,937,837",1D-AM-1006-09,01D,AM,10062018,9,Adult,Cinnamon,White,Cinnamon+White,,Ground Plane,FALSE,,TRUE,FALSE,FALSE,FALSE,TRUE,,FALSE,FALSE,FALSE,FALSE,TRUE,FALSE,TRUE,FALSE,,POINT (-73.9786603147149 40.7671937837017)
"-7,397,663,549,672","4,077,345,751,663",8B-AM-1007-09,08B,AM,10072018,9,Adult,Gray,,Gray+,,Ground Plane,FALSE,,TRUE,FALSE,FALSE,TRUE,FALSE,"shelling and eating a nut then a dog chased it up a tree & squirrel carried its nut up the tree,settled in a branch & resumed eating",FALSE,FALSE,FALSE,FALSE,FALSE,FALSE,TRUE,FALSE,,POINT (-73.9766354967197 40.7734575166319)
"-7,397,876,584,352","4,076,894,197,654",3B-PM-1007-07,03B,PM,10072018,7,Adult,Gray,White,Gray+White,,Ground Plane,FALSE,,FALSE,FALSE,FALSE,TRUE,FALSE,eating loudly <- peanuts w/ shells,FALSE,FALSE,FALSE,FALSE,FALSE,FALSE,TRUE,FALSE,,POINT (-73.9787658435198 40.7689419765393)
"-7,396,337,601,736","4,078,184,223,576",22G-PM-1018-03,22G,PM,10182018,3,Juvenile,Gray,Cinnamon,Gray+Cinnamon,,Ground Plane,FALSE,,TRUE,FALSE,FALSE,FALSE,FALSE,chilling,FALSE,FALSE,FALSE,FALSE,FALSE,FALSE,TRUE,FALSE,observed,POINT (-73.96337601736352 40.7818422357619)
"-7,395,308,096,505","4,079,591,763,177",40G-PM-1013-02,40G,PM,10132018,2,Adult,Gray,,Gray+,,Ground Plane,FALSE,,TRUE,FALSE,FALSE,TRUE,FALSE,hiding from dog,FALSE,FALSE,FALSE,FALSE,FALSE,FALSE,FALSE,TRUE,runs from (dog),POINT (-73.9530809650496 40.79591763177051)
"-7,395,840,249,364","4,078,514,917,019",27I-PM-1020-01,27I,PM,10202018,1,Adult,Gray,White,Gray+White,,Ground Plane,FALSE,,FALSE,FALSE,FALSE,FALSE,TRUE,,FALSE,FALSE,FALSE,FALSE,FALSE,FALSE,TRUE,TRUE,runs from (us),POINT (-73.9584024936392 40.7851491701944)
"-7,396,693,664,011","407,836,023,898",22C-PM-1006-09,22C,PM,10062018,9,Adult,Gray,,Gray+,,Ground Plane,FALSE,,TRUE,FALSE,FALSE,FALSE,FALSE,,FALSE,TRUE,FALSE,FALSE,FALSE,FALSE,FALSE,FALSE,,POINT (-73.96693664010711 40.7836023897982)
"-739,785,675,798","4,076,729,924,053",1C-PM-1013-05,01C,PM,10132018,5,Adult,Cinnamon,,Cinnamon+,,Ground Plane,FALSE,,FALSE,FALSE,FALSE,FALSE,TRUE,,FALSE,FALSE,FALSE,FALSE,FALSE,FALSE,FALSE,FALSE,,POINT (-73.9785675798034 40.7672992405289)
"-7,396,989,341,826","4,077,082,116,339",8H-PM-1014-03,08H,PM,10142018,3,Adult,Gray,Cinnamon,Gray+Cinnamon,,Ground Plane,FALSE,,TRUE,FALSE,FALSE,FALSE,TRUE,,FALSE,FALSE,FALSE,FALSE,FALSE,FALSE,FALSE,FALSE,,POINT (-73.9698934182612 40.7708211633861)
"-7,397,218,998,386","4,077,615,190,457",13C-AM-1010-03,13C,AM,10102018,3,Adult,Gray,,Gray+,,Above Ground,20,,FALSE,FALSE,TRUE,FALSE,FALSE,,FALSE,FALSE,FALSE,FALSE,FALSE,FALSE,TRUE,FALSE,,POINT (-73.9721899838568 40.7761519045651)
"-7,395,701,318,904","4,079,917,867,361",41B-PM-1014-05,41B,PM,10142018,5,Adult,Gray,,Gray+,,Above Ground,25,,FALSE,FALSE,TRUE,FALSE,FALSE,,TRUE,FALSE,FALSE,FALSE,FALSE,FALSE,TRUE,TRUE,,POINT (-73.9570131890379 40.7991786736124)
"-7,397,027,885,784","4,076,944,849,973",7I-PM-1013-05,07I,PM,10132018,5,Adult,Gray,Cinnamon,Gray+Cinnamon,,Ground Plane,FALSE,Rock,FALSE,FALSE,FALSE,TRUE,FALSE,,FALSE,FALSE,FALSE,TRUE,FALSE,FALSE,FALSE,FALSE,,POINT (-73.9702788578386 40.7694484997295)
"-7,396,398,880,923","4,079,144,939,591",31A-AM-1010-01,31A,AM,10102018,1,Adult,Gray,,Gray+,,Ground Plane,FALSE,,FALSE,FALSE,FALSE,TRUE,FALSE,,FALSE,FALSE,FALSE,FALSE,TRUE,FALSE,FALSE,TRUE,,POINT (-73.9639888092327 40.791449395909005)
"-7,395,736,048,804","407,930,844,158",35E-PM-1006-03,35E,PM,10062018,3,Adult,Gray,Cinnamon,Gray+Cinnamon,,Ground Plane,FALSE,,FALSE,FALSE,FALSE,TRUE,TRUE,,FALSE,FALSE,FALSE,FALSE,FALSE,FALSE,TRUE,FALSE,,POINT (-73.9573604880421 40.7930844158021)
"-7,397,773,287,099","4,076,690,877,247",1D-AM-1006-02,01D,AM,10062018,2,Juvenile,Gray,Cinnamon,Gray+Cinnamon,,Ground Plane,FALSE,,TRUE,FALSE,FALSE,FALSE,FALSE,,FALSE,FALSE,FALSE,FALSE,TRUE,FALSE,FALSE,FALSE,,POINT (-73.9777328709928 40.7669087724668)
"-7,396,718,516,112","4,077,508,786,576",14H-PM-1012-01,14H,PM,10122018,1,Adult,Gray,"Black, Cinnamon, White","Gray+Black, Cinnamon, White",,Ground Plane,FALSE,,TRUE,FALSE,FALSE,TRUE,FALSE,,FALSE,FALSE,FALSE,FALSE,FALSE,TRUE,FALSE,FALSE,approaches (came very close to me),POINT (-73.9671851611243 40.7750878657618)
"-7,396,646,300,678","4,077,563,615,158",14H-AM-1007-04,14H,AM,10072018,4,Juvenile,Gray,White,Gray+White,,Ground Plane,FALSE,,FALSE,TRUE,FALSE,FALSE,FALSE,,FALSE,FALSE,FALSE,FALSE,FALSE,FALSE,FALSE,TRUE,,POINT (-73.9664630067791 40.7756361515825)
"-7,396,946,304,091","4,076,973,765,965",8I-PM-1013-01,08I,PM,10132018,1,Adult,Gray,"Cinnamon, White","Gray+Cinnamon, White",,Ground Plane,FALSE,,FALSE,FALSE,FALSE,FALSE,TRUE,,FALSE,FALSE,FALSE,FALSE,FALSE,FALSE,TRUE,FALSE,,POINT (-73.9694630409125 40.769737659647)
"-7,397,567,542,977","4,077,385,188,434",9B-PM-1013-02,09B,PM,10132018,2,Juvenile,Cinnamon,Gray,Cinnamon+Gray,,Ground Plane,FALSE,,FALSE,FALSE,FALSE,FALSE,TRUE,,FALSE,FALSE,FALSE,FALSE,TRUE,FALSE,TRUE,FALSE,,POINT (-73.9756754297747 40.7738518843446)
"-7,397,565,570,864","4,077,329,628,982",8B-PM-1012-08,08B,PM,10122018,8,Adult,Cinnamon,White,Cinnamon+White,,Ground Plane,FALSE,,FALSE,FALSE,FALSE,FALSE,TRUE,,FALSE,FALSE,FALSE,FALSE,FALSE,FALSE,TRUE,FALSE,,POINT (-73.9756557086441 40.773296289824)
"-7,397,044,852,319","4,077,172,905,608",9G-AM-1007-02,09G,AM,10072018,2,Adult,Gray,,Gray+,,Above Ground,25,,FALSE,FALSE,TRUE,FALSE,FALSE,,FALSE,FALSE,FALSE,FALSE,FALSE,FALSE,FALSE,TRUE,kids were trying to poke it with a stick,POINT (-73.9704485231855 40.7717290560806)
"-7,397,419,443,671","4,077,698,899,536",13B-PM-1008-01,13B,PM,10082018,1,Adult,Gray,White,Gray+White,,Above Ground,2,on railing,TRUE,FALSE,FALSE,FALSE,FALSE,,FALSE,FALSE,FALSE,FALSE,FALSE,FALSE,TRUE,FALSE,,POINT (-73.9741944367138 40.7769889953596)
"-7,395,893,677,092","4,078,964,653,035",31F-PM-1007-04,31F,PM,10072018,4,Adult,Gray,,Gray+,,Ground Plane,FALSE,,FALSE,FALSE,FALSE,FALSE,TRUE,,FALSE,FALSE,FALSE,TRUE,FALSE,FALSE,FALSE,TRUE,,POINT (-73.9589367709165 40.7896465303483)
"-7,396,362,827,608","4,078,079,945,952",21G-AM-1014-02,21G,AM,10142018,2,Adult,Gray,White,Gray+White,,Above Ground,3,fence,FALSE,FALSE,TRUE,FALSE,FALSE,,FALSE,FALSE,FALSE,FALSE,FALSE,FALSE,TRUE,FALSE,,POINT (-73.96362827608 40.7807994595242)
"-7,397,101,168,014","407,723,689,302",10G-PM-1017-08,10G,PM,10172018,8,Adult,Black,Cinnamon,Black+Cinnamon,,Above Ground,10,,FALSE,FALSE,TRUE,FALSE,FALSE,,FALSE,FALSE,FALSE,FALSE,FALSE,FALSE,FALSE,FALSE,,POINT (-73.9710116801402 40.7723689301989)
"-7,397,574,360,194","4,077,460,643,632",10B-PM-1014-01,10B,PM,10142018,1,Adult,Gray,White,Gray+White,,Ground Plane,FALSE,on lawn in front of a tree,FALSE,FALSE,FALSE,FALSE,TRUE,,FALSE,FALSE,FALSE,FALSE,TRUE,FALSE,FALSE,FALSE,stay on ground but went to other side of tree to hide from a dog,POINT (-73.9757436019432 40.7746064363227)
"-7,397,577,871,359","4,077,372,314,273",9B-PM-1013-03,09B,PM,10132018,3,Juvenile,Cinnamon,Gray,Cinnamon+Gray,,Ground Plane,FALSE,,FALSE,FALSE,FALSE,FALSE,TRUE,,FALSE,FALSE,FALSE,FALSE,TRUE,FALSE,TRUE,FALSE,,POINT (-73.9757787135906 40.7737231427345)
"-7,395,584,747,012","4,079,133,355,155",34H-AM-1007-01,34H,AM,10072018,1,Adult,Gray,Cinnamon,Gray+Cinnamon,,Above Ground,40,tree,FALSE,FALSE,FALSE,FALSE,FALSE,,TRUE,TRUE,FALSE,FALSE,FALSE,FALSE,FALSE,FALSE,,POINT (-73.9558474701153 40.7913335515534)
"-7,396,766,397,405","4,077,453,696,165",13H-PM-1010-07,13H,PM,10102018,7,Adult,Gray,,Gray+,,Ground Plane,FALSE,,TRUE,FALSE,FALSE,FALSE,FALSE,,FALSE,FALSE,FALSE,FALSE,FALSE,FALSE,FALSE,TRUE,,POINT (-73.9676639740486 40.7745369616499)
"-7,397,029,630,569","4,076,979,287,308",7H-AM-1006-11,07H,AM,10062018,11,Adult,Gray,Cinnamon,Gray+Cinnamon,,Ground Plane,FALSE,,FALSE,FALSE,FALSE,FALSE,TRUE,,FALSE,FALSE,FALSE,FALSE,FALSE,TRUE,FALSE,FALSE,,POINT (-73.9702963056917 40.7697928730791)
"-739,734,695,768","4,077,162,974,914",8E-PM-1008-05,08E,PM,10082018,5,Adult,Gray,White,Gray+White,,Ground Plane,FALSE,"5, 6, 7 all at same tree trunk base",FALSE,FALSE,FALSE,TRUE,TRUE,,FALSE,FALSE,FALSE,FALSE,FALSE,FALSE,FALSE,FALSE,,POINT (-73.9734695768004 40.7716297491384)
"-739,793,952,066","4,077,078,376,579",4A-PM-1007-03,04A,PM,10072018,3,Adult,Gray,White,Gray+White,,Ground Plane,FALSE,by rock,FALSE,FALSE,FALSE,TRUE,TRUE,,FALSE,FALSE,FALSE,FALSE,FALSE,FALSE,TRUE,FALSE,,POINT (-73.9793952066038 40.77078376578591)
"-7,395,257,475,169","4,079,772,574,353",42F-PM-1017-02,42F,PM,10172018,2,Adult,Gray,Cinnamon,Gray+Cinnamon,,Ground Plane,FALSE,,TRUE,FALSE,FALSE,FALSE,FALSE,playing,FALSE,FALSE,FALSE,FALSE,FALSE,FALSE,TRUE,FALSE,,POINT (-73.95257475169142 40.7977257435263)
"-7,395,897,702,067","4,079,124,054,217",33E-AM-1014-05,33E,AM,10142018,5,Adult,Gray,White,Gray+White,,Ground Plane,FALSE,,FALSE,FALSE,FALSE,FALSE,TRUE,,FALSE,FALSE,FALSE,FALSE,FALSE,FALSE,TRUE,FALSE,,POINT (-73.9589770206691 40.791240542172)
"-739,642,717,436","4,078,208,704,969",22F-AM-1007-05,22F,AM,10072018,5,Adult,Gray,White,Gray+White,,Above Ground,10,tree,FALSE,FALSE,TRUE,FALSE,FALSE,,FALSE,FALSE,FALSE,FALSE,FALSE,FALSE,TRUE,FALSE,,POINT (-73.9642717435966 40.782087049693)
"-7,397,429,734,204","4,076,918,016,443",5F-AM-1007-04,05F,AM,10072018,4,Adult,Gray,Cinnamon,Gray+Cinnamon,,Above Ground,,rocks,FALSE,FALSE,FALSE,TRUE,TRUE,,FALSE,FALSE,FALSE,FALSE,FALSE,FALSE,FALSE,FALSE,,POINT (-73.9742973420446 40.7691801644292)
"-7,395,024,662,891","4,079,592,287,799",41I-AM-1018-02,41I,AM,10182018,2,Juvenile,Gray,,Gray+,,Ground Plane,FALSE,,TRUE,FALSE,FALSE,FALSE,TRUE,,FALSE,FALSE,FALSE,FALSE,FALSE,FALSE,FALSE,FALSE,runs off,POINT (-73.9502466289084 40.7959228779883)
"-7,397,208,872,755","407,760,799,538",13D-PM-1018-08,13D,PM,10182018,8,Adult,Gray,"Cinnamon, White","Gray+Cinnamon, White",Gray & Cinnamon selected as Primary. White selected as Highlights. Made executive adjustments.,Ground Plane,FALSE,,FALSE,FALSE,FALSE,FALSE,TRUE,,FALSE,FALSE,FALSE,FALSE,FALSE,FALSE,TRUE,FALSE,,POINT (-73.9720887275538 40.7760799537976)
"-7,396,414,623,605","4,077,783,160,055",18I-PM-1007-09,18I,PM,10072018,9,Adult,Gray,Cinnamon,Gray+Cinnamon,,Above Ground,20,,FALSE,FALSE,TRUE,FALSE,FALSE,canoodling w/ 8,FALSE,FALSE,FALSE,FALSE,FALSE,FALSE,TRUE,FALSE,,POINT (-73.9641462360541 40.7778316005464)
"-7,397,140,573,272","4,077,203,751,353",9F-PM-1014-04,09F,PM,10142018,4,Adult,Gray,Cinnamon,Gray+Cinnamon,,Ground Plane,FALSE,,FALSE,FALSE,FALSE,FALSE,TRUE,,FALSE,FALSE,FALSE,FALSE,FALSE,FALSE,TRUE,FALSE,,POINT (-73.9714057327159 40.7720375135272)
"-7,396,787,743,147","4,077,385,351,713",12H-PM-1007-04,12H,PM,10072018,4,,Gray,Cinnamon,Gray+Cinnamon,,,,,FALSE,FALSE,FALSE,TRUE,FALSE,mushroom,FALSE,FALSE,FALSE,FALSE,FALSE,FALSE,TRUE,FALSE,,POINT (-73.9678774314725 40.7738535171265)
"-7,397,259,060,165","4,077,138,897,297",8F-PM-1012-05,08F,PM,10122018,5,Adult,Gray,Cinnamon,Gray+Cinnamon,,Ground Plane,FALSE,,TRUE,FALSE,FALSE,FALSE,FALSE,,FALSE,FALSE,FALSE,FALSE,TRUE,FALSE,FALSE,FALSE,,POINT (-73.9725906016474 40.7713889729739)
"-7,397,069,293,413","4,077,604,738,724",13E-PM-1008-06,13E,PM,10082018,6,Adult,Gray,White,Gray+White,,Ground Plane,FALSE,,FALSE,FALSE,FALSE,FALSE,TRUE,,FALSE,FALSE,FALSE,FALSE,FALSE,FALSE,TRUE,FALSE,,POINT (-73.9706929341294 40.77604738723951)
"-739,701,335,163","4,077,220,510,114",10G-AM-1006-10,10G,AM,10062018,10,Adult,Gray,,Gray+,,Ground Plane,FALSE,,FALSE,TRUE,FALSE,FALSE,FALSE,,FALSE,TRUE,FALSE,FALSE,FALSE,FALSE,FALSE,FALSE,,POINT (-73.9701335162984 40.7722051011357)
"-7,396,442,931,958","4,078,138,291,721",21F-AM-1018-02,21F,AM,10182018,2,Adult,Gray,Cinnamon,Gray+Cinnamon,,Ground Plane,FALSE,,FALSE,FALSE,FALSE,TRUE,FALSE,,FALSE,FALSE,FALSE,FALSE,TRUE,FALSE,TRUE,FALSE,,POINT (-73.9644293195773 40.7813829172072)
"-7,397,531,406,404","4,077,340,378,051",9C-AM-1006-02,09C,AM,10062018,2,Adult,Gray,,Gray+,,Ground Plane,FALSE,,TRUE,FALSE,FALSE,FALSE,FALSE,,FALSE,FALSE,FALSE,FALSE,FALSE,FALSE,TRUE,FALSE,,POINT (-73.9753140640445 40.7734037805101)
"-7,396,030,033,003","4,079,534,758,719",36B-AM-1013-03,36B,AM,10132018,3,,Gray,,Gray+,,Ground Plane,FALSE,,TRUE,FALSE,FALSE,FALSE,FALSE,,FALSE,FALSE,FALSE,FALSE,FALSE,FALSE,TRUE,FALSE,,POINT (-73.960300330029 40.7953475871869)
"-7,395,951,403,487","4,078,991,178,642",31E-PM-1006-02,31E,PM,10062018,2,Adult,Gray,Cinnamon,Gray+Cinnamon,,Ground Plane,FALSE,under bushes,FALSE,FALSE,FALSE,TRUE,TRUE,,FALSE,TRUE,FALSE,FALSE,FALSE,FALSE,TRUE,FALSE,,POINT (-73.959514034869 40.789911786416)
"-7,397,527,931,957","4,077,339,601,289",9C-AM-1006-03,09C,AM,10062018,3,Adult,Cinnamon,,Cinnamon+,,Ground Plane,FALSE,,TRUE,FALSE,FALSE,FALSE,FALSE,,FALSE,FALSE,FALSE,FALSE,FALSE,FALSE,TRUE,FALSE,,POINT (-73.9752793195744 40.7733960128931)
"-7,395,478,780,253","4,078,991,518,735",33I-PM-1006-05,33I,PM,10062018,5,Adult,Gray,,Gray+,,Ground Plane,FALSE,,FALSE,FALSE,FALSE,TRUE,TRUE,,FALSE,FALSE,FALSE,FALSE,FALSE,FALSE,TRUE,FALSE,,POINT (-73.9547878025303 40.7899151873467)
"-7,396,584,828,383","4,077,972,430,331",19F-PM-1017-01,19F,PM,10172018,1,Adult,Gray,Cinnamon,Gray+Cinnamon,,Ground Plane,FALSE,,FALSE,FALSE,TRUE,FALSE,FALSE,,FALSE,FALSE,FALSE,FALSE,FALSE,FALSE,TRUE,FALSE,,POINT (-73.965848283831 40.7797243033057)
"-739,735,750,353","4,076,945,003,338",6F-PM-1008-06,06F,PM,10082018,6,Adult,Cinnamon,"Gray, White","Cinnamon+Gray, White",White patches. Almost looks like fox squirrel,,,,FALSE,FALSE,FALSE,FALSE,FALSE,,FALSE,FALSE,FALSE,FALSE,FALSE,FALSE,TRUE,FALSE,,POINT (-73.9735750352959 40.7694500333777)
"-7,396,245,469,176","4,078,882,349,598",29D-AM-1014-04,29D,AM,10142018,4,Juvenile,Gray,,Gray+,,Ground Plane,FALSE,Rock a,FALSE,FALSE,FALSE,FALSE,TRUE,,FALSE,FALSE,FALSE,FALSE,FALSE,FALSE,TRUE,FALSE,,POINT (-73.9624546917649 40.78882349597921)
"-739,549,135,207","4,079,852,589,723",42D-PM-1013-03,42D,PM,10132018,3,Adult,Gray,Cinnamon,Gray+Cinnamon,,Above Ground,25,in tree,FALSE,FALSE,FALSE,TRUE,FALSE,,FALSE,FALSE,FALSE,FALSE,FALSE,FALSE,TRUE,FALSE,,POINT (-73.9549135206961 40.798525897229)
"-7,396,481,954,332","4,077,963,999,559",19G-PM-1017-03,19G,PM,10172018,3,Adult,Cinnamon,,Cinnamon+,,Ground Plane,FALSE,,FALSE,FALSE,TRUE,TRUE,FALSE,staring,FALSE,FALSE,FALSE,FALSE,TRUE,FALSE,FALSE,FALSE,,POINT (-73.9648195433192 40.7796399955868)
"-7,396,617,859,405","4,077,425,699,362",13I-PM-1008-01,13I,PM,10082018,1,Adult,Gray,Cinnamon,Gray+Cinnamon,,Above Ground,5,climbed tree,TRUE,FALSE,TRUE,FALSE,FALSE,,FALSE,FALSE,FALSE,FALSE,FALSE,FALSE,TRUE,FALSE,,POINT (-73.9661785940531 40.7742569936186)
"-7,395,921,030,643","4,079,043,906,916",32E-PM-1017-10,32E,PM,10172018,10,Adult,Gray,,Gray+,,Ground Plane,FALSE,,FALSE,FALSE,FALSE,TRUE,TRUE,,FALSE,FALSE,FALSE,FALSE,FALSE,FALSE,FALSE,TRUE,,POINT (-73.9592103064327 40.7904390691553)
"-7,396,644,503,991","4,078,878,449,047",27A-AM-1008-02,27A,AM,10082018,2,Adult,Cinnamon,White,Cinnamon+White,,Ground Plane,FALSE,,TRUE,FALSE,FALSE,FALSE,FALSE,,FALSE,FALSE,FALSE,FALSE,FALSE,FALSE,FALSE,TRUE,,POINT (-73.9664450399121 40.7887844904695)
"-7,396,830,410,993","4,078,626,523,001",24A-AM-1014-01,24A,AM,10142018,1,Adult,Gray,White,Gray+White,,Ground Plane,FALSE,,TRUE,FALSE,FALSE,FALSE,FALSE,,FALSE,FALSE,FALSE,FALSE,FALSE,FALSE,FALSE,FALSE,freezes,POINT (-73.9683041099256 40.7862652300082)
"-7,397,030,871,607","4,077,639,856,673",14E-AM-1008-20,14E,AM,10082018,20,Adult,Gray,,Gray+,,Ground Plane,FALSE,,FALSE,FALSE,FALSE,FALSE,TRUE,walking,FALSE,FALSE,FALSE,FALSE,FALSE,FALSE,TRUE,FALSE,,POINT (-73.970308716071 40.7763985667344)
"-7,395,797,241,199","4,079,487,099",37D-AM-1018-01,37D,AM,10182018,1,Juvenile,Gray,White,Gray+White,,Ground Plane,FALSE,,FALSE,FALSE,FALSE,FALSE,TRUE,,FALSE,FALSE,FALSE,FALSE,FALSE,FALSE,TRUE,FALSE,,POINT (-73.9579724119943 40.7948709900016)
"-7,397,806,596,796","4,076,723,822,828",1D-PM-1007-06,01D,PM,10072018,6,Adult,Gray,White,Gray+White,,Ground Plane,FALSE,,FALSE,FALSE,FALSE,FALSE,TRUE,,FALSE,FALSE,FALSE,FALSE,FALSE,FALSE,TRUE,FALSE,,POINT (-73.9780659679557 40.7672382282781)
"-7,397,172,013,788","4,077,612,028,088",13D-PM-1018-02,13D,PM,10182018,2,Adult,Gray,White,Gray+White,,Ground Plane,FALSE,,TRUE,FALSE,FALSE,FALSE,FALSE,,FALSE,FALSE,FALSE,FALSE,FALSE,FALSE,TRUE,FALSE,,POINT (-73.9717201378775 40.776120280884)
"-7,395,812,430,217","4,079,443,147,339",36D-AM-1007-01,36D,AM,10072018,1,Adult,Cinnamon,Gray,Cinnamon+Gray,,Ground Plane,FALSE,,FALSE,FALSE,TRUE,FALSE,TRUE,,FALSE,FALSE,FALSE,FALSE,FALSE,FALSE,FALSE,TRUE,avoiding a dog,POINT (-73.95812430217221 40.794431473386)
"-7,397,072,153,949","4,077,275,081,491",10G-AM-1006-05,10G,AM,10062018,5,Adult,Gray,,Gray+,,Ground Plane,FALSE,,FALSE,TRUE,FALSE,FALSE,FALSE,chasing (#6),TRUE,FALSE,FALSE,FALSE,FALSE,FALSE,FALSE,FALSE,,POINT (-73.9707215394887 40.7727508149058)
"-7,397,027,212,447","4,077,010,117,742",7H-AM-1006-15,07H,AM,10062018,15,Adult,Gray,Cinnamon,Gray+Cinnamon,,Ground Plane,FALSE,,FALSE,FALSE,FALSE,FALSE,TRUE,,FALSE,FALSE,FALSE,FALSE,FALSE,FALSE,TRUE,FALSE,,POINT (-73.9702721244652 40.7701011774207)
"-7,395,701,300,172","4,079,960,274,286",42B-AM-1014-02,42B,AM,10142018,2,Adult,Black,,Black+,,Ground Plane,FALSE,,FALSE,FALSE,FALSE,FALSE,TRUE,digging,FALSE,FALSE,FALSE,FALSE,FALSE,FALSE,TRUE,FALSE,,POINT (-73.9570130017159 40.7996027428625)
"-7,395,406,523,047","4,079,552,261,782",39G-PM-1013-05,39G,PM,10132018,5,Adult,Gray,Cinnamon,Gray+Cinnamon,,Ground Plane,FALSE,,FALSE,TRUE,FALSE,FALSE,TRUE,,FALSE,FALSE,FALSE,FALSE,FALSE,FALSE,FALSE,FALSE,,POINT (-73.9540652304705 40.7955226178199)
"-7,396,978,555,731","4,077,421,863,919",12F-PM-1007-05,12F,PM,10072018,5,Adult,Gray,White,Gray+White,,Ground Plane,FALSE,,FALSE,FALSE,FALSE,TRUE,TRUE,,FALSE,FALSE,FALSE,FALSE,FALSE,FALSE,TRUE,FALSE,,POINT (-73.9697855573137 40.7742186391935)
"-7,396,909,681,608","4,076,992,326,944",8I-AM-1006-08,08I,AM,10062018,8,Adult,Gray,Cinnamon,Gray+Cinnamon,,Above Ground,6,tree,FALSE,FALSE,FALSE,FALSE,FALSE,,TRUE,TRUE,FALSE,FALSE,FALSE,FALSE,FALSE,FALSE,not backing down,POINT (-73.9690968160819 40.769923269444)
"-7,397,014,812,003","407,751,110,354",12F-AM-1020-06,12F,AM,10202018,6,Adult,Cinnamon,White,Cinnamon+White,,Ground Plane,FALSE,,TRUE,FALSE,FALSE,FALSE,FALSE,,FALSE,FALSE,FALSE,FALSE,FALSE,FALSE,FALSE,FALSE,,POINT (-73.9701481200298 40.7751110354034)
"-7,395,448,281,419","407,987,031,768",42D-PM-1013-01,42D,PM,10132018,1,Adult,Gray,Cinnamon,Gray+Cinnamon,Drawing included.,Ground Plane,FALSE,,FALSE,FALSE,FALSE,FALSE,TRUE,watching passers-by,FALSE,FALSE,FALSE,FALSE,FALSE,TRUE,TRUE,FALSE,,POINT (-73.954482814186 40.7987031768001)
"-7,395,694,033,658","4,079,565,996,088",38D-PM-1006-01,38D,PM,10062018,1,Adult,Gray,Cinnamon,Gray+Cinnamon,,Ground Plane,FALSE,,TRUE,FALSE,FALSE,FALSE,FALSE,,FALSE,FALSE,FALSE,FALSE,FALSE,FALSE,FALSE,FALSE,didn't see me or others,POINT (-73.9569403365847 40.7956599608798)
"-7,396,412,932,837","407,907,654,006",30B-AM-1007-03,30B,AM,10072018,3,Adult,Gray,,Gray+,,Above Ground,30,,TRUE,FALSE,FALSE,FALSE,FALSE,,FALSE,FALSE,FALSE,FALSE,FALSE,FALSE,FALSE,FALSE,,POINT (-73.9641293283734 40.7907654006019)
"-7,397,143,033,157","4,077,459,349,477",11E-AM-1013-04,11E,AM,10132018,4,Adult,Black,,Black+,,Ground Plane,FALSE,,FALSE,FALSE,FALSE,FALSE,TRUE,burying,FALSE,FALSE,FALSE,FALSE,FALSE,FALSE,TRUE,FALSE,,POINT (-73.9714303315699 40.7745934947706)
"-7,397,217,978,246","4,078,012,138,436",16A-PM-1019-07,16A,PM,10192018,7,Juvenile,Gray,"Cinnamon, White","Gray+Cinnamon, White",,Ground Plane,FALSE,,FALSE,FALSE,FALSE,FALSE,TRUE,,FALSE,FALSE,FALSE,FALSE,TRUE,TRUE,FALSE,FALSE,approaches (very friendly),POINT (-73.9721797824576 40.7801213843628)
"-7,397,899,520,296","4,076,977,583,331",4B-AM-1010-03,04B,AM,10102018,3,Juvenile,Gray,White,Gray+White,,Above Ground,25,,FALSE,FALSE,TRUE,FALSE,FALSE,,FALSE,FALSE,FALSE,FALSE,FALSE,FALSE,TRUE,FALSE,,POINT (-73.9789952029637 40.7697758333099)
"-7,396,665,265,548","4,077,561,117,184",14H-AM-1007-02,14H,AM,10072018,2,Juvenile,Gray,Cinnamon,Gray+Cinnamon,,Ground Plane,FALSE,,FALSE,FALSE,FALSE,FALSE,FALSE,sitting,FALSE,FALSE,FALSE,FALSE,FALSE,FALSE,TRUE,FALSE,,POINT (-73.9666526554772 40.77561117183551)
"-7,396,774,231,547","4,077,288,133,502",11I-AM-1012-02,11I,AM,10122018,2,Adult,Cinnamon,White,Cinnamon+White,,Ground Plane,FALSE,,FALSE,FALSE,FALSE,FALSE,TRUE,,FALSE,FALSE,FALSE,FALSE,TRUE,FALSE,TRUE,FALSE,,POINT (-73.9677423154682 40.77288133502451)
"-739,712,133,857","4,076,987,209,434",7H-AM-1006-04,07H,AM,10062018,4,Adult,Gray,Cinnamon,Gray+Cinnamon,,Ground Plane,FALSE,,FALSE,FALSE,FALSE,FALSE,TRUE,,FALSE,FALSE,FALSE,FALSE,FALSE,FALSE,TRUE,FALSE,,POINT (-73.97121338569602 40.769872094337)
"-7,396,665,210,943","4,078,427,535,176",23C-PM-1014-02,23C,PM,10142018,2,Adult,Gray,,Gray+,,Ground Plane,FALSE,"in bushes, then ran across path",TRUE,FALSE,FALSE,FALSE,TRUE,,FALSE,FALSE,FALSE,FALSE,FALSE,FALSE,FALSE,FALSE,,POINT (-73.9666521094255 40.7842753517648)
"-7,396,157,511,486","4,079,545,512,381",36A-AM-1018-01,36A,AM,10182018,1,Juvenile,Gray,White,Gray+White,,Above Ground,15,,FALSE,FALSE,FALSE,TRUE,FALSE,eating (red berries),FALSE,FALSE,FALSE,FALSE,FALSE,FALSE,TRUE,FALSE,,POINT (-73.9615751148595 40.7954551238146)
"-7,397,780,296,909","4,076,763,210,607",2D-AM-1007-06,02D,AM,10072018,6,Adult,Gray,"Cinnamon, White","Gray+Cinnamon, White",,Ground Plane,FALSE,,FALSE,FALSE,FALSE,TRUE,TRUE,,FALSE,FALSE,FALSE,FALSE,FALSE,FALSE,TRUE,FALSE,,POINT (-73.97780296909002 40.767632106066905)
"-739,784,264,725","4,077,190,410,184",6A-PM-1012-04,06A,PM,10122018,4,Adult,Cinnamon,White,Cinnamon+White,,Ground Plane,FALSE,,TRUE,FALSE,FALSE,FALSE,TRUE,,FALSE,FALSE,FALSE,FALSE,FALSE,FALSE,FALSE,FALSE,,POINT (-73.978426472499 40.771904101844)
"-7,396,884,708,313","4,078,446,519,464",22A-AM-1008-03,22A,AM,10082018,3,Adult,Gray,,Gray+,,Ground Plane,FALSE,,FALSE,FALSE,FALSE,FALSE,TRUE,,FALSE,FALSE,FALSE,FALSE,FALSE,FALSE,FALSE,TRUE,,POINT (-73.9688470831269 40.7844651946415)
"-7,397,030,108,562","4,077,019,835,755",8H-PM-1014-06,08H,PM,10142018,6,Adult,Gray,,Gray+,,Ground Plane,FALSE,,FALSE,FALSE,FALSE,FALSE,TRUE,,FALSE,FALSE,FALSE,FALSE,FALSE,FALSE,TRUE,FALSE,,POINT (-73.9703010856224 40.7701983575511)
"-7,397,768,547,979","4,076,831,022,957",3D-AM-1006-04,03D,AM,10062018,4,Adult,Cinnamon,Gray,Cinnamon+Gray,,Ground Plane,FALSE,,TRUE,FALSE,FALSE,FALSE,FALSE,,FALSE,FALSE,FALSE,FALSE,FALSE,FALSE,FALSE,TRUE,runs from (boy on bike),POINT (-73.9776854797916 40.7683102295663)
"-7,395,883,757,451","4,079,850,039,878",40A-PM-1014-06,40A,PM,10142018,6,Adult,Gray,"Cinnamon, White","Gray+Cinnamon, White",,Ground Plane,FALSE,,TRUE,FALSE,FALSE,FALSE,FALSE,,FALSE,FALSE,FALSE,FALSE,FALSE,FALSE,FALSE,FALSE,,POINT (-73.958837574505 40.7985003987784)
"-7,398,010,073,275","4,076,774,556,339",1B-PM-1019-06,01B,PM,10192018,6,Juvenile,Cinnamon,White,Cinnamon+White,,Ground Plane,FALSE,,FALSE,FALSE,FALSE,TRUE,FALSE,,FALSE,FALSE,FALSE,FALSE,FALSE,FALSE,TRUE,FALSE,,POINT (-73.9801007327506 40.7677455633932)
"-7,395,484,307,416","4,079,820,735,094",41E-AM-1007-06,41E,AM,10072018,6,Adult,Gray,,Gray+,,Above Ground,30,tree,FALSE,FALSE,TRUE,FALSE,TRUE,,FALSE,FALSE,FALSE,FALSE,FALSE,FALSE,FALSE,FALSE,,POINT (-73.9548430741605 40.798207350942)
"-739,602,166,877","407,953,811,004",36B-AM-1013-04,36B,AM,10132018,4,,Black,,Black+,,Above Ground,20,Moved 20+ feet high above top of tree limb,FALSE,TRUE,FALSE,FALSE,FALSE,,FALSE,FALSE,FALSE,FALSE,FALSE,FALSE,FALSE,TRUE,,POINT (-73.9602166876979 40.7953811003986)
"-7,396,694,329,296","407,791,365,183",18F-AM-1014-01,18F,AM,10142018,1,Adult,Gray,White,Gray+White,,Above Ground,,Low tree,FALSE,FALSE,FALSE,TRUE,FALSE,,FALSE,FALSE,FALSE,FALSE,FALSE,FALSE,TRUE,FALSE,,POINT (-73.9669432929573 40.779136518298)
"-739,657,288,055","4,077,645,800,363",16H-PM-1014-04,16H,PM,10142018,4,Adult,Gray,Cinnamon,Gray+Cinnamon,,Ground Plane,FALSE,,TRUE,FALSE,FALSE,FALSE,FALSE,,FALSE,FALSE,FALSE,FALSE,FALSE,FALSE,TRUE,FALSE,,POINT (-73.9657288055011 40.7764580036287)
"-739,568,305,513","4,079,740,866,313",40C-PM-1006-05,40C,PM,10062018,5,Adult,Gray,,Gray+,,Ground Plane,FALSE,,FALSE,FALSE,FALSE,FALSE,FALSE,,FALSE,FALSE,FALSE,FALSE,FALSE,FALSE,FALSE,FALSE,,POINT (-73.9568305513017 40.7974086631267)
"-7,397,087,984,961","4,077,615,320,885",13D-AM-1014-06,13D,AM,10142018,6,Adult,Gray,Cinnamon,Gray+Cinnamon,,Ground Plane,FALSE,,TRUE,FALSE,FALSE,TRUE,FALSE,,FALSE,FALSE,FALSE,FALSE,FALSE,FALSE,FALSE,TRUE,,POINT (-73.9708798496132 40.7761532088521)
"-739,683,312,453","4,078,016,616,857",18D-PM-1017-01,18D,PM,10172018,1,Adult,Gray,,Gray+,,Ground Plane,FALSE,,FALSE,FALSE,FALSE,FALSE,TRUE,,FALSE,FALSE,FALSE,FALSE,FALSE,FALSE,FALSE,FALSE,,POINT (-73.9683312453011 40.7801661685712)
"-7,395,983,407,836","4,079,158,570,303",33D-PM-1006-02,33D,PM,10062018,2,,Gray,Cinnamon,Gray+Cinnamon,,Above Ground,15,,FALSE,TRUE,FALSE,FALSE,FALSE,,FALSE,FALSE,FALSE,FALSE,FALSE,FALSE,FALSE,TRUE,,POINT (-73.95983407835722 40.7915857030295)
"-7,395,334,760,207","4,079,330,035,447",37H-PM-1006-02,37H,PM,10062018,2,Adult,Gray,Cinnamon,Gray+Cinnamon,,Ground Plane,FALSE,tree,TRUE,FALSE,TRUE,FALSE,TRUE,,TRUE,FALSE,FALSE,FALSE,FALSE,FALSE,FALSE,TRUE,dogs,POINT (-73.9533476020736 40.7933003544685)
"-7,396,773,873,367","407,742,695,912",12H-PM-1007-02,12H,PM,10072018,2,Adult,Gray,Cinnamon,Gray+Cinnamon,,Above Ground,10,in tree,FALSE,FALSE,TRUE,TRUE,FALSE,peanuts,FALSE,FALSE,FALSE,FALSE,FALSE,FALSE,TRUE,FALSE,,POINT (-73.9677387336667 40.7742695912)
"-7,396,496,110,897","4,078,143,718,348",21F-AM-1018-05,21F,AM,10182018,5,Adult,Cinnamon,Gray,Cinnamon+Gray,,Above Ground,2,,FALSE,FALSE,TRUE,FALSE,FALSE,,FALSE,FALSE,FALSE,FALSE,TRUE,FALSE,FALSE,TRUE,,POINT (-73.9649611089685 40.7814371834837)
"-7,397,448,355,631","4,077,295,214,332",9D-AM-1008-01,09D,AM,10082018,1,Adult,Gray,,Gray+,,Ground Plane,FALSE,,FALSE,FALSE,FALSE,FALSE,TRUE,,FALSE,FALSE,FALSE,TRUE,FALSE,FALSE,FALSE,TRUE,,POINT (-73.9744835563086 40.7729521433235)
"-7,397,469,187,621","4,076,552,318,837",1G-AM-1006-02,01G,AM,10062018,2,Juvenile,Gray,White,Gray+White,,Above Ground,30,,FALSE,FALSE,TRUE,FALSE,TRUE,,FALSE,FALSE,FALSE,FALSE,TRUE,FALSE,TRUE,FALSE,,POINT (-73.9746918762076 40.7655231883678)
"-7,397,142,895,924","4,077,506,707,021",12E-PM-1018-04,12E,PM,10182018,4,Adult,Cinnamon,,Cinnamon+,,Above Ground,10,,FALSE,FALSE,TRUE,FALSE,FALSE,,FALSE,FALSE,FALSE,FALSE,FALSE,FALSE,FALSE,TRUE,,POINT (-73.9714289592392 40.7750670702093)
"-7,396,385,907,684","407,776,782,115",18I-AM-1017-02,18I,AM,10172018,2,Adult,Gray,Black,Gray+Black,,Above Ground,15,,FALSE,FALSE,TRUE,FALSE,FALSE,,FALSE,FALSE,FALSE,FALSE,TRUE,FALSE,FALSE,TRUE,,POINT (-73.9638590768396 40.7776782114981)
"-7,396,531,426,369","4,077,600,151,293",15I-AM-1008-04,15I,AM,10082018,4,Adult,Gray,,Gray+,,Ground Plane,FALSE,,FALSE,FALSE,TRUE,TRUE,FALSE,,FALSE,FALSE,FALSE,FALSE,FALSE,FALSE,FALSE,TRUE,,POINT (-73.9653142636891 40.7760015129298)
"-7,395,860,981,702","4,079,396,537,339",35D-AM-1019-01,35D,AM,10192018,1,,,,+,,Above Ground,,"on tree, blue jays gathering nearby",FALSE,FALSE,FALSE,FALSE,FALSE,,TRUE,FALSE,FALSE,FALSE,FALSE,FALSE,FALSE,FALSE,,POINT (-73.9586098170241 40.7939653733898)
"-7,396,310,068,981","4,079,202,551,895",32B-AM-1017-02,32B,AM,10172018,2,Adult,Gray,Cinnamon,Gray+Cinnamon,Cinnamon on its head,Ground Plane,FALSE,,TRUE,FALSE,FALSE,FALSE,TRUE,,FALSE,FALSE,FALSE,FALSE,TRUE,FALSE,FALSE,TRUE,,POINT (-73.963100689807 40.79202551894671)
"-7,397,683,571,739","4,076,838,133,583",3D-PM-1010-12,03D,PM,10102018,12,Adult,Cinnamon,White,Cinnamon+White,,Ground Plane,FALSE,,TRUE,TRUE,FALSE,FALSE,TRUE,,FALSE,TRUE,FALSE,FALSE,FALSE,FALSE,FALSE,FALSE,,POINT (-73.9768357173861 40.7683813358343)
"-7,396,014,864,832","4,079,437,241,086",35C-PM-1013-02,35C,PM,10132018,2,,Gray,Cinnamon,Gray+Cinnamon,,Ground Plane,FALSE,,FALSE,FALSE,FALSE,FALSE,TRUE,,FALSE,FALSE,FALSE,FALSE,FALSE,TRUE,FALSE,FALSE,approaches (when i crouched down),POINT (-73.9601486483164 40.7943724108626)
"-7,395,974,183,667","407,964,417,085",37B-PM-1013-05,37B,PM,10132018,5,Adult,Gray,Cinnamon,Gray+Cinnamon,,Ground Plane,FALSE,,FALSE,FALSE,FALSE,TRUE,TRUE,,FALSE,FALSE,FALSE,FALSE,FALSE,FALSE,TRUE,FALSE,,POINT (-73.9597418366664 40.7964417084985)
"-7,395,495,986,882","4,079,854,049,656",41D-PM-1014-03,41D,PM,10142018,3,Adult,Gray,White,Gray+White,,Ground Plane,FALSE,,TRUE,FALSE,FALSE,FALSE,FALSE,,FALSE,FALSE,FALSE,FALSE,FALSE,FALSE,FALSE,FALSE,,POINT (-73.954959868822 40.7985404965582)
"-7,396,878,474,107","4,077,818,570,031",16E-AM-1014-09,16E,AM,10142018,9,Adult,Gray,,Gray+,,Above Ground,25,In tree,FALSE,FALSE,TRUE,FALSE,FALSE,,FALSE,FALSE,FALSE,FALSE,FALSE,FALSE,TRUE,FALSE,,POINT (-73.9687847410656 40.778185700305)
"-7,396,590,102,384","4,077,916,836,662",18G-PM-1013-02,18G,PM,10132018,2,Adult,Gray,,Gray+,,Ground Plane,FALSE,,FALSE,FALSE,FALSE,TRUE,TRUE,,FALSE,FALSE,FALSE,FALSE,FALSE,FALSE,FALSE,FALSE,,POINT (-73.9659010238417 40.779168366621505)
"-7,397,494,466,297","4,077,206,596,961",7D-PM-1010-01,07D,PM,10102018,1,Adult,Gray,White,Gray+White,,Ground Plane,FALSE,outside fenced hectare,TRUE,FALSE,FALSE,FALSE,FALSE,,FALSE,FALSE,FALSE,FALSE,FALSE,FALSE,FALSE,FALSE,,POINT (-73.9749446629706 40.7720659696067)
"-7,397,132,287,667","4,077,141,450,864",8G-PM-1017-01,08G,PM,10172018,1,Adult,Gray,"Cinnamon, White","Gray+Cinnamon, White",,Ground Plane,FALSE,,FALSE,FALSE,FALSE,FALSE,TRUE,,FALSE,FALSE,FALSE,FALSE,FALSE,FALSE,TRUE,FALSE,,POINT (-73.971322876671 40.7714145086361)
"-7,397,738,211,356","4,076,904,534,944",4C-PM-1010-06,04C,PM,10102018,6,Adult,Gray,Cinnamon,Gray+Cinnamon,,Ground Plane,FALSE,behind playground benches,FALSE,FALSE,FALSE,TRUE,FALSE,,FALSE,FALSE,FALSE,FALSE,TRUE,FALSE,FALSE,TRUE,,POINT (-73.9773821135611 40.7690453494383)
"-7,397,931,033,409","407,678,201,536",1C-PM-1013-06,01C,PM,10132018,6,Adult,Gray,"Cinnamon, White","Gray+Cinnamon, White",,Ground Plane,FALSE,,FALSE,FALSE,FALSE,FALSE,TRUE,,FALSE,FALSE,FALSE,FALSE,FALSE,FALSE,FALSE,FALSE,,POINT (-73.9793103340869 40.76782015359681)
"-7,397,017,314,292","4,077,623,499,241",14E-AM-1008-19,14E,AM,10082018,19,Adult,Gray,,Gray+,,Ground Plane,FALSE,,FALSE,FALSE,FALSE,TRUE,FALSE,,FALSE,FALSE,FALSE,FALSE,FALSE,FALSE,TRUE,FALSE,,POINT (-73.970173142921 40.7762349924081)
"-7,395,252,616,439","4,079,637,592,405",40G-AM-1007-02,40G,AM,10072018,2,Juvenile,Cinnamon,Gray,Cinnamon+Gray,,Above Ground,18,,TRUE,FALSE,TRUE,FALSE,FALSE,,FALSE,FALSE,FALSE,FALSE,FALSE,FALSE,TRUE,FALSE,,POINT (-73.952526164386 40.7963759240504)
"-7,397,963,837,152","4,076,824,777,382",2B-AM-1010-07,02B,AM,10102018,7,Adult,Gray,,Gray+,,Ground Plane,FALSE,,FALSE,FALSE,FALSE,FALSE,TRUE,,FALSE,FALSE,FALSE,FALSE,FALSE,FALSE,TRUE,FALSE,,POINT (-73.9796383715206 40.7682477738244)
"-7,396,326,460,496","4,078,174,012,921",22G-AM-1018-05,22G,AM,10182018,5,Adult,Gray,Cinnamon,Gray+Cinnamon,,Ground Plane,FALSE,,FALSE,FALSE,FALSE,FALSE,TRUE,,FALSE,FALSE,FALSE,FALSE,FALSE,FALSE,TRUE,FALSE,,POINT (-73.9632646049622 40.7817401292083)
"-7,396,472,842,066","4,078,396,118,409",23E-PM-1006-01,23E,PM,10062018,1,Adult,Gray,Cinnamon,Gray+Cinnamon,,Above Ground,,on a tree,TRUE,FALSE,FALSE,FALSE,FALSE,,FALSE,FALSE,FALSE,FALSE,FALSE,FALSE,FALSE,TRUE,,POINT (-73.9647284206644 40.7839611840884)
"-7,396,352,907,512","4,078,209,366,282",22G-AM-1018-02,22G,AM,10182018,2,Adult,Gray,,Gray+,,Ground Plane,FALSE,,TRUE,FALSE,TRUE,FALSE,FALSE,,TRUE,FALSE,FALSE,FALSE,FALSE,FALSE,FALSE,TRUE,,POINT (-73.9635290751183 40.7820936628202)
"-7,396,963,607,565","4,077,865,456,591",16D-PM-1010-03,16D,PM,10102018,3,Adult,Gray,,Gray+,,Above Ground,18,,FALSE,FALSE,TRUE,TRUE,FALSE,,FALSE,FALSE,FALSE,FALSE,FALSE,FALSE,TRUE,FALSE,,POINT (-73.9696360756453 40.7786545659072)
"-7,397,091,043,803","4,077,690,969,576",14D-AM-1014-16,14D,AM,10142018,16,Adult,Gray,"Cinnamon, White","Gray+Cinnamon, White",,Ground Plane,FALSE,,FALSE,FALSE,TRUE,FALSE,FALSE,,FALSE,FALSE,FALSE,FALSE,FALSE,FALSE,TRUE,FALSE,,POINT (-73.9709104380323 40.7769096957616)
"-7,396,854,290,608","4,077,247,869,616",11H-AM-1010-05,11H,AM,10102018,5,Adult,Gray,White,Gray+White,,Ground Plane,FALSE,,FALSE,TRUE,FALSE,FALSE,FALSE,,FALSE,FALSE,FALSE,FALSE,FALSE,FALSE,TRUE,FALSE,,POINT (-73.9685429060839 40.7724786961619)
"-7,396,525,847,498","4,078,030,111,244",19F-PM-1017-04,19F,PM,10172018,4,Adult,Gray,Cinnamon,Gray+Cinnamon,,Ground Plane,FALSE,,FALSE,TRUE,TRUE,FALSE,FALSE,,FALSE,FALSE,FALSE,FALSE,TRUE,FALSE,FALSE,TRUE,,POINT (-73.9652584749758 40.7803011124382)
"-739,650,499,507","4,079,081,917,822",30A-AM-1010-01,30A,AM,10102018,1,Adult,Cinnamon,Gray,Cinnamon+Gray,,Above Ground,10,,TRUE,FALSE,TRUE,FALSE,FALSE,,FALSE,FALSE,FALSE,FALSE,TRUE,FALSE,FALSE,TRUE,,POINT (-73.9650499507011 40.7908191782173)
"-7,397,723,967,285","4,076,686,964,118",2E-AM-1010-02,02E,AM,10102018,2,Adult,Gray,,Gray+,,Ground Plane,FALSE,,TRUE,FALSE,FALSE,TRUE,FALSE,,FALSE,FALSE,FALSE,FALSE,FALSE,FALSE,TRUE,FALSE,totally indifferent,POINT (-73.9772396728545 40.7668696411765)
"-7,395,611,416,623","4,079,762,584,586",40D-PM-1013-05,40D,PM,10132018,5,Adult,Gray,Cinnamon,Gray+Cinnamon,,Ground Plane,FALSE,,TRUE,FALSE,FALSE,FALSE,FALSE,,FALSE,FALSE,FALSE,FALSE,FALSE,FALSE,FALSE,TRUE,,POINT (-73.9561141662309 40.7976258458604)
"-739,682,803,241","4,077,245,105,583",11H-AM-1010-04,11H,AM,10102018,4,,Gray,White,Gray+White,,,,,FALSE,FALSE,FALSE,FALSE,TRUE,,FALSE,FALSE,FALSE,FALSE,TRUE,FALSE,FALSE,FALSE,,POINT (-73.9682803241007 40.7724510558327)
"-7,395,531,137,711","4,079,784,319,802",41D-AM-1014-05,41D,AM,10142018,5,Adult,Gray,Black,Gray+Black,,Ground Plane,FALSE,,FALSE,FALSE,FALSE,FALSE,TRUE,,FALSE,FALSE,FALSE,FALSE,FALSE,FALSE,TRUE,FALSE,,POINT (-73.9553113771098 40.7978431980204)
"-739,761,440,628","4,077,060,353,015",6D-PM-1020-04,06D,PM,10202018,4,,Gray,,Gray+,,Above Ground,15,,FALSE,FALSE,TRUE,FALSE,FALSE,,FALSE,FALSE,FALSE,FALSE,FALSE,FALSE,TRUE,FALSE,,POINT (-73.9761440627966 40.7706035301542)
"-739,746,802,194","4,077,313,474,522",9C-PM-1006-01,09C,PM,10062018,1,Adult,Gray,"Cinnamon, White","Gray+Cinnamon, White",,Ground Plane,FALSE,,FALSE,FALSE,FALSE,TRUE,TRUE,,FALSE,FALSE,FALSE,FALSE,FALSE,FALSE,FALSE,TRUE,,POINT (-73.9746802194012 40.7731347452245)
"-7,396,176,123,887","4,079,528,759,543",35A-AM-1014-04,35A,AM,10142018,4,Adult,Gray,"Cinnamon, White","Gray+Cinnamon, White",,Ground Plane,FALSE,,FALSE,FALSE,FALSE,FALSE,TRUE,,FALSE,FALSE,FALSE,FALSE,FALSE,FALSE,TRUE,FALSE,,POINT (-73.9617612388703 40.7952875954297)
"-7,397,134,875,916","4,077,843,530,437",15C-PM-1017-03,15C,PM,10172018,3,Adult,Black,,Black+,,Above Ground,17,running across overpass,TRUE,FALSE,FALSE,FALSE,FALSE,,FALSE,FALSE,FALSE,FALSE,FALSE,FALSE,TRUE,FALSE,,POINT (-73.9713487591577 40.7784353043714)
"-7,397,013,107,533","4,077,680,010,081",14E-AM-1008-06,14E,AM,10082018,6,Adult,Gray,,Gray+,,Ground Plane,FALSE,,FALSE,FALSE,FALSE,FALSE,TRUE,,FALSE,FALSE,FALSE,FALSE,FALSE,FALSE,TRUE,FALSE,,POINT (-73.9701310753277 40.7768001008083)
"-7,397,184,744,809","4,077,949,633,543",16B-AM-1014-01,16B,AM,10142018,1,Adult,Gray,Cinnamon,Gray+Cinnamon,,Ground Plane,FALSE,,FALSE,FALSE,FALSE,FALSE,TRUE,,FALSE,FALSE,FALSE,FALSE,FALSE,FALSE,FALSE,TRUE,,POINT (-73.9718474480919 40.7794963354254)
"-7,397,568,104,536","407,756,257,458",11A-PM-1013-01,11A,PM,10132018,1,Adult,Cinnamon,Gray,Cinnamon+Gray,"Off-white, decorator's white?",Ground Plane,FALSE,,FALSE,FALSE,FALSE,TRUE,FALSE,eating (osage orange),FALSE,FALSE,FALSE,FALSE,FALSE,FALSE,TRUE,FALSE,,POINT (-73.9756810453606 40.7756257458036)
"-7,395,474,232,903","4,078,997,026,288",33I-PM-1006-09,33I,PM,10062018,9,Adult,Black,,Black+,,Ground Plane,FALSE,,FALSE,FALSE,FALSE,FALSE,TRUE,,FALSE,FALSE,FALSE,FALSE,TRUE,FALSE,TRUE,FALSE,,POINT (-73.9547423290276 40.7899702628835)
"-7,395,596,779,637","4,079,511,240,769",38E-AM-1010-07,38E,AM,10102018,7,Adult,Gray,Cinnamon,Gray+Cinnamon,,Above Ground,1,branches,TRUE,TRUE,FALSE,FALSE,FALSE,chasing and being chased by #6,FALSE,FALSE,FALSE,FALSE,TRUE,FALSE,FALSE,TRUE,,POINT (-73.9559677963727 40.7951124076946)
"-7,395,846,960,833","4,079,801,212,266",39B-PM-1014-03,39B,PM,10142018,3,Adult,Gray,,Gray+,,Ground Plane,FALSE,,FALSE,FALSE,FALSE,TRUE,TRUE,,FALSE,FALSE,FALSE,FALSE,FALSE,FALSE,TRUE,FALSE,,POINT (-73.9584696083284 40.7980121226635)
"-7,395,490,824,812","4,079,335,375,846",36G-PM-1012-01,36G,PM,10122018,1,Adult,Gray,White,Gray+White,,Ground Plane,FALSE,,FALSE,FALSE,FALSE,FALSE,FALSE,crossing east drive,FALSE,FALSE,FALSE,FALSE,FALSE,FALSE,FALSE,FALSE,,POINT (-73.9549082481152 40.7933537584624)
"-7,397,144,654,933","4,077,721,355,873",14C-PM-1006-02,14C,PM,10062018,2,Adult,Gray,,Gray+,,Ground Plane,FALSE,,FALSE,FALSE,FALSE,FALSE,TRUE,,FALSE,FALSE,FALSE,FALSE,TRUE,FALSE,FALSE,TRUE,,POINT (-73.9714465493257 40.7772135587308)
"-7,396,438,253,816","4,078,154,458,412",21F-PM-1018-03,21F,PM,10182018,3,Adult,Gray,Cinnamon,Gray+Cinnamon,,Ground Plane,FALSE,,FALSE,FALSE,FALSE,FALSE,TRUE,,FALSE,FALSE,FALSE,FALSE,FALSE,FALSE,FALSE,FALSE,,POINT (-73.9643825381614 40.7815445841195)
"-7,396,254,162,009","4,078,113,023,979",21H-AM-1017-02,21H,AM,10172018,2,Adult,Cinnamon,Gray,Cinnamon+Gray,,Above Ground,1,,FALSE,FALSE,TRUE,FALSE,FALSE,,FALSE,FALSE,FALSE,FALSE,FALSE,FALSE,FALSE,TRUE,,POINT (-73.9625416200877 40.78113023979121)
"-7,396,385,260,621","4,078,269,384,899",22F-AM-1007-02,22F,AM,10072018,2,Adult,Gray,Cinnamon,Gray+Cinnamon,,Ground Plane,FALSE,,FALSE,FALSE,FALSE,FALSE,FALSE,standing,FALSE,FALSE,FALSE,FALSE,FALSE,FALSE,TRUE,FALSE,,POINT (-73.9638526062093 40.782693848993)
"-7,397,335,194,582","4,076,881,479,604",5G-PM-1010-03,05G,PM,10102018,3,Adult,Gray,,Gray+,,Ground Plane,FALSE,,FALSE,FALSE,FALSE,FALSE,TRUE,,FALSE,FALSE,FALSE,FALSE,FALSE,FALSE,FALSE,TRUE,,POINT (-73.973351945818 40.768814796037)
"-7,396,852,273,107","4,077,659,946,659",15F-AM-1007-02,15F,AM,10072018,2,Adult,Gray,Cinnamon,Gray+Cinnamon,"Listed as primary white with cinnamon highlights, I changed to Gray/cinnamon - JO",Above Ground,20,,TRUE,FALSE,TRUE,FALSE,FALSE,,FALSE,FALSE,FALSE,FALSE,FALSE,FALSE,FALSE,TRUE,,POINT (-73.9685227310735 40.776599466588)
"-7,397,216,700,424","4,077,608,591,384",13D-PM-1018-09,13D,PM,10182018,9,Adult,Gray,White,Gray+White,,Ground Plane,FALSE,,TRUE,FALSE,FALSE,FALSE,TRUE,,FALSE,FALSE,FALSE,FALSE,FALSE,FALSE,TRUE,FALSE,,POINT (-73.9721670042434 40.776085913838)
"-7,397,921,538,931","407,688,272,493",3B-AM-1010-01,03B,AM,10102018,1,Adult,Cinnamon,Gray,Cinnamon+Gray,,Ground Plane,FALSE,,FALSE,FALSE,FALSE,FALSE,TRUE,,FALSE,FALSE,FALSE,FALSE,FALSE,FALSE,TRUE,FALSE,,POINT (-73.9792153893146 40.7688272492961)
"-7,395,793,352,755","4,079,530,806,737",37D-PM-1014-05,37D,PM,10142018,5,Adult,Gray,,Gray+,,Ground Plane,FALSE,,FALSE,FALSE,FALSE,FALSE,TRUE,,FALSE,FALSE,FALSE,FALSE,FALSE,FALSE,FALSE,TRUE,,POINT (-73.9579335275486 40.7953080673706)
"-7,397,041,661,948","4,077,667,203,466",14E-AM-1008-07,14E,AM,10082018,7,Adult,Gray,,Gray+,,Ground Plane,FALSE,,FALSE,FALSE,FALSE,FALSE,TRUE,walking,FALSE,FALSE,FALSE,FALSE,FALSE,FALSE,TRUE,FALSE,,POINT (-73.9704166194815 40.7766720346576)
"-7,395,730,576,862","4,079,857,341,057",40B-PM-1014-01,40B,PM,10142018,1,Adult,Gray,Cinnamon,Gray+Cinnamon,,Ground Plane,FALSE,,FALSE,FALSE,FALSE,FALSE,TRUE,,FALSE,FALSE,FALSE,FALSE,FALSE,FALSE,TRUE,FALSE,,POINT (-73.9573057686241 40.7985734105729)
"-7,395,819,824,865","4,079,921,945,753",41A-PM-1007-03,41A,PM,10072018,3,Adult,Gray,White,Gray+White,,Above Ground,55,,TRUE,FALSE,TRUE,FALSE,FALSE,,FALSE,FALSE,FALSE,FALSE,TRUE,FALSE,FALSE,FALSE,,POINT (-73.95819824864691 40.7992194575293)
"-7,397,246,751,547","4,076,591,318,652",3I-PM-1013-05,03I,PM,10132018,5,Adult,Gray,Cinnamon,Gray+Cinnamon,,Ground Plane,FALSE,,TRUE,FALSE,FALSE,FALSE,FALSE,,FALSE,FALSE,FALSE,FALSE,FALSE,FALSE,TRUE,FALSE,,POINT (-73.972467515471 40.7659131865172)
"-7,397,003,307,121","4,077,829,139,257",16D-PM-1010-06,16D,PM,10102018,6,Adult,Gray,,Gray+,,Ground Plane,FALSE,,TRUE,FALSE,FALSE,FALSE,TRUE,walking,FALSE,FALSE,FALSE,FALSE,FALSE,FALSE,FALSE,FALSE,checking me out,POINT (-73.9700330712119 40.7782913925727)
"-7,395,700,862,123","4,079,466,797,558",37E-PM-1006-08,37E,PM,10062018,8,Adult,Gray,,Gray+,,Ground Plane,FALSE,,FALSE,FALSE,FALSE,FALSE,TRUE,,FALSE,FALSE,FALSE,FALSE,FALSE,FALSE,TRUE,FALSE,,POINT (-73.95700862122851 40.7946679755816)
"-7,396,154,026,297","4,079,240,823,303",33C-AM-1012-02,33C,AM,10122018,2,Adult,Gray,Cinnamon,Gray+Cinnamon,Cinnamon along back & tail,Above Ground,20,tree branches,FALSE,TRUE,TRUE,FALSE,FALSE,,FALSE,FALSE,FALSE,FALSE,FALSE,FALSE,TRUE,FALSE,,POINT (-73.9615402629655 40.7924082330328)
"-7,397,083,645,836","4,077,236,915,874",10F-AM-1007-01,10F,AM,10072018,1,Adult,Gray,,Gray+,,Above Ground,60,,FALSE,FALSE,TRUE,FALSE,FALSE,,FALSE,FALSE,FALSE,TRUE,FALSE,FALSE,FALSE,FALSE,,POINT (-73.9708364583591 40.7723691587433)
"-7,397,569,726,476","4,077,362,416,483",9B-PM-1013-04,09B,PM,10132018,4,Juvenile,Gray,Black,Gray+Black,,Above Ground,30,,FALSE,FALSE,TRUE,FALSE,FALSE,,FALSE,FALSE,FALSE,FALSE,TRUE,FALSE,TRUE,FALSE,,POINT (-73.9756972647636 40.773624164826)
"-7,397,994,414,934","4,076,714,999,975",1C-AM-1012-01,01C,AM,10122018,1,Adult,Gray,"Black, Cinnamon, White","Gray+Black, Cinnamon, White","Gray, Black, & Cinnamon selected as Primary. Cinnamon & White selected as Highlights. Made executive adjustments.",Ground Plane,FALSE,,TRUE,FALSE,FALSE,FALSE,FALSE,,FALSE,FALSE,FALSE,TRUE,FALSE,FALSE,FALSE,TRUE,,POINT (-73.9799441493404 40.7671499997527)
"-7,397,090,406,238","4,077,011,638,927",7H-PM-1006-03,07H,PM,10062018,3,Adult,Gray,,Gray+,,Above Ground,8,tree,TRUE,FALSE,TRUE,FALSE,FALSE,,FALSE,FALSE,FALSE,TRUE,FALSE,FALSE,TRUE,FALSE,,POINT (-73.9709040623777 40.7701163892686)
"-7,397,452,277,698","4,076,736,182,848",3F-AM-1006-09,03F,AM,10062018,9,Juvenile,Gray,"Cinnamon, White","Gray+Cinnamon, White",,Ground Plane,FALSE,in grass by light post,FALSE,FALSE,FALSE,FALSE,TRUE,,FALSE,FALSE,FALSE,FALSE,FALSE,FALSE,TRUE,FALSE,,POINT (-73.9745227769788 40.76736182847821)
"-7,396,595,499,635","4,078,336,596,892",22D-PM-1012-05,22D,PM,10122018,5,Adult,Gray,"Black, Cinnamon, White","Gray+Black, Cinnamon, White",,,,,FALSE,FALSE,FALSE,TRUE,FALSE,,FALSE,FALSE,FALSE,FALSE,FALSE,FALSE,TRUE,FALSE,,POINT (-73.9659549963516 40.7833659689194)
"-7,397,636,222,693","4,077,046,712,959",5C-PM-1010-10,05C,PM,10102018,10,Adult,Gray,Cinnamon,Gray+Cinnamon,,Ground Plane,FALSE,,FALSE,FALSE,FALSE,TRUE,FALSE,,FALSE,FALSE,FALSE,FALSE,FALSE,TRUE,FALSE,FALSE,fed by woman,POINT (-73.9763622269272 40.7704671295941)
"-7,396,746,884,336","4,077,897,283,819",17E-AM-1017-06,17E,AM,10172018,6,Adult,Gray,,Gray+,,Ground Plane,FALSE,,TRUE,FALSE,FALSE,FALSE,FALSE,,FALSE,FALSE,FALSE,FALSE,FALSE,FALSE,TRUE,FALSE,,POINT (-73.9674688433583 40.7789728381912)
"-7,397,063,600,053","4,077,170,740,445",9G-PM-1007-05,09G,PM,10072018,5,Adult,Gray,White,Gray+White,,Ground Plane,FALSE,,FALSE,FALSE,FALSE,TRUE,FALSE,,FALSE,FALSE,FALSE,FALSE,FALSE,FALSE,FALSE,TRUE,,POINT (-73.9706360005275 40.7717074044466)
"-7,397,833,669,038","4,076,683,000,561",1D-PM-1007-03,01D,PM,10072018,3,Adult,Gray,White,Gray+White,,Ground Plane,FALSE,,FALSE,TRUE,FALSE,FALSE,FALSE,,FALSE,FALSE,FALSE,FALSE,FALSE,FALSE,TRUE,FALSE,,POINT (-73.9783366903829 40.7668300056094)
"-7,396,220,476,777","4,079,451,263,585",35A-AM-1014-06,35A,AM,10142018,6,Adult,Gray,Cinnamon,Gray+Cinnamon,,Ground Plane,FALSE,,FALSE,TRUE,FALSE,FALSE,FALSE,,FALSE,FALSE,FALSE,FALSE,FALSE,FALSE,TRUE,FALSE,,POINT (-73.9622047677701 40.7945126358465)
"-7,394,972,176,746","4,079,651,700,721",42I-PM-1014-03,42I,PM,10142018,3,,Gray,Cinnamon,Gray+Cinnamon,,Ground Plane,FALSE,,FALSE,FALSE,FALSE,TRUE,FALSE,,FALSE,FALSE,FALSE,FALSE,FALSE,FALSE,TRUE,FALSE,,POINT (-73.9497217674555 40.796517007214)
"-7,396,713,064,312","4,078,388,701,591",22C-PM-1006-05,22C,PM,10062018,5,Juvenile,Gray,,Gray+,,Ground Plane,FALSE,,FALSE,FALSE,FALSE,TRUE,FALSE,,FALSE,FALSE,FALSE,FALSE,FALSE,FALSE,FALSE,FALSE,,POINT (-73.9671306431211 40.783887015905705)
"-7,397,867,142,073","4,076,968,708,062",4B-PM-1018-01,04B,PM,10182018,1,Adult,Gray,,Gray+,,Ground Plane,FALSE,,FALSE,FALSE,FALSE,TRUE,FALSE,,FALSE,FALSE,FALSE,FALSE,FALSE,TRUE,FALSE,FALSE,,POINT (-73.9786714207307 40.7696870806229)
"-7,397,509,925,644","4,077,433,918,838",10B-PM-1014-03,10B,PM,10142018,3,Adult,Gray,White,Gray+White,,Ground Plane,FALSE,,FALSE,FALSE,FALSE,TRUE,TRUE,,FALSE,FALSE,FALSE,FALSE,FALSE,FALSE,FALSE,FALSE,avoided people,POINT (-73.9750992564362 40.7743391883762)
"-7,395,562,181,993","407,980,460,204",41D-PM-1014-01,41D,PM,10142018,1,Adult,Gray,Cinnamon,Gray+Cinnamon,,Ground Plane,FALSE,,FALSE,FALSE,FALSE,TRUE,FALSE,"digging,drinking",FALSE,FALSE,FALSE,FALSE,FALSE,FALSE,FALSE,TRUE,,POINT (-73.9556218199258 40.7980460204041)
"-7,396,777,794,085","4,078,674,822,113",25A-AM-1013-02,25A,AM,10132018,2,,Gray,,Gray+,,Above Ground,15,BIG TREE,FALSE,TRUE,FALSE,FALSE,FALSE,chasing #3,FALSE,FALSE,FALSE,TRUE,FALSE,FALSE,TRUE,FALSE,,POINT (-73.9677779408464 40.7867482211349)
"-7,396,123,985,098","4,079,500,331,504",35A-PM-1013-12,35A,PM,10132018,12,Adult,Gray,Cinnamon,Gray+Cinnamon,,Ground Plane,FALSE,,TRUE,FALSE,FALSE,FALSE,FALSE,,FALSE,FALSE,FALSE,TRUE,FALSE,FALSE,FALSE,TRUE,,POINT (-73.9612398509782 40.7950033150385)
"-7,397,205,537,535","4,076,644,881,754",3I-AM-1010-04,03I,AM,10102018,4,Adult,Gray,,Gray+,,Ground Plane,FALSE,,FALSE,FALSE,FALSE,FALSE,TRUE,,FALSE,FALSE,FALSE,FALSE,FALSE,FALSE,TRUE,FALSE,,POINT (-73.9720553753548 40.7664488175384)
"-7,397,001,482,484","4,077,877,801,934",16D-PM-1010-04,16D,PM,10102018,4,Adult,Gray,,Gray+,,Ground Plane,FALSE,,FALSE,FALSE,FALSE,TRUE,FALSE,,FALSE,FALSE,FALSE,FALSE,FALSE,FALSE,TRUE,FALSE,,POINT (-73.9700148248402 40.7787780193358)
"-7,397,891,260,886","4,076,850,791,497",2C-PM-1013-08,02C,PM,10132018,8,Adult,Gray,White,Gray+White,,Ground Plane,FALSE,,FALSE,FALSE,FALSE,FALSE,FALSE,,FALSE,FALSE,FALSE,FALSE,FALSE,TRUE,FALSE,FALSE,,POINT (-73.9789126088606 40.7685079149692)
"-7,397,718,439,122","4,077,236,663,821",7B-AM-1008-01,07B,AM,10082018,1,Adult,Gray,,Gray+,,Ground Plane,FALSE,,FALSE,FALSE,FALSE,TRUE,FALSE,,FALSE,FALSE,FALSE,FALSE,FALSE,FALSE,TRUE,FALSE,,POINT (-73.9771843912229 40.77236663821251)
"-7,396,465,974,521","4,078,276,982,207",22F-AM-1007-07,22F,AM,10072018,7,Juvenile,Cinnamon,Gray,Cinnamon+Gray,,Above Ground,3,,FALSE,FALSE,TRUE,FALSE,FALSE,,FALSE,FALSE,FALSE,FALSE,TRUE,FALSE,FALSE,FALSE,alert & aware,POINT (-73.9646597452128 40.7827698220703)
"-7,397,826,438,139","4,077,170,860,908",6A-AM-1006-04,06A,AM,10062018,4,Adult,Gray,White,Gray+White,,Ground Plane,FALSE,,FALSE,TRUE,FALSE,FALSE,TRUE,,FALSE,FALSE,FALSE,FALSE,TRUE,FALSE,FALSE,FALSE,curious,POINT (-73.97826438139 40.7717086090782)
"-7,397,851,333,014","4,077,182,602,883",6A-PM-1012-05,06A,PM,10122018,5,Adult,Cinnamon,White,Cinnamon+White,,Ground Plane,FALSE,,FALSE,FALSE,FALSE,FALSE,TRUE,,FALSE,FALSE,FALSE,FALSE,FALSE,FALSE,FALSE,FALSE,,POINT (-73.9785133301426 40.7718260288338)
"-7,395,433,237,869","4,079,430,865,304",37G-PM-1007-03,37G,PM,10072018,3,Adult,Gray,Cinnamon,Gray+Cinnamon,,Above Ground,15,,FALSE,FALSE,FALSE,TRUE,FALSE,"lying on belly on branch,eating big nut",FALSE,FALSE,FALSE,FALSE,FALSE,FALSE,FALSE,FALSE,,POINT (-73.9543323786888 40.7943086530436)
"-7,397,122,567,653","4,077,609,428,725",13D-PM-1018-13,13D,PM,10182018,13,Adult,Gray,"Cinnamon, White","Gray+Cinnamon, White","Gray, Cinnamon & White selected as Primary. White selected as Highlights. Made executive adjustments.",Ground Plane,FALSE,,FALSE,FALSE,FALSE,FALSE,TRUE,digging,FALSE,FALSE,FALSE,FALSE,FALSE,FALSE,TRUE,FALSE,,POINT (-73.9712256765283 40.7760942872488)
"-7,395,933,528,062","407,918,150,568",33E-AM-1014-02,33E,AM,10142018,2,Juvenile,Black,,Black+,,Above Ground,10,,FALSE,FALSE,TRUE,FALSE,FALSE,,FALSE,FALSE,FALSE,FALSE,FALSE,FALSE,FALSE,TRUE,,POINT (-73.9593352806175 40.7918150568046)
"-7,397,274,886,407","4,077,819,167,806",14B-PM-1014-06,14B,PM,10142018,6,Juvenile,Gray,Cinnamon,Gray+Cinnamon,,Ground Plane,FALSE,,FALSE,FALSE,FALSE,FALSE,FALSE,watching me,FALSE,FALSE,FALSE,FALSE,FALSE,TRUE,FALSE,FALSE,skittish,POINT (-73.9727488640736 40.7781916780621)
"-7,397,428,045,524","4,077,071,676,719",7E-PM-1013-05,07E,PM,10132018,5,Adult,Gray,Cinnamon,Gray+Cinnamon,,Ground Plane,FALSE,On rocks,FALSE,FALSE,FALSE,TRUE,TRUE,,FALSE,FALSE,FALSE,FALSE,TRUE,FALSE,TRUE,FALSE,,POINT (-73.9742804552383 40.7707167671865)
"-7,397,693,194,503","4,077,438,835,762",9A-AM-1013-11,09A,AM,10132018,11,Juvenile,Gray,Cinnamon,Gray+Cinnamon,,Ground Plane,FALSE,foot of tree,TRUE,TRUE,FALSE,FALSE,FALSE,,FALSE,FALSE,FALSE,FALSE,FALSE,FALSE,TRUE,FALSE,,POINT (-73.9769319450348 40.7743883576247)
"-7,397,182,708,203","4,077,483,009,913",11D-AM-1010-06,11D,AM,10102018,6,Adult,Gray,Cinnamon,Gray+Cinnamon,,Ground Plane,FALSE,,FALSE,FALSE,FALSE,TRUE,TRUE,,FALSE,FALSE,FALSE,FALSE,FALSE,FALSE,TRUE,FALSE,,POINT (-73.97182708203471 40.7748300991287)
"-7,396,981,966,712","4,078,029,720,015",18C-PM-1018-03,18C,PM,10182018,3,Juvenile,Gray,,Gray+,,Above Ground,1,,TRUE,TRUE,FALSE,FALSE,FALSE,,FALSE,FALSE,FALSE,FALSE,FALSE,FALSE,FALSE,TRUE,,POINT (-73.9698196671161 40.7802972001469)
"-7,395,302,635,525","4,079,209,497,884",36I-PM-1007-05,36I,PM,10072018,5,Adult,Gray,,Gray+,,Ground Plane,FALSE,,FALSE,FALSE,FALSE,FALSE,TRUE,,FALSE,FALSE,FALSE,FALSE,TRUE,FALSE,TRUE,FALSE,,POINT (-73.9530263552489 40.7920949788358)
"-7,398,082,020,885","4,076,829,218,423",1A-PM-1014-02,01A,PM,10142018,2,Adult,Cinnamon,White,Cinnamon+White,,Above Ground,6,,FALSE,TRUE,FALSE,FALSE,FALSE,,FALSE,FALSE,FALSE,FALSE,FALSE,FALSE,FALSE,FALSE,,POINT (-73.9808202088503 40.7682921842325)
"-7,395,222,916,034","4,079,769,853,858",42G-PM-1014-01,42G,PM,10142018,1,Adult,Gray,White,Gray+White,,Above Ground,8,,FALSE,FALSE,TRUE,FALSE,TRUE,,FALSE,FALSE,TRUE,FALSE,FALSE,FALSE,FALSE,TRUE,,POINT (-73.9522291603405 40.7976985385835)
"-7,396,857,515,955","4,077,094,135,679",9I-PM-1010-07,09I,PM,10102018,7,Adult,Gray,White,Gray+White,,Above Ground,1,ran up tree,TRUE,FALSE,FALSE,FALSE,FALSE,,FALSE,FALSE,FALSE,FALSE,FALSE,FALSE,FALSE,TRUE,,POINT (-73.9685751595485 40.7709413567859)
"-7,397,215,923,784","4,077,603,458,357",12C-AM-1013-02,12C,AM,10132018,2,Adult,Gray,,Gray+,,Ground Plane,FALSE,,FALSE,TRUE,FALSE,FALSE,FALSE,,TRUE,FALSE,FALSE,FALSE,FALSE,FALSE,TRUE,FALSE,,POINT (-73.9721592378418 40.776034583573)
"-7,395,409,085,131","4,079,420,122,505",37G-PM-1007-04,37G,PM,10072018,4,,Cinnamon,Gray,Cinnamon+Gray,gray tail,Ground Plane,FALSE,,FALSE,FALSE,FALSE,FALSE,TRUE,,FALSE,FALSE,FALSE,FALSE,FALSE,FALSE,FALSE,FALSE,,POINT (-73.9540908513075 40.794201225045)
"-7,395,739,300,799","4,079,345,702,945",35E-AM-1020-03,35E,AM,10202018,3,Adult,Gray,Cinnamon,Gray+Cinnamon,,Ground Plane,FALSE,,FALSE,FALSE,FALSE,FALSE,TRUE,,FALSE,FALSE,FALSE,FALSE,FALSE,FALSE,TRUE,FALSE,,POINT (-73.9573930079918 40.7934570294469)
"-7,397,175,802,287","4,077,157,261,594",8F-PM-1012-01,08F,PM,10122018,1,Adult,Gray,Cinnamon,Gray+Cinnamon,,Ground Plane,FALSE,,FALSE,FALSE,FALSE,TRUE,FALSE,,FALSE,FALSE,FALSE,FALSE,FALSE,FALSE,FALSE,FALSE,,POINT (-73.97175802286641 40.7715726159383)
"-7,397,572,498,341","4,076,970,326,068",5D-PM-1018-05,05D,PM,10182018,5,Juvenile,Gray,,Gray+,,Above Ground,3,,FALSE,FALSE,TRUE,FALSE,FALSE,,FALSE,FALSE,FALSE,FALSE,FALSE,FALSE,FALSE,TRUE,,POINT (-73.9757249834141 40.7697032606755)
"-7,395,477,117,968","407,908,540,752",34I-PM-1010-06,34I,PM,10102018,6,Adult,Gray,,Gray+,,,,,FALSE,FALSE,FALSE,FALSE,TRUE,,FALSE,FALSE,FALSE,FALSE,TRUE,FALSE,FALSE,FALSE,,POINT (-73.9547711796823 40.7908540751983)
"-7,395,896,759,955","4,079,131,192,236",33E-AM-1014-09,33E,AM,10142018,9,Juvenile,Black,,Black+,,Above Ground,15,,FALSE,TRUE,FALSE,FALSE,FALSE,,FALSE,FALSE,FALSE,FALSE,FALSE,FALSE,TRUE,FALSE,,POINT (-73.9589675995517 40.7913119223584)
"-7,396,987,620,231","4,077,820,556,881",16D-PM-1010-09,16D,PM,10102018,9,Adult,Gray,,Gray+,,Ground Plane,FALSE,,FALSE,TRUE,FALSE,FALSE,FALSE,,TRUE,FALSE,FALSE,FALSE,FALSE,FALSE,TRUE,FALSE,,POINT (-73.9698762023146 40.77820556881131)
"-7,396,715,495,661","4,077,513,428,707",14H-AM-1007-01,14H,AM,10072018,1,Adult,Gray,,Gray+,,Above Ground,180,top of tree,TRUE,FALSE,FALSE,FALSE,FALSE,jumping between branches,FALSE,FALSE,FALSE,FALSE,FALSE,FALSE,TRUE,FALSE,,POINT (-73.9671549566066 40.7751342870705)
"-7,396,793,990,974","40,774,281,315",13H-PM-1010-09,13H,PM,10102018,9,Adult,Gray,,Gray+,,Ground Plane,FALSE,,FALSE,FALSE,FALSE,FALSE,TRUE,,FALSE,FALSE,FALSE,FALSE,FALSE,FALSE,TRUE,FALSE,,POINT (-73.96793990973822 40.7742813149957)
"-7,396,294,201,136","4,078,913,307,272",29C-AM-1007-03,29C,AM,10072018,3,Adult,Gray,Cinnamon,Gray+Cinnamon,,Ground Plane,FALSE,,TRUE,FALSE,FALSE,FALSE,FALSE,,FALSE,FALSE,FALSE,FALSE,FALSE,FALSE,FALSE,TRUE,,POINT (-73.9629420113622 40.789133072717)
"-7,396,884,668,746","4,077,379,115,599",12G-PM-1007-05,12G,PM,10072018,5,,Gray,Cinnamon,Gray+Cinnamon,,Ground Plane,FALSE,,FALSE,FALSE,FALSE,FALSE,FALSE,,FALSE,FALSE,FALSE,FALSE,FALSE,FALSE,FALSE,FALSE,,POINT (-73.9688466874605 40.7737911559867)
"-7,396,424,119,904","4,077,796,927,772",18H-PM-1014-03,18H,PM,10142018,3,Adult,Gray,Cinnamon,Gray+Cinnamon,,Ground Plane,FALSE,,FALSE,FALSE,FALSE,FALSE,TRUE,,FALSE,FALSE,FALSE,TRUE,FALSE,FALSE,TRUE,FALSE,,POINT (-73.9642411990432 40.7779692777193)
"-7,396,532,790,699","4,077,587,431,138",15I-AM-1008-02,15I,AM,10082018,2,Adult,Gray,Cinnamon,Gray+Cinnamon,Could be same squirrel as #1?,Above Ground,4,on fence,FALSE,FALSE,FALSE,TRUE,FALSE,,FALSE,FALSE,FALSE,FALSE,FALSE,FALSE,FALSE,TRUE,,POINT (-73.9653279069888 40.7758743113817)
"-7,395,569,372,183","4,079,909,280,624",42C-AM-1007-04,42C,AM,10072018,4,Adult,Gray,"Cinnamon, White","Gray+Cinnamon, White",young adult,Ground Plane,FALSE,,FALSE,FALSE,FALSE,FALSE,FALSE,walking,FALSE,FALSE,FALSE,FALSE,FALSE,FALSE,TRUE,FALSE,,POINT (-73.9556937218252 40.7990928062435)
"-7,395,588,090,646","4,079,527,650,222",38E-PM-1014-03,38E,PM,10142018,3,,Gray,,Gray+,,Ground Plane,FALSE,THICK UNDERGROWTH,FALSE,FALSE,FALSE,FALSE,TRUE,,FALSE,FALSE,FALSE,FALSE,FALSE,FALSE,TRUE,FALSE,,POINT (-73.9558809064648 40.7952765022241)
"-7,395,797,689,614","4,079,702,712,824",39C-AM-1017-04,39C,AM,10172018,4,Adult,Gray,,Gray+,,Ground Plane,FALSE,,FALSE,FALSE,FALSE,TRUE,FALSE,,FALSE,FALSE,FALSE,FALSE,FALSE,FALSE,FALSE,TRUE,,POINT (-73.957976896139 40.797027128241005)
"-7,397,698,874,739","4,077,075,615,329",5C-PM-1010-04,05C,PM,10102018,4,Adult,Gray,Cinnamon,Gray+Cinnamon,,Ground Plane,FALSE,,TRUE,FALSE,FALSE,TRUE,FALSE,,FALSE,FALSE,FALSE,FALSE,FALSE,FALSE,TRUE,FALSE,,POINT (-73.97698874738522 40.7707561532949)
"-7,396,559,053,009","407,752,614,638",14I-PM-1018-06,14I,PM,10182018,6,Adult,Cinnamon,Black,Cinnamon+Black,,Above Ground,2,,TRUE,FALSE,TRUE,FALSE,FALSE,,FALSE,FALSE,FALSE,FALSE,TRUE,FALSE,TRUE,FALSE,,POINT (-73.9655905300923 40.7752614638023)
"-7,395,888,860,838","4,079,099,917,334",32E-PM-1017-01,32E,PM,10172018,1,Adult,Gray,,Gray+,,Ground Plane,FALSE,,FALSE,FALSE,FALSE,FALSE,TRUE,,FALSE,FALSE,FALSE,FALSE,FALSE,FALSE,FALSE,TRUE,,POINT (-73.9588886083793 40.7909991733435)
"-7,397,548,367,967","4,077,388,795,454",9B-PM-1013-01,09B,PM,10132018,1,Juvenile,Gray,Cinnamon,Gray+Cinnamon,,Ground Plane,FALSE,,FALSE,FALSE,FALSE,FALSE,FALSE,playing,FALSE,FALSE,FALSE,FALSE,TRUE,FALSE,TRUE,FALSE,,POINT (-73.9754836796706 40.7738879545412)
"-7,396,629,396,307","407,878,502,338",26B-AM-1010-01,26B,AM,10102018,1,Adult,Gray,,Gray+,,Ground Plane,FALSE,running across bridle path,TRUE,FALSE,FALSE,FALSE,FALSE,,FALSE,FALSE,FALSE,FALSE,FALSE,FALSE,FALSE,TRUE,,POINT (-73.9662939630722 40.7878502338031)
"-7,396,130,519,573","4,079,093,513,935",31D-AM-1014-02,31D,AM,10142018,2,Juvenile,Gray,White,Gray+White,,Ground Plane,FALSE,Undergrowth,FALSE,FALSE,FALSE,FALSE,TRUE,,FALSE,FALSE,FALSE,FALSE,FALSE,FALSE,FALSE,TRUE,,POINT (-73.9613051957306 40.7909351393505)
"-7,397,642,353,733","4,077,060,651,399",5C-PM-1010-11,05C,PM,10102018,11,Adult,Cinnamon,Gray,Cinnamon+Gray,,Ground Plane,FALSE,,FALSE,FALSE,TRUE,FALSE,TRUE,,FALSE,FALSE,FALSE,FALSE,FALSE,FALSE,FALSE,FALSE,,POINT (-73.97642353733221 40.770606513989)
"-7,397,050,538,216","4,077,875,032,202",16C-AM-1014-04,16C,AM,10142018,4,Adult,Gray,Black,Gray+Black,,Ground Plane,FALSE,,FALSE,FALSE,FALSE,FALSE,TRUE,,FALSE,FALSE,FALSE,FALSE,FALSE,FALSE,TRUE,FALSE,,POINT (-73.9705053821577 40.7787503220242)
"-7,397,637,911,214","4,077,028,151,225",5D-PM-1018-04,05D,PM,10182018,4,Adult,Gray,White,Gray+White,Partial missing tail,Ground Plane,FALSE,,FALSE,TRUE,FALSE,FALSE,FALSE,chasing (dog chasing),FALSE,FALSE,FALSE,FALSE,FALSE,FALSE,FALSE,TRUE,,POINT (-73.9763791121438 40.770281512254)
"-7,396,001,657,855","4,079,524,667,618",36B-PM-1013-03,36B,PM,10132018,3,Adult,Gray,Cinnamon,Gray+Cinnamon,,Ground Plane,FALSE,,TRUE,TRUE,FALSE,FALSE,FALSE,,FALSE,FALSE,FALSE,FALSE,TRUE,FALSE,FALSE,TRUE,,POINT (-73.9600165785486 40.7952466761832)
"-7,395,737,241,333","4,079,800,809,111",40C-AM-1017-02,40C,AM,10172018,2,Adult,Gray,"Cinnamon, White","Gray+Cinnamon, White",,Ground Plane,FALSE,,FALSE,TRUE,FALSE,TRUE,FALSE,chasing (#1),FALSE,FALSE,FALSE,FALSE,FALSE,FALSE,FALSE,TRUE,,POINT (-73.9573724133264 40.7980080911115)
"-7,395,801,093,571","4,078,556,544,054",28I-AM-1013-01,28I,AM,10132018,1,Adult,Gray,Cinnamon,Gray+Cinnamon,,Ground Plane,FALSE,Jumped onto path & then back into brush,FALSE,FALSE,FALSE,FALSE,FALSE,stood on fence,FALSE,FALSE,FALSE,FALSE,FALSE,FALSE,FALSE,TRUE,,POINT (-73.9580109357087 40.7855654405447)
"-7,395,488,778,301","4,079,501,574,891",38F-AM-1018-04,38F,AM,10182018,4,Adult,Gray,Cinnamon,Gray+Cinnamon,,Ground Plane,FALSE,,FALSE,FALSE,TRUE,FALSE,FALSE,,FALSE,FALSE,FALSE,FALSE,FALSE,FALSE,FALSE,FALSE,,POINT (-73.95488778301362 40.7950157489103)
"-739,767,314,435","4,076,611,998,894",1F-AM-1010-01,01F,AM,10102018,1,Adult,Gray,,Gray+,,Ground Plane,FALSE,,FALSE,FALSE,FALSE,TRUE,FALSE,,FALSE,FALSE,FALSE,FALSE,FALSE,FALSE,TRUE,FALSE,,POINT (-73.9767314435027 40.7661199889431)
"-7,396,732,436,999","4,078,753,929,577",26A-AM-1014-01,26A,AM,10142018,1,,Gray,Cinnamon,Gray+Cinnamon,,Ground Plane,FALSE,,FALSE,TRUE,FALSE,FALSE,TRUE,,FALSE,FALSE,FALSE,FALSE,FALSE,FALSE,FALSE,FALSE,could not get close due to fences,POINT (-73.9673243699918 40.7875392957722)
"-739,596,375,907","4,079,073,477,084",32E-AM-1007-05,32E,AM,10072018,5,Adult,Black,,Black+,,Above Ground,30,,FALSE,FALSE,TRUE,FALSE,FALSE,,FALSE,FALSE,FALSE,FALSE,FALSE,FALSE,TRUE,FALSE,,POINT (-73.9596375907038 40.79073477083531)
"-7,396,732,355,553","4,077,867,495,968",17F-PM-1020-04,17F,PM,10202018,4,Juvenile,Gray,Cinnamon,Gray+Cinnamon,,Above Ground,,,FALSE,FALSE,FALSE,TRUE,FALSE,,FALSE,FALSE,FALSE,FALSE,FALSE,FALSE,FALSE,FALSE,,POINT (-73.9673235555321 40.7786749596774)
"-7,397,575,361,873","4,077,551,198,107",11A-PM-1013-03,11A,PM,10132018,3,Adult,Cinnamon,Gray,Cinnamon+Gray,,Ground Plane,FALSE,,FALSE,FALSE,FALSE,TRUE,TRUE,,FALSE,FALSE,FALSE,FALSE,FALSE,FALSE,TRUE,FALSE,,POINT (-73.9757536187319 40.7755119810678)
"-7,396,750,474,803","4,077,892,343,972",17E-AM-1017-01,17E,AM,10172018,1,Adult,Gray,,Gray+,,Ground Plane,FALSE,Pond area,FALSE,FALSE,FALSE,FALSE,TRUE,,FALSE,FALSE,FALSE,FALSE,FALSE,FALSE,TRUE,FALSE,,POINT (-73.9675047480308 40.7789234397249)
"-739,562,765,288","4,078,806,179,639",31I-PM-1019-02,31I,PM,10192018,2,Adult,Gray,,Gray+,,Ground Plane,FALSE,,FALSE,FALSE,FALSE,FALSE,TRUE,,FALSE,FALSE,FALSE,FALSE,FALSE,FALSE,TRUE,FALSE,,POINT (-73.9562765288004 40.7880617963868)
"-7,395,585,895,296","4,078,924,003,949",32H-PM-1006-02,32H,PM,10062018,2,,Gray,,Gray+,,Above Ground,8,,FALSE,FALSE,TRUE,FALSE,FALSE,,FALSE,FALSE,FALSE,FALSE,FALSE,FALSE,FALSE,FALSE,,POINT (-73.9558589529608 40.7892400394941)
"-7,397,855,365,291","407,716,184,505",6A-PM-1012-07,06A,PM,10122018,7,Adult,Cinnamon,White,Cinnamon+White,,Ground Plane,FALSE,elevated ground,FALSE,TRUE,FALSE,FALSE,TRUE,,FALSE,FALSE,FALSE,FALSE,FALSE,FALSE,TRUE,FALSE,,POINT (-73.9785536529136 40.771618450500206)
"-7,397,190,362,174","4,078,035,881,224",17A-AM-1017-01,17A,AM,10172018,1,Adult,Gray,Cinnamon,Gray+Cinnamon,,Above Ground,3,ground & tree,TRUE,FALSE,TRUE,FALSE,TRUE,,FALSE,FALSE,FALSE,FALSE,TRUE,FALSE,FALSE,TRUE,,POINT (-73.9719036217446 40.7803588122409)
"-7,395,683,822,792","407,975,685,471",40C-AM-1017-07,40C,AM,10172018,7,Adult,Gray,"Cinnamon, White","Gray+Cinnamon, White",,Ground Plane,FALSE,,FALSE,FALSE,FALSE,FALSE,TRUE,digging,FALSE,FALSE,FALSE,FALSE,FALSE,FALSE,TRUE,FALSE,,POINT (-73.9568382279233 40.7975685470963)
"-7,397,673,020,674","4,077,370,921,391",8A-PM-1014-01,08A,PM,10142018,1,Adult,Gray,White,Gray+White,,Ground Plane,FALSE,,FALSE,FALSE,TRUE,TRUE,FALSE,,TRUE,FALSE,FALSE,FALSE,FALSE,FALSE,FALSE,TRUE,runs from (goes up a tree),POINT (-73.976730206737 40.773709213914)
"-73,972,212,563","4,077,613,114,659",13C-PM-1019-05,13C,PM,10192018,5,Adult,Gray,Cinnamon,Gray+Cinnamon,,Ground Plane,FALSE,,FALSE,FALSE,FALSE,TRUE,TRUE,,FALSE,FALSE,FALSE,FALSE,TRUE,TRUE,TRUE,FALSE,,POINT (-73.972212563004 40.7761311465857)
"-7,397,581,523,226","4,076,923,774,015",4E-PM-1008-03,04E,PM,10082018,3,Adult,Gray,,Gray+,,,,,FALSE,TRUE,FALSE,FALSE,FALSE,chasing #4,FALSE,FALSE,FALSE,FALSE,FALSE,FALSE,FALSE,FALSE,,POINT (-73.9758152322587 40.7692377401467)
"-7,395,409,229,221","4,079,798,003,954",41E-PM-1013-05,41E,PM,10132018,5,Juvenile,Gray,"Cinnamon, White","Gray+Cinnamon, White",White tail,Above Ground,10,,FALSE,FALSE,FALSE,TRUE,FALSE,,FALSE,FALSE,FALSE,FALSE,FALSE,FALSE,FALSE,FALSE,,POINT (-73.954092292214 40.7979800395433)
"-7,397,347,626,493","4,076,637,034,045",3H-AM-1008-05,03H,AM,10082018,5,Adult,Gray,Cinnamon,Gray+Cinnamon,,Above Ground,13,,FALSE,FALSE,TRUE,FALSE,FALSE,,FALSE,FALSE,FALSE,FALSE,TRUE,FALSE,FALSE,FALSE,,POINT (-73.9734762649298 40.7663703404546)
"-7,395,394,000,282","4,079,800,412,717",41E-AM-1007-02,41E,AM,10072018,2,Adult,Gray,,Gray+,,Ground Plane,FALSE,,FALSE,FALSE,FALSE,FALSE,TRUE,,FALSE,FALSE,FALSE,FALSE,FALSE,FALSE,FALSE,TRUE,,POINT (-73.9539400028236 40.79800412717)
"-7,395,548,910,035","4,079,687,745,997",40E-AM-1014-03,40E,AM,10142018,3,Adult,Gray,White,Gray+White,,Ground Plane,FALSE,,FALSE,FALSE,TRUE,FALSE,TRUE,,FALSE,FALSE,FALSE,FALSE,FALSE,FALSE,TRUE,FALSE,,POINT (-73.9554891003543 40.79687745996541)
"-7,398,096,101,172","4,076,838,966,655",2A-AM-1010-02,02A,AM,10102018,2,,Gray,Cinnamon,Gray+Cinnamon,,Above Ground,,perched on small fence,FALSE,FALSE,FALSE,TRUE,FALSE,,FALSE,FALSE,FALSE,FALSE,TRUE,FALSE,FALSE,TRUE,,POINT (-73.9809610117171 40.7683896665502)
"-7,398,016,619,039","4,076,979,501,418",3A-PM-1017-03,03A,PM,10172018,3,Adult,Cinnamon,Gray,Cinnamon+Gray,,Ground Plane,FALSE,,FALSE,FALSE,FALSE,FALSE,TRUE,,FALSE,FALSE,FALSE,FALSE,FALSE,TRUE,FALSE,FALSE,,POINT (-73.9801661903932 40.7697950141751)
"-739,570,056,124","4,078,787,560,676",30I-PM-1006-02,30I,PM,10062018,2,Adult,Gray,,Gray+,,Ground Plane,FALSE,,TRUE,FALSE,FALSE,FALSE,FALSE,,FALSE,FALSE,FALSE,TRUE,FALSE,FALSE,FALSE,TRUE,,POINT (-73.9570056123953 40.7878756067582)
"-7,397,034,013,857","4,077,952,387,843",17C-PM-1013-01,17C,PM,10132018,1,Adult,Gray,,Gray+,,Ground Plane,FALSE,then perched on 2-ft high border fencing,FALSE,FALSE,FALSE,FALSE,TRUE,,FALSE,FALSE,FALSE,FALSE,FALSE,FALSE,FALSE,TRUE,,POINT (-73.9703401385684 40.7795238784266)
"-7,397,676,965,915","4,077,419,080,105",9A-AM-1013-04,09A,AM,10132018,4,Juvenile,Gray,Cinnamon,Gray+Cinnamon,,Ground Plane,FALSE,,FALSE,FALSE,FALSE,TRUE,FALSE,,FALSE,FALSE,FALSE,FALSE,FALSE,FALSE,FALSE,FALSE,,POINT (-73.976769659152 40.7741908010484)
"-7,397,287,838,021","4,077,316,710,492",9E-PM-1014-02,09E,PM,10142018,2,Juvenile,Gray,"Black, Cinnamon","Gray+Black, Cinnamon",,Ground Plane,FALSE,,FALSE,FALSE,FALSE,FALSE,TRUE,,FALSE,FALSE,FALSE,FALSE,TRUE,FALSE,TRUE,FALSE,,POINT (-73.9728783802067 40.7731671049246)
"-7,395,537,267,145","4,079,875,785,411",41D-AM-1014-02,41D,AM,10142018,2,Adult,Gray,,Gray+,,Above Ground,20,,FALSE,FALSE,FALSE,FALSE,FALSE,jumping,FALSE,FALSE,FALSE,FALSE,FALSE,FALSE,TRUE,FALSE,,POINT (-73.9553726714504 40.7987578541123)
"-7,396,790,088,497","407,759,013,923",14G-AM-1012-02,14G,AM,10122018,2,,Gray,Cinnamon,Gray+Cinnamon,,Above Ground,15,,FALSE,FALSE,TRUE,FALSE,FALSE,,FALSE,FALSE,FALSE,FALSE,FALSE,FALSE,TRUE,FALSE,,POINT (-73.9679008849677 40.7759013923034)
"-7,397,045,758,489","4,076,934,993,261",7H-PM-1006-09,07H,PM,10062018,9,Adult,Black,,Black+,,Ground Plane,FALSE,by tree,FALSE,FALSE,FALSE,TRUE,TRUE,,FALSE,FALSE,FALSE,TRUE,FALSE,TRUE,FALSE,TRUE,,POINT (-73.9704575848926 40.7693499326095)
"-7,395,726,869,794","4,079,626,845,733",38D-AM-1017-03,38D,AM,10172018,3,Adult,Gray,White,Gray+White,,Ground Plane,FALSE,,FALSE,FALSE,FALSE,FALSE,TRUE,digging,FALSE,FALSE,FALSE,FALSE,FALSE,FALSE,FALSE,FALSE,,POINT (-73.9572686979412 40.796268457326)
"-7,396,382,989,976","4,078,259,663,324",22F-AM-1007-03,22F,AM,10072018,3,Adult,Cinnamon,"Gray, White","Cinnamon+Gray, White",large white highlight,Ground Plane,FALSE,,FALSE,FALSE,FALSE,TRUE,FALSE,,FALSE,FALSE,FALSE,FALSE,FALSE,FALSE,TRUE,FALSE,,POINT (-73.9638298997554 40.7825966332367)
"-739,700,759,074","4,076,805,608,717",5I-AM-1010-01,05I,AM,10102018,1,Adult,Gray,,Gray+,,Ground Plane,FALSE,,TRUE,FALSE,FALSE,FALSE,FALSE,,FALSE,FALSE,FALSE,FALSE,FALSE,FALSE,TRUE,FALSE,,POINT (-73.9700759073973 40.7680560871695)
"-73,972,185,479","4,077,610,863,524",12C-AM-1013-01,12C,AM,10132018,1,Adult,Gray,,Gray+,,Ground Plane,FALSE,,FALSE,FALSE,FALSE,FALSE,TRUE,burying,FALSE,FALSE,FALSE,FALSE,FALSE,FALSE,TRUE,FALSE,,POINT (-73.9721854790038 40.7761086352438)
"-7,397,664,405,898","4,076,823,902,826",3E-AM-1006-02,03E,AM,10062018,2,Adult,Gray,,Gray+,,Ground Plane,FALSE,,FALSE,FALSE,FALSE,FALSE,TRUE,,FALSE,FALSE,FALSE,TRUE,FALSE,FALSE,FALSE,TRUE,,POINT (-73.9766440589836 40.7682390282581)
"-7,397,251,748,686","4,076,642,482,836",3H-PM-1014-07,03H,PM,10142018,7,Adult,Gray,White,Gray+White,,Ground Plane,FALSE,,FALSE,FALSE,FALSE,FALSE,TRUE,,FALSE,FALSE,FALSE,FALSE,FALSE,FALSE,TRUE,FALSE,,POINT (-73.9725174868556 40.7664248283566)
"-7,395,636,612,569","4,079,668,231,145",39D-AM-1008-03,39D,AM,10082018,3,Adult,Gray,,Gray+,,Above Ground,5,,FALSE,FALSE,TRUE,FALSE,FALSE,,FALSE,FALSE,FALSE,FALSE,FALSE,FALSE,FALSE,FALSE,,POINT (-73.9563661256875 40.7966823114508)
"-7,396,870,277,827","4,077,051,626,162",9I-AM-1014-09,09I,AM,10142018,9,Adult,Gray,,Gray+,,Above Ground,5,,FALSE,FALSE,TRUE,FALSE,TRUE,,FALSE,FALSE,FALSE,FALSE,FALSE,FALSE,FALSE,FALSE,,POINT (-73.96870277827261 40.7705162616199)
"-739,624,538,733","4,078,838,298,515",28D-AM-1012-04,28D,AM,10122018,4,Adult,Cinnamon,White,Cinnamon+White,,Above Ground,10,,FALSE,FALSE,TRUE,FALSE,FALSE,,FALSE,FALSE,FALSE,FALSE,FALSE,FALSE,FALSE,TRUE,,POINT (-73.9624538733037 40.7883829851518)
"-7,397,069,037,405","4,077,268,737,607",10G-AM-1006-07,10G,AM,10062018,7,Adult,Gray,,Gray+,,Ground Plane,FALSE,,FALSE,FALSE,FALSE,TRUE,FALSE,,FALSE,FALSE,FALSE,FALSE,TRUE,FALSE,TRUE,FALSE,,POINT (-73.9706903740547 40.77268737606871)
"-7,398,020,792,599","407,678,723,471",1B-AM-1012-10,01B,AM,10122018,10,Juvenile,Gray,"Cinnamon, White","Gray+Cinnamon, White",,Ground Plane,FALSE,,FALSE,FALSE,FALSE,TRUE,TRUE,,FALSE,FALSE,FALSE,FALSE,FALSE,TRUE,FALSE,FALSE,,POINT (-73.9802079259866 40.7678723471007)
"-7,396,023,986,909","4,079,101,576,761",32D-PM-1006-04,32D,PM,10062018,4,Adult,Gray,"Cinnamon, White","Gray+Cinnamon, White",,Above Ground,40,,FALSE,FALSE,FALSE,TRUE,FALSE,,FALSE,FALSE,FALSE,FALSE,TRUE,FALSE,TRUE,FALSE,,POINT (-73.9602398690946 40.7910157676119)
"-739,709,244,007","4,076,769,426,397",5I-AM-1010-02,05I,AM,10102018,2,Adult,Gray,,Gray+,,Ground Plane,FALSE,,TRUE,FALSE,FALSE,FALSE,FALSE,,FALSE,FALSE,FALSE,FALSE,FALSE,FALSE,FALSE,TRUE,,POINT (-73.9709244006956 40.7676942639697)
"-7,395,887,081,035","4,079,057,940,788",32F-PM-1008-05,32F,PM,10082018,5,Adult,Gray,,Gray+,,Ground Plane,FALSE,,FALSE,FALSE,FALSE,FALSE,TRUE,,FALSE,FALSE,FALSE,FALSE,FALSE,FALSE,TRUE,FALSE,,POINT (-73.9588708103486 40.7905794078843)
"-7,395,841,781,353","4,079,273,012,145",34E-PM-1006-01,34E,PM,10062018,1,Adult,Gray,"Black, Cinnamon, White","Gray+Black, Cinnamon, White",,Above Ground,20,,FALSE,FALSE,FALSE,FALSE,FALSE,sitting and watching on a tree,FALSE,FALSE,FALSE,FALSE,FALSE,FALSE,TRUE,FALSE,,POINT (-73.958417813526 40.7927301214476)
"-7,397,798,119,678","4,076,751,787,975",2D-AM-1007-01,02D,AM,10072018,1,Adult,Gray,"Cinnamon, White","Gray+Cinnamon, White",,Ground Plane,FALSE,,TRUE,FALSE,TRUE,FALSE,FALSE,,FALSE,FALSE,FALSE,FALSE,FALSE,FALSE,FALSE,FALSE,,POINT (-73.9779811967788 40.7675178797546)
"-739,759,830,651","4,076,830,347,391",3E-AM-1006-01,03E,AM,10062018,1,Adult,Gray,,Gray+,,Ground Plane,FALSE,,FALSE,FALSE,FALSE,FALSE,TRUE,,FALSE,FALSE,FALSE,FALSE,FALSE,FALSE,FALSE,TRUE,,POINT (-73.9759830650957 40.7683034739069)
"-7,397,102,074,385","4,076,821,871,444",5I-AM-1010-05,05I,AM,10102018,5,Adult,Gray,,Gray+,,Ground Plane,FALSE,,FALSE,FALSE,FALSE,TRUE,FALSE,,FALSE,FALSE,FALSE,FALSE,TRUE,FALSE,TRUE,FALSE,,POINT (-73.9710207438538 40.7682187144432)
"-7,397,991,559,661","407,698,034,315",3A-PM-1017-08,03A,PM,10172018,8,Adult,Cinnamon,Black,Cinnamon+Black,,Ground Plane,FALSE,,FALSE,FALSE,FALSE,TRUE,TRUE,,FALSE,FALSE,FALSE,FALSE,FALSE,TRUE,FALSE,FALSE,,POINT (-73.9799155966086 40.7698034314993)
"-7,397,744,758,536","407,697,167,828",4C-PM-1010-11,04C,PM,10102018,11,Adult,Gray,Cinnamon,Gray+Cinnamon,,Ground Plane,FALSE,,TRUE,FALSE,FALSE,TRUE,FALSE,,FALSE,FALSE,FALSE,FALSE,FALSE,FALSE,FALSE,FALSE,,POINT (-73.977447585355 40.7697167828003)
"-7,395,501,848,907","4,079,712,353,337",40E-PM-1017-02,40E,PM,10172018,2,Adult,Gray,"Cinnamon, White","Gray+Cinnamon, White",,Ground Plane,FALSE,,FALSE,FALSE,FALSE,TRUE,FALSE,,FALSE,FALSE,FALSE,FALSE,FALSE,FALSE,TRUE,FALSE,,POINT (-73.955018489069 40.7971235333699)
"-7,395,640,114,211","4,079,580,978,494",38E-AM-1010-02,38E,AM,10102018,2,Adult,Gray,Cinnamon,Gray+Cinnamon,,Ground Plane,FALSE,,FALSE,FALSE,TRUE,FALSE,FALSE,,FALSE,FALSE,FALSE,FALSE,FALSE,FALSE,FALSE,FALSE,climbs,POINT (-73.95640114211221 40.7958097849369)
"-7,395,528,808,927","4,078,890,405,033",32I-AM-1013-04,32I,AM,10132018,4,Adult,Gray,Cinnamon,Gray+Cinnamon,,Ground Plane,FALSE,,FALSE,FALSE,FALSE,FALSE,TRUE,,FALSE,FALSE,FALSE,TRUE,FALSE,FALSE,TRUE,FALSE,,POINT (-73.9552880892701 40.7889040503316)
"-7,396,518,283,836","4,078,028,209,439",19F-PM-1017-06,19F,PM,10172018,6,Adult,Gray,Cinnamon,Gray+Cinnamon,,Ground Plane,FALSE,,TRUE,TRUE,TRUE,FALSE,FALSE,,FALSE,FALSE,FALSE,FALSE,TRUE,TRUE,FALSE,FALSE,,POINT (-73.9651828383592 40.7802820943863)
"-7,397,076,836,216","4,077,598,155,661",13E-AM-1017-11,13E,AM,10172018,11,Adult,Gray,Cinnamon,Gray+Cinnamon,,Above Ground,,on/in log,TRUE,FALSE,FALSE,FALSE,FALSE,,FALSE,FALSE,FALSE,FALSE,FALSE,FALSE,FALSE,TRUE,,POINT (-73.9707683621584 40.77598155661231)
"-7,396,910,573,261","4,077,659,735,097",14F-PM-1012-07,14F,PM,10122018,7,Adult,Cinnamon,"Gray, White","Cinnamon+Gray, White",,Ground Plane,FALSE,,TRUE,TRUE,FALSE,TRUE,TRUE,,FALSE,FALSE,FALSE,FALSE,FALSE,FALSE,TRUE,FALSE,,POINT (-73.9691057326088 40.7765973509721)
"-739,658,181,813","4,077,981,606,376",19F-AM-1007-01,19F,AM,10072018,1,Adult,Cinnamon,Gray,Cinnamon+Gray,,Ground Plane,FALSE,,FALSE,FALSE,FALSE,FALSE,TRUE,,FALSE,FALSE,FALSE,FALSE,FALSE,FALSE,TRUE,FALSE,bit scared,POINT (-73.9658181813014 40.7798160637561)
"-7,397,537,445,393","407,671,162,211",2F-PM-1014-12,02F,PM,10142018,12,Adult,Gray,,Gray+,,Ground Plane,FALSE,,TRUE,FALSE,FALSE,FALSE,FALSE,,FALSE,FALSE,FALSE,FALSE,FALSE,FALSE,FALSE,TRUE,,POINT (-73.97537445393071 40.7671162211032)
"-739,695,745,672","4,077,918,351,221",17D-AM-1008-06,17D,AM,10082018,6,,,,+,,Above Ground,,"high in tree, couldn't see it, only heard it",FALSE,FALSE,FALSE,FALSE,FALSE,,TRUE,FALSE,FALSE,FALSE,FALSE,FALSE,FALSE,FALSE,,POINT (-73.9695745672033 40.7791835122147)
"-7,395,807,856,006","4,079,579,813,109",37C-PM-1013-01,37C,PM,10132018,1,Adult,Gray,"Cinnamon, White","Gray+Cinnamon, White",,Ground Plane,FALSE,,FALSE,FALSE,FALSE,TRUE,TRUE,,FALSE,FALSE,FALSE,FALSE,FALSE,FALSE,TRUE,FALSE,,POINT (-73.9580785600617 40.7957981310897)
"-7,397,059,538,146","4,077,629,121,425",13E-PM-1008-05,13E,PM,10082018,5,Adult,Gray,White,Gray+White,,Ground Plane,FALSE,,FALSE,FALSE,FALSE,FALSE,TRUE,,FALSE,FALSE,FALSE,FALSE,FALSE,FALSE,TRUE,FALSE,,POINT (-73.970595381455 40.7762912142457)
"-7,397,679,491,411","4,077,445,458,359",9A-PM-1010-01,09A,PM,10102018,1,Adult,,,+,,Ground Plane,FALSE,by large tree in sectioned off area,FALSE,FALSE,TRUE,FALSE,FALSE,i think it climbed the tree when i first saw it.,FALSE,FALSE,FALSE,FALSE,FALSE,FALSE,TRUE,FALSE,,POINT (-73.9767949141123 40.774454583585)
"-7,396,959,649,835","4,078,023,021,928",18C-PM-1018-08,18C,PM,10182018,8,Juvenile,Black,,Black+,,Ground Plane,FALSE,,FALSE,FALSE,FALSE,FALSE,TRUE,,FALSE,FALSE,FALSE,FALSE,FALSE,FALSE,FALSE,FALSE,,POINT (-73.9695964983454 40.7802302192799)
"-739,594,529,311","4,078,404,926,066",26I-PM-1010-04,26I,PM,10102018,4,Adult,Gray,Cinnamon,Gray+Cinnamon,,Ground Plane,FALSE,,FALSE,FALSE,FALSE,TRUE,TRUE,,FALSE,FALSE,FALSE,FALSE,FALSE,TRUE,FALSE,FALSE,,POINT (-73.95945293109851 40.7840492606552)
"-7,396,935,337,218","4,078,382,474,224",21A-AM-1019-06,21A,AM,10192018,6,Juvenile,Gray,,Gray+,,Ground Plane,FALSE,,FALSE,FALSE,FALSE,FALSE,TRUE,,FALSE,FALSE,FALSE,FALSE,FALSE,FALSE,TRUE,FALSE,,POINT (-73.969353372175 40.7838247422369)
"-7,396,980,327,347","4,077,823,439,124",16D-AM-1007-02,16D,AM,10072018,2,Adult,Gray,White,Gray+White,,Ground Plane,FALSE,,FALSE,FALSE,FALSE,FALSE,TRUE,,FALSE,FALSE,FALSE,FALSE,FALSE,FALSE,TRUE,FALSE,,POINT (-73.9698032734704 40.7782343912417)
"-7,396,850,806,399","4,077,453,097,942",13G-PM-1008-03,13G,PM,10082018,3,Juvenile,Cinnamon,Gray,Cinnamon+Gray,,Above Ground,20,maple tree,FALSE,FALSE,TRUE,FALSE,FALSE,,FALSE,FALSE,FALSE,FALSE,FALSE,FALSE,TRUE,FALSE,,POINT (-73.9685080639873 40.77453097941551)
"-7,396,560,981,941","407,757,643,079",15I-AM-1008-05,15I,AM,10082018,5,Adult,Gray,,Gray+,,Above Ground,5,,FALSE,FALSE,TRUE,FALSE,FALSE,,FALSE,FALSE,FALSE,FALSE,FALSE,FALSE,FALSE,TRUE,,POINT (-73.9656098194149 40.7757643078973)
"-739,704,656,004","4,077,011,257,732",7H-PM-1006-05,07H,PM,10062018,5,Adult,Gray,Cinnamon,Gray+Cinnamon,,Ground Plane,FALSE,"Ran across path to eat behind fence, next to the fence.",TRUE,FALSE,FALSE,TRUE,TRUE,,FALSE,FALSE,FALSE,FALSE,TRUE,FALSE,FALSE,TRUE,,POINT (-73.970465600402 40.7701125773248)
"-7,395,855,376,684","407,903,905,787",32F-AM-1012-03,32F,AM,10122018,3,Adult,Gray,Cinnamon,Gray+Cinnamon,,Above Ground,20,,FALSE,FALSE,TRUE,FALSE,FALSE,bringing green leaves to nest,FALSE,FALSE,FALSE,FALSE,FALSE,FALSE,FALSE,FALSE,,POINT (-73.9585537668382 40.7903905787005)
"-7,395,046,935,442","40,797,225,436",42H-AM-1019-01,42H,AM,10192018,1,Adult,Cinnamon,White,Cinnamon+White,,Ground Plane,FALSE,,FALSE,FALSE,FALSE,TRUE,TRUE,,FALSE,FALSE,FALSE,FALSE,FALSE,FALSE,FALSE,FALSE,,POINT (-73.9504693544225 40.797225436004)
"-7,396,912,617,559","4,077,029,294,286",8I-AM-1006-12,08I,AM,10062018,12,Adult,Gray,,Gray+,,Above Ground,50,tree,FALSE,FALSE,TRUE,FALSE,FALSE,,FALSE,FALSE,FALSE,FALSE,FALSE,FALSE,TRUE,FALSE,,POINT (-73.9691261755936 40.7702929428604)
"-7,395,292,302,079","4,079,606,634,426",40G-PM-1013-06,40G,PM,10132018,6,Juvenile,Gray,,Gray+,,Ground Plane,FALSE,along the road,FALSE,FALSE,FALSE,TRUE,FALSE,,FALSE,FALSE,FALSE,FALSE,FALSE,FALSE,FALSE,FALSE,,POINT (-73.9529230207908 40.7960663442573)
"-7,396,385,854,925","4,078,089,996,109",21G-AM-1014-03,21G,AM,10142018,3,Adult,Gray,White,Gray+White,,Above Ground,7,,FALSE,FALSE,FALSE,FALSE,TRUE,,FALSE,FALSE,FALSE,FALSE,TRUE,FALSE,TRUE,FALSE,,POINT (-73.963858549251 40.7808999610914)
"-7,395,763,044,737","4,079,598,106,223",38D-AM-1017-05,38D,AM,10172018,5,Adult,Gray,"Black, Cinnamon","Gray+Black, Cinnamon",Black stripe along sides,Ground Plane,FALSE,,TRUE,FALSE,FALSE,TRUE,FALSE,eating (nut),FALSE,FALSE,FALSE,FALSE,FALSE,FALSE,FALSE,TRUE,,POINT (-73.9576304473722 40.7959810622342)
"-7,397,935,655,644","4,076,792,593,904",2C-AM-1010-09,02C,AM,10102018,9,Adult,Gray,White,Gray+White,,Ground Plane,FALSE,,FALSE,FALSE,FALSE,TRUE,TRUE,,FALSE,FALSE,FALSE,FALSE,FALSE,FALSE,FALSE,FALSE,climbed up tree as i neared,POINT (-73.9793565564361 40.7679259390448)
"-7,397,792,282,876","4,076,810,196,839",3D-PM-1010-01,03D,PM,10102018,1,Adult,Gray,Cinnamon,Gray+Cinnamon,,Ground Plane,FALSE,,FALSE,FALSE,FALSE,FALSE,TRUE,,FALSE,FALSE,FALSE,FALSE,FALSE,FALSE,FALSE,FALSE,,POINT (-73.9779228287629 40.7681019683859)
"-7,395,701,325,709","4,079,320,141,591",35F-PM-1012-01,35F,PM,10122018,1,Juvenile,Gray,"Black, Cinnamon, White","Gray+Black, Cinnamon, White",,Ground Plane,FALSE,,TRUE,FALSE,FALSE,TRUE,TRUE,,FALSE,FALSE,FALSE,TRUE,FALSE,FALSE,TRUE,TRUE,,POINT (-73.9570132570934 40.7932014159087)
"-739,615,475,038","4,079,315,606,687",33B-AM-1010-06,33B,AM,10102018,6,Adult,Gray,,Gray+,,Ground Plane,FALSE,,FALSE,FALSE,FALSE,FALSE,TRUE,,FALSE,FALSE,FALSE,FALSE,FALSE,FALSE,TRUE,FALSE,,POINT (-73.961547503801 40.7931560668672)
"-739,592,819,492","4,079,410,620,086",35C-AM-1007-06,35C,AM,10072018,6,Adult,,,+,,Above Ground,30,,FALSE,FALSE,TRUE,FALSE,FALSE,,FALSE,FALSE,FALSE,FALSE,FALSE,FALSE,FALSE,FALSE,,POINT (-73.9592819491968 40.7941062008626)
"-7,395,193,878,817","4,079,362,736,369",38I-PM-1014-04,38I,PM,10142018,4,Adult,Gray,,Gray+,,Ground Plane,FALSE,,TRUE,FALSE,FALSE,FALSE,FALSE,,FALSE,FALSE,FALSE,FALSE,FALSE,FALSE,FALSE,FALSE,,POINT (-73.9519387881692 40.7936273636929)
"-739,695,569,897","4,077,120,621,472",9H-PM-1018-01,09H,PM,10182018,1,Adult,Gray,White,Gray+White,,Ground Plane,FALSE,,FALSE,FALSE,FALSE,FALSE,FALSE,,FALSE,FALSE,FALSE,FALSE,FALSE,FALSE,TRUE,FALSE,,POINT (-73.96955698970422 40.7712062147171)
"-7,397,679,809,251","4,077,436,277,568",9A-PM-1010-02,09A,PM,10102018,2,Adult,,,+,,Ground Plane,FALSE,,TRUE,FALSE,FALSE,FALSE,FALSE,,FALSE,FALSE,FALSE,FALSE,FALSE,FALSE,TRUE,FALSE,,POINT (-73.9767980925124 40.774362775678)
"-7,397,361,698,867","4,077,149,421,963",7E-AM-1006-06,07E,AM,10062018,6,Adult,Gray,Cinnamon,Gray+Cinnamon,,Ground Plane,FALSE,,TRUE,FALSE,FALSE,FALSE,FALSE,,FALSE,FALSE,FALSE,FALSE,FALSE,TRUE,FALSE,FALSE,,POINT (-73.9736169886655 40.7714942196257)
"-7,395,620,080,977","4,079,818,144,627",40C-AM-1017-06,40C,AM,10172018,6,Adult,Gray,Cinnamon,Gray+Cinnamon,,Ground Plane,FALSE,,TRUE,FALSE,FALSE,FALSE,FALSE,,FALSE,FALSE,FALSE,FALSE,FALSE,FALSE,FALSE,TRUE,,POINT (-73.956200809768 40.798181446265)
"-7,396,915,857,562","407,763,404,657",14F-AM-1007-03,14F,AM,10072018,3,Adult,Gray,"Cinnamon, White","Gray+Cinnamon, White",,Ground Plane,FALSE,,FALSE,FALSE,FALSE,FALSE,TRUE,,FALSE,FALSE,FALSE,FALSE,FALSE,FALSE,TRUE,FALSE,,POINT (-73.9691585756191 40.776340465695)
"-7,397,720,265,727","407,691,598,773",4D-PM-1008-14,04D,PM,10082018,14,Adult,Cinnamon,"Gray, White","Cinnamon+Gray, White",,Ground Plane,FALSE,,FALSE,FALSE,FALSE,FALSE,TRUE,,FALSE,FALSE,FALSE,FALSE,FALSE,FALSE,TRUE,FALSE,,POINT (-73.9772026572674 40.7691598773017)
"-7,397,454,279,841","4,076,918,482,148",5E-AM-1008-03,05E,AM,10082018,3,Adult,Gray,Cinnamon,Gray+Cinnamon,,Ground Plane,FALSE,,TRUE,FALSE,FALSE,FALSE,TRUE,,FALSE,FALSE,FALSE,FALSE,FALSE,FALSE,FALSE,FALSE,,POINT (-73.9745427984089 40.7691848214817)
"-7,395,747,495,718","4,079,818,988,907",40C-PM-1006-08,40C,PM,10062018,8,Adult,Gray,,Gray+,,Ground Plane,FALSE,By the main road,TRUE,FALSE,FALSE,FALSE,FALSE,,FALSE,FALSE,FALSE,FALSE,FALSE,FALSE,FALSE,TRUE,,POINT (-73.9574749571848 40.7981898890735)
"-7,396,616,944,635","4,077,575,305,836",15H-PM-1008-07,15H,PM,10082018,7,Adult,Gray,Cinnamon,Gray+Cinnamon,,Ground Plane,FALSE,along bottom of rock outcropping,FALSE,FALSE,FALSE,TRUE,TRUE,,FALSE,FALSE,FALSE,FALSE,FALSE,FALSE,TRUE,FALSE,,POINT (-73.9661694463488 40.7757530583569)
"-7,396,268,812,347","4,079,052,083,455",30C-AM-1014-01,30C,AM,10142018,1,Adult,Gray,Cinnamon,Gray+Cinnamon,,Ground Plane,FALSE,,FALSE,FALSE,FALSE,TRUE,TRUE,,FALSE,FALSE,FALSE,FALSE,TRUE,FALSE,TRUE,FALSE,,POINT (-73.9626881234742 40.7905208345549)
"-7,396,698,143,463","4,078,039,091,995",19E-PM-1018-01,19E,PM,10182018,1,Adult,Gray,Cinnamon,Gray+Cinnamon,,Ground Plane,FALSE,,TRUE,FALSE,FALSE,FALSE,FALSE,,FALSE,FALSE,FALSE,FALSE,TRUE,FALSE,FALSE,TRUE,,POINT (-73.9669814346326 40.780390919948)
"-7,397,182,620,345","4,076,667,717,974",4I-PM-1007-02,04I,PM,10072018,2,Adult,Black,,Black+,,Ground Plane,FALSE,,FALSE,TRUE,FALSE,FALSE,FALSE,,FALSE,FALSE,FALSE,FALSE,FALSE,FALSE,FALSE,FALSE,,POINT (-73.9718262034469 40.7666771797442)
"-7,397,459,537,103","4,077,282,840,252",8D-AM-1007-07,08D,AM,10072018,7,Adult,Gray,Cinnamon,Gray+Cinnamon,,Ground Plane,FALSE,,FALSE,FALSE,FALSE,TRUE,FALSE,,FALSE,FALSE,FALSE,FALSE,FALSE,FALSE,FALSE,FALSE,,POINT (-73.9745953710328 40.7728284025195)
"-7,396,543,974,848","4,077,988,635,229",19F-PM-1017-03,19F,PM,10172018,3,Adult,Cinnamon,Gray,Cinnamon+Gray,,Ground Plane,FALSE,,FALSE,FALSE,FALSE,TRUE,TRUE,,FALSE,FALSE,FALSE,FALSE,FALSE,TRUE,FALSE,FALSE,,POINT (-73.9654397484763 40.7798863522904)
"-7,395,329,527,631","4,079,200,744,626",36I-AM-1017-08,36I,AM,10172018,8,Adult,Gray,,Gray+,,Ground Plane,FALSE,,FALSE,TRUE,FALSE,FALSE,FALSE,chasing (#7),FALSE,FALSE,FALSE,FALSE,TRUE,FALSE,FALSE,TRUE,runs from (me),POINT (-73.95329527631061 40.7920074462622)
"-739,689,627,791","4,077,606,200,436",14F-AM-1007-06,14F,AM,10072018,6,Juvenile,Gray,"Cinnamon, White","Gray+Cinnamon, White",,Ground Plane,FALSE,,FALSE,TRUE,FALSE,FALSE,FALSE,,FALSE,FALSE,FALSE,FALSE,FALSE,FALSE,TRUE,FALSE,,POINT (-73.9689627791 40.776062004359)
"-7,397,330,569,833","4,077,838,233,113",14A-PM-1014-06,14A,PM,10142018,6,Adult,Gray,"Cinnamon, White","Gray+Cinnamon, White",,Above Ground,9,,FALSE,FALSE,TRUE,FALSE,FALSE,,FALSE,FALSE,FALSE,FALSE,FALSE,FALSE,FALSE,TRUE,,POINT (-73.973305698325 40.7783823311296)
"-7,396,345,632,229","4,078,099,283,642",21G-PM-1007-04,21G,PM,10072018,4,,Gray,Cinnamon,Gray+Cinnamon,,Ground Plane,FALSE,,FALSE,FALSE,FALSE,TRUE,FALSE,,FALSE,FALSE,FALSE,TRUE,FALSE,FALSE,FALSE,TRUE,,POINT (-73.9634563222926 40.780992836417)
"-7,396,029,131,056","40,791,063,581",32D-PM-1006-03,32D,PM,10062018,3,Adult,Gray,"Cinnamon, White","Gray+Cinnamon, White",,Above Ground,40,,FALSE,FALSE,FALSE,TRUE,FALSE,,FALSE,FALSE,FALSE,FALSE,TRUE,FALSE,TRUE,FALSE,,POINT (-73.9602913105578 40.7910635810038)
"-7,397,760,445,784","407,697,607,308",4C-PM-1010-15,04C,PM,10102018,15,Juvenile,Gray,Cinnamon,Gray+Cinnamon,,Above Ground,,on tree,FALSE,TRUE,FALSE,FALSE,FALSE,chasing #14,FALSE,FALSE,FALSE,FALSE,FALSE,FALSE,TRUE,FALSE,,POINT (-73.9776044578446 40.7697607308033)
"-7,396,072,808,016","4,079,015,067,062",31D-PM-1006-01,31D,PM,10062018,1,Adult,Gray,,Gray+,,Ground Plane,FALSE,,FALSE,FALSE,FALSE,TRUE,TRUE,,FALSE,FALSE,FALSE,TRUE,FALSE,FALSE,FALSE,TRUE,,POINT (-73.9607280801601 40.7901506706248)
"-7,397,335,458,025","4,076,750,560,254",4G-AM-1006-04,04G,AM,10062018,4,Adult,Black,,Black+,,Ground Plane,FALSE,,FALSE,FALSE,FALSE,TRUE,FALSE,,FALSE,FALSE,FALSE,FALSE,FALSE,FALSE,TRUE,FALSE,,POINT (-73.9733545802515 40.7675056025357)
"-7,396,950,413,667","4,077,978,788,095",17D-AM-1008-02,17D,AM,10082018,2,Adult,Gray,White,Gray+White,,Ground Plane,FALSE,,FALSE,TRUE,FALSE,FALSE,FALSE,,FALSE,FALSE,FALSE,FALSE,FALSE,FALSE,FALSE,TRUE,,POINT (-73.9695041366722 40.7797878809482)
"-7,397,643,975,503","4,077,370,045,571",8B-AM-1007-01,08B,AM,10072018,1,Adult,Gray,Cinnamon,Gray+Cinnamon,,Above Ground,10,,FALSE,FALSE,TRUE,FALSE,FALSE,,FALSE,FALSE,FALSE,FALSE,TRUE,FALSE,TRUE,FALSE,,POINT (-73.9764397550289 40.7737004557104)
"-7,397,149,211,884","4,077,675,837,187",14D-AM-1014-11,14D,AM,10142018,11,Adult,Gray,"Cinnamon, White","Gray+Cinnamon, White",,Ground Plane,FALSE,,FALSE,FALSE,FALSE,FALSE,TRUE,,FALSE,FALSE,FALSE,FALSE,FALSE,FALSE,TRUE,FALSE,,POINT (-73.9714921188372 40.776758371867)
"-7,397,137,993,657","4,077,214,349,412",9F-PM-1014-05,09F,PM,10142018,5,Adult,Gray,Cinnamon,Gray+Cinnamon,,Ground Plane,FALSE,,FALSE,FALSE,FALSE,FALSE,TRUE,,FALSE,FALSE,FALSE,FALSE,FALSE,FALSE,TRUE,FALSE,,POINT (-73.971379936565 40.7721434941226)
"-7,396,601,100,604","4,078,099,900,986",20F-AM-1014-01,20F,AM,10142018,1,Adult,Gray,White,Gray+White,,Ground Plane,FALSE,,FALSE,FALSE,FALSE,TRUE,TRUE,,FALSE,FALSE,FALSE,FALSE,FALSE,FALSE,TRUE,FALSE,,POINT (-73.9660110060416 40.7809990098597)
"-7,397,111,769,995","4,077,242,785,473",10F-PM-1019-06,10F,PM,10192018,6,Adult,Gray,White,Gray+White,,Above Ground,10,Different tree,FALSE,FALSE,TRUE,FALSE,FALSE,,FALSE,FALSE,FALSE,FALSE,FALSE,FALSE,TRUE,FALSE,,POINT (-73.9711176999471 40.7724278547281)
"-7,397,257,125,887","4,076,691,018,329",4H-AM-1006-02,04H,AM,10062018,2,Adult,Gray,Cinnamon,Gray+Cinnamon,,Ground Plane,FALSE,,FALSE,FALSE,TRUE,FALSE,FALSE,climbing (over small wire fence then on the ground),FALSE,FALSE,FALSE,FALSE,FALSE,TRUE,FALSE,TRUE,"approaches (saw me & came forward),runs from (startled by another person)",POINT (-73.9725712588741 40.7669101832926)
"-7,396,205,974,491","4,079,224,658,768",33B-PM-1010-10,33B,PM,10102018,10,Adult,Gray,,Gray+,,Ground Plane,FALSE,,FALSE,FALSE,FALSE,FALSE,TRUE,,TRUE,FALSE,FALSE,FALSE,FALSE,FALSE,FALSE,FALSE,,POINT (-73.9620597449066 40.7922465876813)
"-7,395,834,778,506","4,079,140,736,328",33F-PM-1012-06,33F,PM,10122018,6,Adult,Gray,"Cinnamon, White","Gray+Cinnamon, White",,Ground Plane,FALSE,,FALSE,TRUE,FALSE,TRUE,TRUE,,TRUE,FALSE,FALSE,FALSE,TRUE,FALSE,FALSE,FALSE,,POINT (-73.9583477850634 40.7914073632782)
"-7,397,902,142,534","4,076,867,911,698",3B-PM-1007-10,03B,PM,10072018,10,Adult,Gray,White,Gray+White,,Ground Plane,FALSE,,FALSE,FALSE,FALSE,TRUE,FALSE,hopping,FALSE,FALSE,FALSE,FALSE,FALSE,FALSE,TRUE,FALSE,,POINT (-73.9790214253443 40.7686791169776)
"-7,397,670,169,634","4,076,740,127,845",2E-PM-1014-02,02E,PM,10142018,2,Adult,Gray,White,Gray+White,,Ground Plane,FALSE,,FALSE,FALSE,FALSE,FALSE,FALSE,,FALSE,FALSE,FALSE,FALSE,FALSE,FALSE,TRUE,FALSE,,POINT (-73.9767016963397 40.7674012784541)
"-7,395,650,357,056","4,079,373,827,051",36F-AM-1017-04,36F,AM,10172018,4,Juvenile,Gray,White,Gray+White,"White legs, front & back",Ground Plane,FALSE,,TRUE,FALSE,FALSE,TRUE,TRUE,,TRUE,FALSE,FALSE,FALSE,FALSE,TRUE,FALSE,TRUE,"approaches (me),runs from (me)",POINT (-73.9565035705619 40.7937382705056)
"-7,397,456,876,538","407,776,396,927",13A-PM-1014-02,13A,PM,10142018,2,Adult,Gray,,Gray+,,Above Ground,45,,FALSE,FALSE,FALSE,FALSE,FALSE,,FALSE,FALSE,FALSE,FALSE,FALSE,FALSE,FALSE,FALSE,,POINT (-73.9745687653791 40.7776396926997)
"-7,396,716,405,209","4,077,722,368,338",16G-AM-1010-02,16G,AM,10102018,2,Adult,Cinnamon,Gray,Cinnamon+Gray,,Ground Plane,FALSE,,FALSE,FALSE,FALSE,FALSE,TRUE,,FALSE,FALSE,FALSE,FALSE,FALSE,FALSE,TRUE,FALSE,,POINT (-73.9671640520938 40.7772236833816)
"-739,591,407,691","4,079,608,469,031",37B-AM-1018-01,37B,AM,10182018,1,Adult,Black,,Black+,,Ground Plane,FALSE,,TRUE,FALSE,FALSE,FALSE,FALSE,,FALSE,FALSE,FALSE,FALSE,TRUE,FALSE,TRUE,FALSE,,POINT (-73.9591407691 40.7960846903122)
"-7,397,714,226,253","4,077,236,141,578",7B-AM-1008-02,07B,AM,10082018,2,Adult,Gray,,Gray+,,Above Ground,5,,FALSE,TRUE,FALSE,FALSE,FALSE,,FALSE,FALSE,FALSE,FALSE,FALSE,FALSE,TRUE,FALSE,,POINT (-73.9771422625274 40.772361415776)
"-7,397,566,038,461","4,076,725,313,194",3F-PM-1013-03,03F,PM,10132018,3,Adult,Cinnamon,Gray,Cinnamon+Gray,,Ground Plane,FALSE,,FALSE,FALSE,FALSE,FALSE,TRUE,,FALSE,FALSE,FALSE,FALSE,TRUE,FALSE,TRUE,FALSE,,POINT (-73.9756603846107 40.7672531319384)
"-7,396,863,045,815","4,077,736,313,371",15E-PM-1008-01,15E,PM,10082018,1,Adult,Gray,,Gray+,,Above Ground,4,on fallen tree,TRUE,FALSE,FALSE,TRUE,TRUE,,FALSE,FALSE,FALSE,FALSE,FALSE,FALSE,TRUE,FALSE,,POINT (-73.9686304581526 40.7773631337117)
"-7,396,996,720,742","4,077,743,893,457",15D-AM-1007-07,15D,AM,10072018,7,Adult,Gray,White,Gray+White,,Ground Plane,FALSE,,FALSE,TRUE,FALSE,FALSE,TRUE,chasing #8,FALSE,FALSE,FALSE,FALSE,FALSE,FALSE,TRUE,FALSE,,POINT (-73.9699672074164 40.7774389345748)
"-7,396,834,799,438","4,078,158,272,983",20C-PM-1018-01,20C,PM,10182018,1,Juvenile,Gray,,Gray+,,Ground Plane,FALSE,,TRUE,TRUE,FALSE,FALSE,FALSE,,FALSE,FALSE,FALSE,FALSE,FALSE,FALSE,FALSE,FALSE,,POINT (-73.9683479943823 40.7815827298303)
"-7,397,686,176,907","4,077,418,770,607",9A-PM-1010-03,09A,PM,10102018,3,,Gray,White,Gray+White,,Ground Plane,FALSE,,FALSE,FALSE,FALSE,FALSE,FALSE,,FALSE,FALSE,FALSE,FALSE,FALSE,FALSE,FALSE,FALSE,froze - standing on hind legs for ~10 seconds then scampered off,POINT (-73.97686176907251 40.7741877060705)
"-7,397,293,786,742","4,076,724,075,946",4H-AM-1006-04,04H,AM,10062018,4,Adult,Gray,,Gray+,,Ground Plane,FALSE,,FALSE,FALSE,FALSE,FALSE,TRUE,met #3 while foraging and briefly tussled,FALSE,FALSE,FALSE,FALSE,FALSE,FALSE,TRUE,FALSE,,POINT (-73.9729378674198 40.7672407594559)
"-7,395,632,030,891","4,079,062,753,577",33G-PM-1006-01,33G,PM,10062018,1,Juvenile,Gray,,Gray+,,Above Ground,2,,FALSE,FALSE,TRUE,FALSE,FALSE,,FALSE,FALSE,FALSE,FALSE,FALSE,FALSE,TRUE,FALSE,,POINT (-73.9563203089105 40.7906275357726)
"-7,395,799,418,474","4,079,912,167,133",41B-PM-1014-02,41B,PM,10142018,2,Adult,Black,,Black+,,Above Ground,28,,FALSE,FALSE,TRUE,FALSE,FALSE,,FALSE,FALSE,FALSE,FALSE,FALSE,FALSE,FALSE,FALSE,,POINT (-73.9579941847434 40.7991216713328)
"-7,397,730,791,542","4,076,965,066,889",4C-AM-1006-02,04C,AM,10062018,2,Juvenile,Gray,White,Gray+White,,Ground Plane,FALSE,,TRUE,FALSE,FALSE,TRUE,TRUE,,FALSE,FALSE,FALSE,FALSE,TRUE,FALSE,TRUE,FALSE,,POINT (-73.9773079154219 40.7696506688861)
"-7,397,831,852,786","4,077,248,616,755",7A-AM-1006-03,07A,AM,10062018,3,Adult,Gray,,Gray+,"3/4 length tail, hair loss",Above Ground,20,"in trees, then to ground",TRUE,FALSE,TRUE,FALSE,FALSE,jumping,FALSE,FALSE,FALSE,FALSE,FALSE,FALSE,TRUE,FALSE,,POINT (-73.9783185278595 40.7724861675504)
"-7,397,036,216,165","4,077,503,227,148",12E-AM-1017-08,12E,AM,10172018,8,Adult,Gray,Cinnamon,Gray+Cinnamon,,Above Ground,1,,FALSE,FALSE,FALSE,TRUE,FALSE,chilling,FALSE,FALSE,FALSE,FALSE,FALSE,FALSE,TRUE,FALSE,,POINT (-73.9703621616472 40.775032271482)
"-7,396,995,111,812","407,762,756,593",14E-AM-1008-17,14E,AM,10082018,17,Adult,Gray,,Gray+,,Ground Plane,FALSE,,FALSE,FALSE,FALSE,TRUE,TRUE,,FALSE,FALSE,FALSE,FALSE,FALSE,FALSE,TRUE,FALSE,,POINT (-73.96995111812402 40.7762756593015)
"-7,397,182,341,596","4,078,108,425,037",18A-AM-1012-02,18A,AM,10122018,2,Adult,Gray,Cinnamon,Gray+Cinnamon,,Above Ground,4,,FALSE,FALSE,TRUE,TRUE,TRUE,burying,FALSE,FALSE,FALSE,TRUE,FALSE,FALSE,FALSE,TRUE,,POINT (-73.9718234159557 40.7810842503715)
"-7,397,506,214,611","4,077,234,171,735",8C-PM-1013-07,08C,PM,10132018,7,,Gray,White,Gray+White,,Ground Plane,FALSE,,FALSE,FALSE,FALSE,TRUE,FALSE,,FALSE,FALSE,FALSE,FALSE,FALSE,FALSE,TRUE,FALSE,,POINT (-73.975062146111 40.7723417173451)
"-739,679,291,348","4,078,469,730,967",23B-PM-1012-02,23B,PM,10122018,2,Adult,Gray,White,Gray+White,,Ground Plane,FALSE,,FALSE,TRUE,FALSE,FALSE,TRUE,2/3 were chasing each other,FALSE,FALSE,FALSE,FALSE,TRUE,FALSE,FALSE,TRUE,,POINT (-73.9679291347956 40.7846973096665)
"-7,397,674,554,307","4,077,178,662,378",6B-PM-1017-06,06B,PM,10172018,6,Adult,Gray,Cinnamon,Gray+Cinnamon,,Ground Plane,FALSE,,TRUE,TRUE,FALSE,FALSE,TRUE,,FALSE,FALSE,FALSE,FALSE,FALSE,FALSE,FALSE,FALSE,,POINT (-73.9767455430709 40.7717866237826)
"-7,397,466,087,863","4,077,760,920,783",13A-AM-1017-01,13A,AM,10172018,1,Adult,Gray,,Gray+,,Above Ground,5,,FALSE,FALSE,TRUE,FALSE,FALSE,,FALSE,FALSE,FALSE,FALSE,FALSE,FALSE,TRUE,FALSE,,POINT (-73.9746608786299 40.7776092078254)
"-7,396,797,780,019","4,078,476,294,733",23B-PM-1012-05,23B,PM,10122018,5,Adult,Gray,Cinnamon,Gray+Cinnamon,,Above Ground,5,chain link fence,FALSE,TRUE,TRUE,FALSE,FALSE,,FALSE,FALSE,FALSE,FALSE,FALSE,FALSE,TRUE,FALSE,,POINT (-73.96797780019 40.7847629473258)
"-7,396,844,631,544","4,078,348,133,194",21B-AM-1019-02,21B,AM,10192018,2,Adult,Gray,,Gray+,,Ground Plane,FALSE,,FALSE,FALSE,FALSE,FALSE,FALSE,,FALSE,FALSE,FALSE,FALSE,FALSE,FALSE,TRUE,FALSE,,POINT (-73.9684463154398 40.7834813319352)
"-7,396,557,346,336","4,078,053,669,222",20F-AM-1014-02,20F,AM,10142018,2,Adult,Gray,Cinnamon,Gray+Cinnamon,,Above Ground,30,,FALSE,FALSE,TRUE,FALSE,FALSE,pulling leaves,TRUE,FALSE,FALSE,FALSE,FALSE,FALSE,FALSE,FALSE,,POINT (-73.9655734633649 40.7805366922231)
"-7,397,293,949,284","4,077,432,567,165",11D-AM-1010-01,11D,AM,10102018,1,Adult,Gray,"Cinnamon, White","Gray+Cinnamon, White",,Ground Plane,FALSE,,FALSE,FALSE,TRUE,TRUE,TRUE,,FALSE,FALSE,FALSE,FALSE,FALSE,FALSE,FALSE,TRUE,,POINT (-73.9729394928432 40.7743256716496)
"-7,397,652,191,628","4,077,378,472,446",9B-AM-1010-01,09B,AM,10102018,1,Adult,Gray,Cinnamon,Gray+Cinnamon,,Ground Plane,FALSE,,FALSE,FALSE,FALSE,FALSE,TRUE,,TRUE,FALSE,FALSE,FALSE,FALSE,FALSE,FALSE,TRUE,,POINT (-73.976521916284 40.773784724458)
"-739,597,782,762","4,079,207,733,768",33D-AM-1017-07,33D,AM,10172018,7,Adult,Black,,Black+,,Ground Plane,FALSE,,FALSE,FALSE,FALSE,FALSE,TRUE,,FALSE,TRUE,FALSE,TRUE,FALSE,FALSE,TRUE,FALSE,,POINT (-73.9597782762029 40.7920773376757)
"-73,964,862,681","4,078,045,061,128",20G-AM-1018-02,20G,AM,10182018,2,Adult,Gray,,Gray+,,Above Ground,5,Ran up tree,TRUE,FALSE,TRUE,FALSE,FALSE,,TRUE,FALSE,FALSE,FALSE,FALSE,FALSE,FALSE,FALSE,,POINT (-73.9648626810032 40.7804506112843)
"-7,395,841,884,611","4,079,132,410,485",33E-PM-1012-07,33E,PM,10122018,7,Adult,Gray,White,Gray+White,,Ground Plane,FALSE,,TRUE,TRUE,FALSE,FALSE,FALSE,,FALSE,FALSE,FALSE,FALSE,FALSE,FALSE,FALSE,FALSE,,POINT (-73.9584188461059 40.7913241048498)
"-7,395,661,891,454","4,078,834,179,697",31H-PM-1008-01,31H,PM,10082018,1,Adult,Gray,White,Gray+White,,Above Ground,15,,FALSE,FALSE,TRUE,FALSE,FALSE,,FALSE,FALSE,FALSE,FALSE,FALSE,FALSE,TRUE,FALSE,,POINT (-73.9566189145352 40.7883417969746)
"-7,396,736,036,559","4,078,769,741,778",26A-PM-1006-03,26A,PM,10062018,3,Adult,Gray,,Gray+,,Ground Plane,FALSE,,FALSE,FALSE,FALSE,FALSE,TRUE,,FALSE,FALSE,FALSE,FALSE,FALSE,FALSE,FALSE,TRUE,,POINT (-73.9673603655908 40.7876974177782)
"-7,395,957,577,927","4,078,992,426,438",31E-PM-1006-01,31E,PM,10062018,1,Adult,Gray,Cinnamon,Gray+Cinnamon,,Ground Plane,FALSE,under bushes,FALSE,FALSE,FALSE,FALSE,TRUE,,FALSE,TRUE,FALSE,FALSE,FALSE,FALSE,TRUE,FALSE,,POINT (-73.9595757792683 40.7899242643847)
"-7,396,868,167,954","4,077,577,042,267",14F-PM-1012-02,14F,PM,10122018,2,Adult,Gray,"Cinnamon, White","Gray+Cinnamon, White",,Above Ground,3,,FALSE,FALSE,TRUE,TRUE,FALSE,,FALSE,FALSE,FALSE,FALSE,FALSE,FALSE,TRUE,FALSE,,POINT (-73.9686816795392 40.775770422667)
"-7,396,542,102,635","4,077,825,296,926",17G-AM-1018-01,17G,AM,10182018,1,Juvenile,Gray,,Gray+,,Ground Plane,FALSE,,FALSE,FALSE,FALSE,FALSE,TRUE,,FALSE,FALSE,FALSE,FALSE,FALSE,FALSE,FALSE,TRUE,,POINT (-73.9654210263521 40.77825296925751)
"-7,396,770,548,703","4,077,899,287,017",17E-AM-1017-03,17E,AM,10172018,3,Adult,Gray,,Gray+,,Above Ground,9,Tree trunk,FALSE,FALSE,TRUE,FALSE,FALSE,,FALSE,FALSE,FALSE,FALSE,FALSE,FALSE,FALSE,FALSE,,POINT (-73.9677054870327 40.778992870166)
"-73,974,530,554","407,742,043,234",10C-PM-1013-02,10C,PM,10132018,2,Adult,Gray,Cinnamon,Gray+Cinnamon,,Ground Plane,FALSE,,FALSE,FALSE,FALSE,TRUE,TRUE,,FALSE,FALSE,FALSE,FALSE,TRUE,FALSE,TRUE,TRUE,,POINT (-73.9745305540008 40.7742043234014)
"-7,396,754,720,642","4,078,359,471,674",22C-PM-1006-06,22C,PM,10062018,6,Juvenile,Cinnamon,Gray,Cinnamon+Gray,,Above Ground,10,on tree,FALSE,FALSE,FALSE,TRUE,FALSE,,FALSE,FALSE,FALSE,FALSE,FALSE,FALSE,FALSE,FALSE,,POINT (-73.9675472064204 40.7835947167436)
"-7,395,551,603,111","4,079,231,881,563",35G-AM-1007-01,35G,AM,10072018,1,Adult,Gray,White,Gray+White,,Above Ground,15,,FALSE,FALSE,TRUE,FALSE,FALSE,,FALSE,FALSE,FALSE,FALSE,FALSE,FALSE,TRUE,FALSE,,POINT (-73.955516031113 40.7923188156277)
"-7,397,105,591,138","4,077,942,799,142",16C-PM-1018-01,16C,PM,10182018,1,Adult,Gray,"Cinnamon, White","Gray+Cinnamon, White",,Above Ground,3,,FALSE,FALSE,TRUE,FALSE,FALSE,,FALSE,FALSE,FALSE,FALSE,FALSE,FALSE,FALSE,FALSE,disappeared up other side of tree,POINT (-73.9710559113762 40.7794279914209)
"-7,396,776,542,898","4,078,678,552,945",25A-AM-1013-03,25A,AM,10132018,3,,Gray,,Gray+,,Above Ground,15,BIG TREE,FALSE,FALSE,FALSE,FALSE,FALSE,being chased by #2,FALSE,FALSE,FALSE,FALSE,FALSE,FALSE,TRUE,FALSE,,POINT (-73.9677654289757 40.786785529449)
"-7,396,947,840,566","4,077,877,352,914",16D-PM-1010-01,16D,PM,10102018,1,Adult,Gray,,Gray+,,Ground Plane,FALSE,,TRUE,FALSE,FALSE,TRUE,TRUE,,FALSE,FALSE,FALSE,FALSE,FALSE,FALSE,TRUE,FALSE,,POINT (-73.9694784056618 40.7787735291442)
"-7,396,496,580,993","4,078,232,623,691",22F-PM-1014-03,22F,PM,10142018,3,Juvenile,Gray,Cinnamon,Gray+Cinnamon,,Ground Plane,FALSE,,FALSE,FALSE,FALSE,FALSE,TRUE,,FALSE,FALSE,FALSE,TRUE,FALSE,FALSE,TRUE,FALSE,,POINT (-73.9649658099293 40.7823262369074)
"-7,396,194,174,327","4,079,303,659,399",33B-PM-1010-12,33B,PM,10102018,12,Adult,Gray,,Gray+,,Ground Plane,FALSE,,FALSE,FALSE,FALSE,FALSE,TRUE,,FALSE,FALSE,FALSE,FALSE,FALSE,FALSE,FALSE,TRUE,,POINT (-73.9619417432685 40.7930365939865)
"-7,395,329,659,524","4,079,276,445,945",36I-AM-1017-03,36I,AM,10172018,3,Adult,Gray,Cinnamon,Gray+Cinnamon,Cinnamon stripe on back,Ground Plane,FALSE,,TRUE,FALSE,FALSE,TRUE,TRUE,,FALSE,FALSE,FALSE,FALSE,FALSE,FALSE,TRUE,FALSE,,POINT (-73.953296595236 40.7927644594513)
"-7,397,251,575,344","4,076,583,767,292",2I-PM-1006-02,02I,PM,10062018,2,Adult,Gray,"Cinnamon, White","Gray+Cinnamon, White",,Ground Plane,FALSE,,TRUE,FALSE,FALSE,TRUE,TRUE,,FALSE,FALSE,FALSE,FALSE,FALSE,FALSE,TRUE,FALSE,,POINT (-73.9725157534356 40.7658376729234)
"-7,396,874,767,031","4,077,428,566,961",12G-AM-1012-01,12G,AM,10122018,1,Adult,Cinnamon,Gray,Cinnamon+Gray,,Above Ground,2,,FALSE,FALSE,TRUE,FALSE,FALSE,,FALSE,FALSE,FALSE,FALSE,FALSE,FALSE,TRUE,FALSE,,POINT (-73.9687476703117 40.7742856696093)
"-7,396,750,231,387","407,872,554,701",25A-PM-1007-01,25A,PM,10072018,1,Adult,Cinnamon,Gray,Cinnamon+Gray,,Above Ground,40,tree,FALSE,FALSE,TRUE,FALSE,FALSE,,FALSE,FALSE,FALSE,FALSE,FALSE,FALSE,FALSE,FALSE,,POINT (-73.9675023138703 40.7872554700995)
"-7,397,450,405,175","4,077,333,038,538",9C-PM-1006-06,09C,PM,10062018,6,Adult,Gray,"Cinnamon, White","Gray+Cinnamon, White",,Ground Plane,FALSE,,FALSE,FALSE,FALSE,FALSE,TRUE,,FALSE,FALSE,FALSE,FALSE,FALSE,FALSE,TRUE,FALSE,,POINT (-73.97450405175022 40.77333038538)
"-7,397,726,359,111","4,077,094,288,725",6B-PM-1017-03,06B,PM,10172018,3,Adult,Gray,Cinnamon,Gray+Cinnamon,,Ground Plane,FALSE,,FALSE,FALSE,FALSE,FALSE,TRUE,,FALSE,FALSE,FALSE,FALSE,FALSE,FALSE,FALSE,TRUE,,POINT (-73.9772635911119 40.7709428872533)
"-739,730,115,688","4,077,410,182,743",10D-AM-1008-05,10D,AM,10082018,5,Juvenile,Gray,White,Gray+White,,Above Ground,25,,FALSE,FALSE,TRUE,TRUE,FALSE,,FALSE,FALSE,FALSE,FALSE,FALSE,FALSE,FALSE,FALSE,,POINT (-73.9730115687964 40.7741018274312)
"-7,397,301,116,505","4,077,821,577,362",14B-PM-1014-05,14B,PM,10142018,5,Adult,Gray,,Gray+,,Ground Plane,FALSE,,FALSE,FALSE,FALSE,FALSE,TRUE,,FALSE,FALSE,FALSE,FALSE,FALSE,FALSE,FALSE,TRUE,,POINT (-73.9730111650468 40.7782157736204)
"-7,397,900,105,651","4,076,857,323,695",2C-PM-1013-09,02C,PM,10132018,9,Adult,,,+,,Ground Plane,FALSE,,FALSE,FALSE,TRUE,FALSE,FALSE,,FALSE,FALSE,FALSE,FALSE,FALSE,FALSE,FALSE,FALSE,,POINT (-73.9790010565108 40.7685732369544)
"-7,395,825,235,033","4,079,968,974,995",41A-PM-1007-05,41A,PM,10072018,5,Adult,Gray,"Cinnamon, White","Gray+Cinnamon, White",,Ground Plane,FALSE,,TRUE,FALSE,TRUE,FALSE,FALSE,,FALSE,FALSE,FALSE,FALSE,FALSE,FALSE,FALSE,TRUE,,POINT (-73.9582523503306 40.7996897499473)
"-7,397,066,417,707","4,077,592,292,138",13E-AM-1017-12,13E,AM,10172018,12,Adult,Gray,Cinnamon,Gray+Cinnamon,,Ground Plane,FALSE,,FALSE,FALSE,FALSE,TRUE,FALSE,,FALSE,FALSE,FALSE,FALSE,FALSE,FALSE,TRUE,FALSE,,POINT (-73.9706641770728 40.7759229213762)
"-7,396,934,575,445","4,077,704,296,503",15E-AM-1013-02,15E,AM,10132018,2,Adult,Gray,Cinnamon,Gray+Cinnamon,,Above Ground,20,,TRUE,FALSE,TRUE,FALSE,FALSE,,FALSE,FALSE,FALSE,FALSE,FALSE,TRUE,FALSE,FALSE,,POINT (-73.969345754447 40.7770429650288)
"-7,398,085,422,863","4,076,787,021,584",1B-AM-1012-17,01B,AM,10122018,17,Adult,Gray,"Cinnamon, White","Gray+Cinnamon, White",,Ground Plane,FALSE,,FALSE,FALSE,TRUE,TRUE,TRUE,,FALSE,FALSE,FALSE,FALSE,FALSE,FALSE,TRUE,FALSE,,POINT (-73.98085422862802 40.7678702158382)
"-7,395,294,131,565","4,079,209,634,466",36I-PM-1007-06,36I,PM,10072018,6,Adult,Cinnamon,"Gray, White","Cinnamon+Gray, White",,Ground Plane,FALSE,,FALSE,FALSE,FALSE,TRUE,FALSE,,FALSE,FALSE,FALSE,FALSE,FALSE,FALSE,TRUE,FALSE,,POINT (-73.9529413156461 40.7920963446605)
"-7,396,821,440,393","4,077,730,706,754",15F-AM-1007-08,15F,AM,10072018,8,Adult,Cinnamon,White,Cinnamon+White,,Ground Plane,FALSE,,FALSE,FALSE,FALSE,FALSE,TRUE,,FALSE,FALSE,FALSE,FALSE,FALSE,FALSE,TRUE,FALSE,,POINT (-73.9682144039334 40.7773070675393)
"-7,397,433,423,035","4,077,277,429,483",8D-AM-1007-08,08D,AM,10072018,8,Adult,Gray,,Gray+,,Above Ground,15,,FALSE,FALSE,FALSE,FALSE,FALSE,communicating from tree,FALSE,FALSE,FALSE,FALSE,FALSE,FALSE,FALSE,FALSE,,POINT (-73.97433423035481 40.7727742948332)
"-7,395,849,421,255","4,079,950,086,361",41A-AM-1013-01,41A,AM,10132018,1,Adult,Gray,Cinnamon,Gray+Cinnamon,,Ground Plane,FALSE,,TRUE,FALSE,FALSE,FALSE,FALSE,ran across a path,FALSE,FALSE,FALSE,FALSE,FALSE,FALSE,TRUE,FALSE,,POINT (-73.958494212554 40.7995008636057)
"-7,396,979,837,256","4,077,006,770,222",8I-PM-1013-09,08I,PM,10132018,9,Adult,Gray,"Cinnamon, White","Gray+Cinnamon, White",,Ground Plane,FALSE,,FALSE,FALSE,FALSE,FALSE,TRUE,,FALSE,FALSE,FALSE,FALSE,FALSE,FALSE,TRUE,FALSE,,POINT (-73.9697983725608 40.7700677022205)
"-7,396,971,966,199","4,078,140,685,076",19B-AM-1019-01,19B,AM,10192018,1,Juvenile,Gray,"Cinnamon, White","Gray+Cinnamon, White",Side stripes,Ground Plane,FALSE,,TRUE,FALSE,FALSE,TRUE,FALSE,,FALSE,FALSE,FALSE,FALSE,FALSE,FALSE,TRUE,TRUE,indifferent then runs from,POINT (-73.9697196619878 40.7814068507607)
"-7,397,068,515,462","407,780,777,016",15D-PM-1017-04,15D,PM,10172018,4,Adult,Cinnamon,,Cinnamon+,,Above Ground,2,on fence,TRUE,FALSE,FALSE,FALSE,FALSE,,FALSE,FALSE,FALSE,FALSE,FALSE,FALSE,TRUE,FALSE,,POINT (-73.9706851546184 40.7780777016038)
"-7,397,047,575,555","4,077,633,480,621",13E-AM-1017-02,13E,AM,10172018,2,Adult,Gray,,Gray+,,Ground Plane,FALSE,,FALSE,FALSE,FALSE,FALSE,TRUE,begging (came one yard away from me and stood there),FALSE,FALSE,FALSE,FALSE,FALSE,TRUE,FALSE,FALSE,,POINT (-73.970475755546 40.7763348062134)
"-7,397,772,590,224","4,076,820,599,079",3D-PM-1010-10,03D,PM,10102018,10,Adult,Gray,White,Gray+White,,Ground Plane,FALSE,,FALSE,FALSE,FALSE,FALSE,TRUE,,FALSE,FALSE,FALSE,FALSE,FALSE,FALSE,FALSE,TRUE,,POINT (-73.9777259022441 40.7682059907903)
"-7,397,168,818,387","4,077,855,353,709",15C-PM-1017-02,15C,PM,10172018,2,Adult,Gray,Cinnamon,Gray+Cinnamon,,Above Ground,0,,FALSE,FALSE,TRUE,FALSE,FALSE,,FALSE,FALSE,FALSE,FALSE,FALSE,FALSE,FALSE,TRUE,,POINT (-73.9716881838671 40.778553537087)
"-7,396,332,506,365","4,079,221,550,827",32A-PM-1013-09,32A,PM,10132018,9,Adult,Gray,White,Gray+White,,Ground Plane,FALSE,,FALSE,FALSE,FALSE,FALSE,TRUE,,FALSE,FALSE,FALSE,FALSE,FALSE,FALSE,TRUE,FALSE,,POINT (-73.9633250636501 40.7922155082679)
"-7,396,741,811,468","4,077,645,953,601",15G-AM-1008-05,15G,AM,10082018,5,Adult,Gray,Cinnamon,Gray+Cinnamon,,Ground Plane,FALSE,,FALSE,FALSE,FALSE,FALSE,TRUE,,FALSE,FALSE,FALSE,FALSE,FALSE,FALSE,TRUE,FALSE,,POINT (-73.967418114684 40.7764595360054)
"-739,771,695,272","4,077,242,772,763",7B-AM-1008-03,07B,AM,10082018,3,Adult,Gray,,Gray+,,Above Ground,5,,FALSE,TRUE,FALSE,FALSE,FALSE,,FALSE,FALSE,FALSE,FALSE,FALSE,FALSE,TRUE,FALSE,,POINT (-73.9771695272048 40.7724277276263)
"-7,396,996,751,605","4,077,730,126,428",15E-PM-1008-07,15E,PM,10082018,7,Adult,Gray,,Gray+,,Ground Plane,FALSE,,FALSE,FALSE,FALSE,TRUE,FALSE,,FALSE,FALSE,FALSE,FALSE,FALSE,FALSE,TRUE,FALSE,,POINT (-73.9699675160516 40.7773012642758)
"-7,397,589,597,983","4,076,941,256,717",4D-PM-1008-01,04D,PM,10082018,1,Adult,Cinnamon,"Gray, White","Cinnamon+Gray, White",,Ground Plane,FALSE,,FALSE,FALSE,FALSE,TRUE,FALSE,,FALSE,FALSE,FALSE,FALSE,FALSE,FALSE,FALSE,TRUE,,POINT (-73.9758959798289 40.7694125671679)
"-7,396,076,084,827","4,079,546,876,482",36A-PM-1013-06,36A,PM,10132018,6,,Gray,Cinnamon,Gray+Cinnamon,,Ground Plane,FALSE,EDGE OF WOODS,FALSE,FALSE,FALSE,TRUE,FALSE,,FALSE,FALSE,FALSE,FALSE,FALSE,FALSE,TRUE,FALSE,,POINT (-73.9607608482656 40.7954687648248)
"-7,397,532,837,837","4,077,330,439,106",8C-PM-1013-02,08C,PM,10132018,2,Adult,Gray,Cinnamon,Gray+Cinnamon,,Ground Plane,FALSE,,FALSE,FALSE,FALSE,FALSE,TRUE,,FALSE,FALSE,FALSE,TRUE,FALSE,FALSE,TRUE,FALSE,,POINT (-73.9753283783695 40.7733043910649)
"-7,397,853,005,099","4,077,211,277,484",6A-AM-1006-07,06A,AM,10062018,7,Adult,Gray,"Cinnamon, White","Gray+Cinnamon, White",,Ground Plane,FALSE,,FALSE,FALSE,FALSE,TRUE,TRUE,,FALSE,FALSE,FALSE,FALSE,TRUE,FALSE,TRUE,FALSE,,POINT (-73.9785300509908 40.7721127748427)
"-7,395,400,224,454","407,979,409,855",41E-AM-1007-01,41E,AM,10072018,1,Adult,Gray,White,Gray+White,white haunches,Ground Plane,FALSE,,FALSE,FALSE,FALSE,FALSE,TRUE,,FALSE,FALSE,FALSE,FALSE,FALSE,FALSE,TRUE,FALSE,,POINT (-73.9540022445432 40.7979409854977)
"-7,396,087,574,241","4,079,066,865,047",31D-AM-1014-06,31D,AM,10142018,6,Adult,Gray,Cinnamon,Gray+Cinnamon,,Ground Plane,FALSE,,FALSE,FALSE,FALSE,TRUE,FALSE,,FALSE,FALSE,FALSE,FALSE,FALSE,FALSE,TRUE,FALSE,,POINT (-73.9608757424052 40.7906686504657)
"-7,396,036,201,222","4,079,559,657,559",36B-AM-1013-02,36B,AM,10132018,2,,Gray,,Gray+,,Ground Plane,FALSE,,TRUE,FALSE,FALSE,FALSE,FALSE,,FALSE,FALSE,FALSE,FALSE,FALSE,FALSE,FALSE,FALSE,didn't see me,POINT (-73.9603620122205 40.7955965755851)
"-7,398,019,021,331","4,076,955,759,507",3A-AM-1012-03,03A,AM,10122018,3,Juvenile,Gray,"Black, Cinnamon","Gray+Black, Cinnamon",Gray & Cinnamon selected as Primary. Black selected as Highlights. Made executive adjustments.,Above Ground,1,,FALSE,FALSE,TRUE,FALSE,FALSE,,FALSE,FALSE,FALSE,FALSE,TRUE,FALSE,FALSE,TRUE,,POINT (-73.9801902133148 40.769557595068)
"-7,395,907,766,815","4,079,260,458,233",34D-AM-1008-02,34D,AM,10082018,2,Adult,Black,,Black+,,Ground Plane,FALSE,,FALSE,FALSE,FALSE,FALSE,TRUE,,FALSE,FALSE,FALSE,FALSE,FALSE,FALSE,TRUE,FALSE,,POINT (-73.959077668148 40.7926045823346)
"-739,576,559,099","4,079,925,986,265",41B-AM-1010-09,41B,AM,10102018,9,Adult,Gray,,Gray+,,Above Ground,3,,FALSE,TRUE,FALSE,FALSE,FALSE,,FALSE,FALSE,FALSE,FALSE,FALSE,FALSE,TRUE,FALSE,,POINT (-73.9576559099012 40.7992598626483)
"-7,395,459,505,834","4,079,565,679,343",39F-AM-1014-04,39F,AM,10142018,4,Juvenile,Gray,Cinnamon,Gray+Cinnamon,,Ground Plane,FALSE,,FALSE,FALSE,FALSE,FALSE,TRUE,,FALSE,FALSE,FALSE,FALSE,FALSE,FALSE,TRUE,FALSE,,POINT (-73.954595058342 40.7956567934304)
"-7,396,063,446,813","4,079,583,377,806",37B-PM-1013-04,37B,PM,10132018,4,Adult,Gray,,Gray+,,Ground Plane,FALSE,,TRUE,FALSE,FALSE,FALSE,FALSE,,FALSE,FALSE,FALSE,FALSE,FALSE,FALSE,FALSE,TRUE,,POINT (-73.9606344681252 40.795833778064406)
"-7,395,801,051,749","4,079,744,683,227",39C-PM-1006-03,39C,PM,10062018,3,Adult,Gray,,Gray+,,Ground Plane,FALSE,,FALSE,FALSE,FALSE,FALSE,TRUE,,FALSE,FALSE,FALSE,FALSE,FALSE,FALSE,FALSE,TRUE,,POINT (-73.9580105174865 40.7974468322692)
"-7,395,572,635,335","4,079,395,057,914",37F-PM-1014-02,37F,PM,10142018,2,Juvenile,Gray,"Cinnamon, White","Gray+Cinnamon, White",,Ground Plane,FALSE,LAWN,FALSE,FALSE,FALSE,TRUE,TRUE,,FALSE,FALSE,FALSE,FALSE,FALSE,FALSE,TRUE,FALSE,,POINT (-73.95572635334891 40.7939505791448)
"-7,397,002,473,509","4,078,369,290,445",21A-AM-1019-08,21A,AM,10192018,8,Adult,Gray,Cinnamon,Gray+Cinnamon,,Ground Plane,FALSE,,FALSE,FALSE,FALSE,TRUE,TRUE,,FALSE,FALSE,FALSE,FALSE,FALSE,FALSE,TRUE,FALSE,,POINT (-73.97002473509 40.7836929044459)
"-7,395,451,010,419","4,079,038,236,168",34I-PM-1010-03,34I,PM,10102018,3,Adult,Gray,,Gray+,,Ground Plane,FALSE,in the playground.,TRUE,FALSE,FALSE,FALSE,TRUE,with some nuts in the mouth,FALSE,FALSE,FALSE,FALSE,FALSE,FALSE,FALSE,FALSE,,POINT (-73.9545101041865 40.7903823616782)
"-7,397,118,011,226","4,077,868,889,422",16C-AM-1014-02,16C,AM,10142018,2,Adult,Gray,"Black, Cinnamon, White","Gray+Black, Cinnamon, White",,Ground Plane,FALSE,,FALSE,FALSE,FALSE,FALSE,TRUE,,FALSE,FALSE,FALSE,FALSE,FALSE,TRUE,FALSE,FALSE,,POINT (-73.97118011225781 40.77868889422141)
"-7,395,956,459,625","4,078,995,993,501",31E-PM-1006-03,31E,PM,10062018,3,Adult,Gray,Cinnamon,Gray+Cinnamon,,Ground Plane,FALSE,under bushes,FALSE,FALSE,FALSE,TRUE,TRUE,burying,FALSE,FALSE,FALSE,FALSE,FALSE,FALSE,TRUE,FALSE,,POINT (-73.9595645962539 40.7899599350145)
"-7,395,877,126,794","4,079,445,025,014",36D-PM-1007-02,36D,PM,10072018,2,Adult,Gray,Cinnamon,Gray+Cinnamon,,Ground Plane,FALSE,,FALSE,FALSE,FALSE,FALSE,TRUE,,FALSE,FALSE,FALSE,FALSE,FALSE,TRUE,TRUE,FALSE,,POINT (-73.9587712679442 40.7944502501428)
"-7,396,762,060,225","4,078,459,423,498",23B-PM-1012-01,23B,PM,10122018,1,Adult,Gray,Cinnamon,Gray+Cinnamon,,Ground Plane,FALSE,,FALSE,FALSE,FALSE,FALSE,TRUE,,FALSE,FALSE,FALSE,FALSE,TRUE,FALSE,TRUE,FALSE,,POINT (-73.9676206022477 40.784594234984)
"-739,741,846,414","4,077,625,181,642",12B-PM-1018-01,12B,PM,10182018,1,Adult,Gray,,Gray+,,Ground Plane,FALSE,Climbing up rocks,FALSE,FALSE,TRUE,FALSE,TRUE,climbing (up rocks),FALSE,FALSE,FALSE,FALSE,FALSE,FALSE,FALSE,TRUE,,POINT (-73.9741846413977 40.7762518164182)
"-7,397,039,141,269","4,077,224,579,752",10G-PM-1017-01,10G,PM,10172018,1,Adult,Gray,,Gray+,,Ground Plane,FALSE,,FALSE,FALSE,FALSE,FALSE,FALSE,standing,FALSE,FALSE,FALSE,FALSE,FALSE,FALSE,TRUE,FALSE,,POINT (-73.9703914126866 40.7722457975176)
"-7,397,079,005,665","4,077,716,705,501",14D-AM-1014-09,14D,AM,10142018,9,Adult,Gray,"Cinnamon, White","Gray+Cinnamon, White",,Above Ground,30,,FALSE,FALSE,TRUE,FALSE,FALSE,,FALSE,FALSE,FALSE,FALSE,FALSE,FALSE,TRUE,FALSE,,POINT (-73.9707900566519 40.7771670550089)
"-7,397,508,641,544","4,076,719,901,313",3F-AM-1006-01,03F,AM,10062018,1,Adult,Gray,,Gray+,,Ground Plane,FALSE,just to right when enter sanctuary,FALSE,FALSE,FALSE,FALSE,TRUE,,FALSE,FALSE,FALSE,FALSE,FALSE,FALSE,TRUE,FALSE,,POINT (-73.975086415444 40.7671990131313)
"-7,395,571,723,368","4,079,211,256,577",35G-PM-1006-01,35G,PM,10062018,1,Adult,Black,Cinnamon,Black+Cinnamon,,Ground Plane,FALSE,,TRUE,FALSE,TRUE,FALSE,FALSE,,FALSE,FALSE,FALSE,FALSE,TRUE,FALSE,FALSE,TRUE,,POINT (-73.9557172336815 40.7921125657722)
"-7,396,910,310,947","4,077,066,938,352",9I-AM-1014-02,09I,AM,10142018,2,Adult,Gray,,Gray+,"Very far, so appx",Above Ground,35,,FALSE,FALSE,TRUE,FALSE,FALSE,,FALSE,FALSE,FALSE,FALSE,FALSE,FALSE,FALSE,FALSE,,POINT (-73.9691031094688 40.7706693835189)
"-7,396,156,028,056","4,079,456,621,856",35A-PM-1013-08,35A,PM,10132018,8,Adult,Gray,White,Gray+White,,Ground Plane,FALSE,,FALSE,FALSE,FALSE,FALSE,TRUE,,FALSE,FALSE,FALSE,FALSE,TRUE,FALSE,FALSE,TRUE,,POINT (-73.9615602805554 40.7945662185621)
"-7,395,980,847,946","4,079,761,654,345",39A-PM-1014-01,39A,PM,10142018,1,Adult,Gray,White,Gray+White,,Ground Plane,FALSE,,FALSE,TRUE,FALSE,FALSE,FALSE,,FALSE,FALSE,FALSE,FALSE,FALSE,FALSE,TRUE,FALSE,,POINT (-73.9598084794625 40.7976165434502)
"-7,397,469,338,526","4,077,331,386,693",9C-PM-1006-05,09C,PM,10062018,5,Adult,Gray,White,Gray+White,,Ground Plane,FALSE,,FALSE,FALSE,FALSE,TRUE,FALSE,,FALSE,FALSE,FALSE,FALSE,FALSE,FALSE,FALSE,TRUE,w/ dog,POINT (-73.9746933852572 40.773313866931)
"-7,396,451,470,117","4,077,725,668,338",17I-AM-1014-04,17I,AM,10142018,4,Adult,Gray,"Cinnamon, White","Gray+Cinnamon, White",,Ground Plane,FALSE,,FALSE,FALSE,FALSE,TRUE,TRUE,,FALSE,FALSE,FALSE,FALSE,FALSE,TRUE,TRUE,FALSE,,POINT (-73.9645147011741 40.7772566833799)
"-7,397,140,896,474","4,077,679,165,879",14D-AM-1014-12,14D,AM,10142018,12,Adult,Gray,"Cinnamon, White","Gray+Cinnamon, White",,Ground Plane,FALSE,,FALSE,FALSE,FALSE,TRUE,TRUE,,FALSE,FALSE,FALSE,FALSE,FALSE,TRUE,FALSE,FALSE,,POINT (-73.9714089647431 40.7767916587915)
"-7,396,423,799,427","4,077,747,925,207",17I-PM-1017-01,17I,PM,10172018,1,Juvenile,Cinnamon,White,Cinnamon+White,,Above Ground,15,,FALSE,FALSE,TRUE,FALSE,FALSE,,FALSE,FALSE,FALSE,FALSE,FALSE,FALSE,FALSE,FALSE,"was in a tree,so i couldn't really tell",POINT (-73.9642379942652 40.7774792520738)
"-7,395,686,908,603","4,079,888,587,711",41C-AM-1017-05,41C,AM,10172018,5,Adult,Gray,,Gray+,,Ground Plane,FALSE,,FALSE,FALSE,FALSE,FALSE,TRUE,,FALSE,FALSE,FALSE,FALSE,FALSE,FALSE,TRUE,FALSE,,POINT (-73.956869086031 40.7988858771114)
"-7,395,828,502,062","4,079,789,758,556",39B-PM-1014-01,39B,PM,10142018,1,Adult,Gray,White,Gray+White,White belly,Ground Plane,FALSE,,FALSE,FALSE,FALSE,TRUE,TRUE,,FALSE,FALSE,FALSE,FALSE,FALSE,FALSE,TRUE,FALSE,,POINT (-73.9582850206205 40.7978975855555)
"-7,395,826,439,541","4,080,004,600,613",42A-AM-1019-01,42A,AM,10192018,1,Juvenile,Gray,White,Gray+White,,Ground Plane,FALSE,,FALSE,FALSE,FALSE,FALSE,TRUE,,FALSE,FALSE,FALSE,FALSE,TRUE,FALSE,TRUE,FALSE,,POINT (-73.95826439540551 40.8000460061272)
"-7,397,713,354,164","4,076,684,314,852",2E-AM-1010-01,02E,AM,10102018,1,Adult,Gray,Cinnamon,Gray+Cinnamon,,Ground Plane,FALSE,,FALSE,FALSE,FALSE,FALSE,TRUE,,FALSE,FALSE,FALSE,FALSE,TRUE,FALSE,TRUE,FALSE,,POINT (-73.9771335416403 40.7668431485224)
"-7,396,921,902,954","4,077,633,663,092",14F-AM-1007-02,14F,AM,10072018,2,Adult,Gray,"Cinnamon, White","Gray+Cinnamon, White",,Ground Plane,FALSE,,FALSE,FALSE,FALSE,FALSE,TRUE,,FALSE,FALSE,FALSE,FALSE,FALSE,FALSE,TRUE,FALSE,,POINT (-73.9692190295442 40.7763366309154)
"-7,397,361,659,174","4,077,245,439,015",8D-AM-1007-04,08D,AM,10072018,4,Adult,Gray,,Gray+,,Above Ground,3,,FALSE,TRUE,FALSE,FALSE,FALSE,chasing squirrel #3,FALSE,FALSE,FALSE,FALSE,FALSE,FALSE,FALSE,FALSE,,POINT (-73.9736165917399 40.7724543901497)
"-739,642,288,873","4,078,204,399,836",22F-AM-1007-06,22F,AM,10072018,6,Adult,Cinnamon,,Cinnamon+,,Ground Plane,FALSE,,FALSE,FALSE,TRUE,TRUE,FALSE,,FALSE,FALSE,FALSE,FALSE,FALSE,TRUE,FALSE,FALSE,,POINT (-73.9642288873015 40.7820439983567)
"-7,395,284,627,794","4,079,238,430,437",36I-AM-1017-04,36I,AM,10172018,4,Adult,Gray,Cinnamon,Gray+Cinnamon,,Ground Plane,FALSE,,FALSE,FALSE,FALSE,FALSE,TRUE,,FALSE,FALSE,FALSE,FALSE,FALSE,FALSE,TRUE,FALSE,,POINT (-73.9528462779437 40.7923843043685)
"-7,396,097,046,509","4,079,387,868,547",34B-AM-1013-03,34B,AM,10132018,3,Adult,Cinnamon,Gray,Cinnamon+Gray,,Above Ground,15,,TRUE,FALSE,TRUE,FALSE,FALSE,hopping,FALSE,FALSE,FALSE,FALSE,FALSE,TRUE,FALSE,TRUE,,POINT (-73.9609704650925 40.7938786854735)
"-7,395,345,096,279","4,079,210,842,247",36I-AM-1017-07,36I,AM,10172018,7,Adult,Gray,Cinnamon,Gray+Cinnamon,,Ground Plane,FALSE,,FALSE,TRUE,FALSE,FALSE,TRUE,"chasing (#8),scratching",TRUE,FALSE,FALSE,FALSE,TRUE,FALSE,TRUE,FALSE,,POINT (-73.9534509627885 40.7921084224711)
"-7,395,771,130,261","4,079,043,324,535",32G-PM-1013-02,32G,PM,10132018,2,Juvenile,Black,,Black+,,Ground Plane,FALSE,,FALSE,FALSE,FALSE,FALSE,TRUE,,FALSE,FALSE,FALSE,FALSE,FALSE,FALSE,TRUE,FALSE,,POINT (-73.9577113026056 40.7904332453456)
"-73,980,824,766","4,076,894,088,313",2A-PM-1019-01,02A,PM,10192018,1,Adult,Gray,White,Gray+White,,Ground Plane,FALSE,,FALSE,FALSE,FALSE,FALSE,FALSE,runs from,FALSE,FALSE,FALSE,TRUE,FALSE,FALSE,FALSE,TRUE,,POINT (-73.9808247660048 40.7689408831287)
"-7,395,916,671,628","4,079,376,021,216",35D-PM-1013-07,35D,PM,10132018,7,Juvenile,Gray,White,Gray+White,,Above Ground,12,tree,FALSE,FALSE,TRUE,FALSE,FALSE,,FALSE,FALSE,FALSE,FALSE,TRUE,FALSE,TRUE,FALSE,,POINT (-73.95916671628011 40.7937602121568)
"-7,397,142,435,474","4,077,139,739,824",8G-PM-1017-02,08G,PM,10172018,2,Adult,Gray,,Gray+,,Ground Plane,FALSE,,FALSE,FALSE,FALSE,FALSE,TRUE,,FALSE,FALSE,FALSE,FALSE,FALSE,FALSE,TRUE,FALSE,,POINT (-73.9714243547433 40.7713973982359)
"-7,396,293,834,203","4,078,893,837,255",29C-AM-1007-02,29C,AM,10072018,2,Adult,Black,Gray,Black+Gray,,Above Ground,10,,TRUE,FALSE,TRUE,FALSE,FALSE,,FALSE,TRUE,FALSE,FALSE,FALSE,FALSE,FALSE,TRUE,,POINT (-73.9629383420274 40.7889383725489)
"-7,396,009,645,859","4,079,523,395,244",36B-PM-1013-02,36B,PM,10132018,2,Adult,Gray,White,Gray+White,,Ground Plane,FALSE,,TRUE,FALSE,TRUE,FALSE,FALSE,,FALSE,FALSE,FALSE,FALSE,TRUE,TRUE,FALSE,TRUE,,POINT (-73.9600964585868 40.7952339524416)
"-739,713,519,158","407,798,470,143",17B-AM-1010-01,17B,AM,10102018,1,Adult,Gray,Cinnamon,Gray+Cinnamon,,Ground Plane,FALSE,,FALSE,FALSE,FALSE,TRUE,FALSE,,FALSE,FALSE,FALSE,FALSE,TRUE,FALSE,TRUE,FALSE,,POINT (-73.9713519158027 40.7798470142991)
"-7,395,328,730,049","4,079,352,032,679",37H-PM-1006-04,37H,PM,10062018,4,,,,+,,Above Ground,43,tree,FALSE,FALSE,TRUE,FALSE,FALSE,,FALSE,FALSE,FALSE,FALSE,FALSE,FALSE,FALSE,FALSE,,POINT (-73.953287300494 40.793520326789)
"-7,396,261,204,174","4,079,051,263,586",30C-AM-1014-02,30C,AM,10142018,2,Adult,Gray,Cinnamon,Gray+Cinnamon,,Ground Plane,FALSE,on a rock,TRUE,FALSE,FALSE,FALSE,TRUE,,FALSE,FALSE,FALSE,FALSE,TRUE,FALSE,TRUE,FALSE,,POINT (-73.9626120417397 40.7905126358626)
"-7,397,640,160,307","4,076,898,943,443",4D-PM-1008-05,04D,PM,10082018,5,Adult,Cinnamon,"Gray, White","Cinnamon+Gray, White",,Ground Plane,FALSE,,FALSE,FALSE,FALSE,FALSE,TRUE,,FALSE,FALSE,FALSE,FALSE,FALSE,FALSE,TRUE,FALSE,,POINT (-73.9764016030666 40.7689894344251)
"-7,396,948,563,902","4,078,051,915,907",18C-PM-1018-05,18C,PM,10182018,5,Adult,Gray,"Cinnamon, White","Gray+Cinnamon, White",,Ground Plane,FALSE,,FALSE,FALSE,FALSE,TRUE,TRUE,,FALSE,FALSE,FALSE,FALSE,FALSE,FALSE,TRUE,FALSE,,POINT (-73.969485639023 40.780519159069)
"-7,397,416,219,469","407,752,481,472",11C-PM-1018-01,11C,PM,10182018,1,Adult,Gray,White,Gray+White,,Above Ground,10,,FALSE,FALSE,TRUE,FALSE,FALSE,,FALSE,FALSE,FALSE,FALSE,FALSE,FALSE,FALSE,TRUE,,POINT (-73.9741621946917 40.7752481472025)
"-7,397,920,912,001","4,076,858,454,753",2B-PM-1013-06,02B,PM,10132018,6,Adult,Gray,,Gray+,,Ground Plane,FALSE,,FALSE,FALSE,FALSE,FALSE,FALSE,,FALSE,FALSE,FALSE,FALSE,FALSE,TRUE,FALSE,FALSE,sat there! in front of us,POINT (-73.9792091200122 40.7685845475313)
"-7,397,622,577,013","4,077,440,327,583",9A-AM-1013-08,09A,AM,10132018,8,Adult,,,+,,,,,FALSE,FALSE,FALSE,FALSE,FALSE,,FALSE,FALSE,FALSE,FALSE,FALSE,FALSE,FALSE,TRUE,,POINT (-73.9762257701293 40.7744032758323)
"-7,397,384,817,717","4,077,065,406,989",7E-PM-1013-04,07E,PM,10132018,4,Adult,Gray,Cinnamon,Gray+Cinnamon,,Ground Plane,FALSE,,TRUE,FALSE,FALSE,TRUE,TRUE,,FALSE,FALSE,FALSE,FALSE,TRUE,FALSE,FALSE,FALSE,,POINT (-73.9738481771673 40.7706540698938)
"-7,396,294,833,745","4,079,368,099,053",33A-PM-1018-03,33A,PM,10182018,3,Adult,Gray,,Gray+,,Above Ground,6,,TRUE,FALSE,TRUE,FALSE,FALSE,,FALSE,FALSE,FALSE,FALSE,FALSE,FALSE,FALSE,TRUE,,POINT (-73.9629483374528 40.7936809905265)
"-7,397,187,204,037","4,077,023,350,563",7G-PM-1018-04,07G,PM,10182018,4,Adult,Gray,"Cinnamon, White","Gray+Cinnamon, White",,Ground Plane,FALSE,,FALSE,FALSE,FALSE,FALSE,TRUE,,FALSE,FALSE,FALSE,FALSE,FALSE,FALSE,FALSE,FALSE,,POINT (-73.9718720403657 40.7702335056337)
"-7,395,837,387,833","4,079,793,027,755",39B-PM-1014-02,39B,PM,10142018,2,Juvenile,Gray,Cinnamon,Gray+Cinnamon,,Ground Plane,FALSE,,FALSE,FALSE,FALSE,FALSE,TRUE,,FALSE,FALSE,FALSE,FALSE,FALSE,FALSE,TRUE,FALSE,,POINT (-73.9583738783348 40.7979302775527)
"-7,395,515,244,224","4,079,105,355,968",34H-PM-1006-01,34H,PM,10062018,1,Adult,Black,,Black+,,Ground Plane,FALSE,,FALSE,FALSE,FALSE,FALSE,TRUE,,FALSE,FALSE,FALSE,FALSE,FALSE,FALSE,FALSE,FALSE,,POINT (-73.9551524422379 40.7910535596756)
"-739,770,948,563","4,077,240,634,592",7B-AM-1008-04,07B,AM,10082018,4,Adult,Gray,,Gray+,,Ground Plane,FALSE,,FALSE,TRUE,FALSE,FALSE,FALSE,,FALSE,FALSE,FALSE,FALSE,FALSE,FALSE,TRUE,FALSE,,POINT (-73.9770948563006 40.7724063459185)
"-739,591,957,794","4,079,495,688,735",36C-PM-1013-01,36C,PM,10132018,1,Adult,Gray,,Gray+,,Ground Plane,FALSE,Clearing near bike path (bikes active),FALSE,TRUE,FALSE,TRUE,TRUE,,FALSE,FALSE,FALSE,FALSE,TRUE,FALSE,TRUE,FALSE,,POINT (-73.9591957793992 40.7949568873453)
"-7,397,008,618,591","4,077,706,393,406",14E-PM-1017-04,14E,PM,10172018,4,Adult,Gray,Cinnamon,Gray+Cinnamon,,Ground Plane,FALSE,,FALSE,FALSE,FALSE,TRUE,TRUE,,FALSE,FALSE,FALSE,FALSE,FALSE,FALSE,FALSE,FALSE,,POINT (-73.9700861859051 40.7770639340582)
"-739,768,311,751","4,076,671,780,726",2E-AM-1010-03,02E,AM,10102018,3,Adult,Cinnamon,,Cinnamon+,,Above Ground,4,,FALSE,FALSE,TRUE,FALSE,FALSE,,FALSE,FALSE,FALSE,FALSE,FALSE,FALSE,TRUE,FALSE,,POINT (-73.9768311751004 40.76671780725581)
"-7,396,727,895,735","4,078,747,787,203",26A-PM-1006-02,26A,PM,10062018,2,Juvenile,Gray,,Gray+,injured,Ground Plane,FALSE,,FALSE,FALSE,FALSE,FALSE,FALSE,not moving,FALSE,FALSE,FALSE,FALSE,FALSE,FALSE,FALSE,FALSE,,POINT (-73.96727895735371 40.7874778720268)
"-739,710,547,484","4,077,235,898,271",9F-PM-1014-03,09F,PM,10142018,3,Adult,Gray,Cinnamon,Gray+Cinnamon,,Ground Plane,FALSE,,FALSE,FALSE,FALSE,FALSE,TRUE,,FALSE,FALSE,FALSE,FALSE,FALSE,FALSE,TRUE,FALSE,,POINT (-73.9710547484029 40.7723589827074)
"-7,397,572,154,159","407,668,205,977",2F-PM-1014-03,02F,PM,10142018,3,Adult,Gray,Cinnamon,Gray+Cinnamon,,Ground Plane,FALSE,,FALSE,FALSE,FALSE,TRUE,FALSE,,FALSE,FALSE,FALSE,FALSE,FALSE,FALSE,TRUE,FALSE,,POINT (-73.9757215415855 40.7668205976986)
"-7,397,351,208,821","4,077,159,154,152",8E-PM-1008-07,08E,PM,10082018,7,Adult,Gray,White,Gray+White,,Ground Plane,FALSE,"5, 6, 7 all at same tree trunk base",FALSE,TRUE,TRUE,FALSE,FALSE,,FALSE,FALSE,FALSE,FALSE,FALSE,FALSE,FALSE,FALSE,,POINT (-73.9735120882106 40.7715915415169)
"-739,565,684,578","4,079,360,039,404",36F-PM-1012-02,36F,PM,10122018,2,Juvenile,Gray,Cinnamon,Gray+Cinnamon,,Ground Plane,FALSE,,FALSE,FALSE,FALSE,FALSE,TRUE,,FALSE,FALSE,FALSE,FALSE,FALSE,FALSE,TRUE,FALSE,,POINT (-73.9565684577989 40.7936003940413)
"-7,397,378,723,356","407,726,586,836",8D-PM-1007-01,08D,PM,10072018,1,Adult,Gray,Cinnamon,Gray+Cinnamon,,Ground Plane,FALSE,,FALSE,FALSE,FALSE,FALSE,TRUE,,FALSE,FALSE,FALSE,FALSE,FALSE,FALSE,FALSE,FALSE,,POINT (-73.9737872335563 40.77265868359851)
"-739,786,805,885","4,076,975,592,319",4B-PM-1018-02,04B,PM,10182018,2,Adult,Gray,,Gray+,,Ground Plane,FALSE,,FALSE,FALSE,FALSE,TRUE,FALSE,,FALSE,FALSE,FALSE,FALSE,FALSE,TRUE,FALSE,FALSE,,POINT (-73.9786805884996 40.7697559231927)
"-7,395,655,337,835","4,079,743,684,913",40D-PM-1013-02,40D,PM,10132018,2,Adult,Gray,Cinnamon,Gray+Cinnamon,,Ground Plane,FALSE,,TRUE,FALSE,FALSE,FALSE,FALSE,,FALSE,FALSE,FALSE,FALSE,FALSE,FALSE,FALSE,FALSE,,POINT (-73.9565533783499 40.7974368491287)
"-7,396,789,372,898","4,077,828,083,616",16E-PM-1018-01,16E,PM,10182018,1,Juvenile,Gray,Cinnamon,Gray+Cinnamon,,Ground Plane,FALSE,,TRUE,FALSE,FALSE,FALSE,FALSE,,FALSE,FALSE,FALSE,FALSE,TRUE,FALSE,TRUE,FALSE,,POINT (-73.9678937289837 40.7782808361645)
"-739,750,463,845","4,076,668,717,428",2F-PM-1014-08,02F,PM,10142018,8,Adult,Gray,Black,Gray+Black,,Ground Plane,FALSE,,TRUE,FALSE,FALSE,FALSE,FALSE,,FALSE,FALSE,FALSE,FALSE,FALSE,FALSE,TRUE,FALSE,,POINT (-73.9750463844984 40.7666871742836)
"-7,396,965,178,266","4,077,696,583,028",14E-AM-1008-04,14E,AM,10082018,4,Adult,Gray,,Gray+,,Ground Plane,FALSE,,FALSE,FALSE,FALSE,FALSE,TRUE,,FALSE,FALSE,FALSE,FALSE,FALSE,FALSE,TRUE,FALSE,,POINT (-73.9696517826558 40.7769658302844)
"-739,635,028,497","4,079,282,075,749",32A-PM-1013-05,32A,PM,10132018,5,Juvenile,Gray,White,Gray+White,,Ground Plane,FALSE,,FALSE,FALSE,FALSE,FALSE,TRUE,,FALSE,FALSE,FALSE,TRUE,FALSE,FALSE,FALSE,TRUE,,POINT (-73.9635028497015 40.7928207574906)
"-7,396,741,775,046","407,769,569,732",15G-PM-1019-03,15G,PM,10192018,3,Juvenile,Gray,,Gray+,,Ground Plane,FALSE,,TRUE,FALSE,FALSE,FALSE,FALSE,,FALSE,FALSE,FALSE,FALSE,FALSE,FALSE,FALSE,TRUE,,POINT (-73.9674177504573 40.7769569731993)
"-7,396,810,426,129","4,077,233,143,187",11I-PM-1012-04,11I,PM,10122018,4,Adult,Gray,,Gray+,,Above Ground,2,,TRUE,FALSE,TRUE,FALSE,TRUE,,FALSE,FALSE,FALSE,FALSE,FALSE,FALSE,FALSE,FALSE,,POINT (-73.9681042612938 40.772331431865)
"-7,396,677,556,785","4,077,602,568,361",15H-PM-1008-02,15H,PM,10082018,2,Adult,Gray,,Gray+,,Above Ground,10,oak tree,FALSE,TRUE,TRUE,FALSE,FALSE,,FALSE,FALSE,FALSE,FALSE,FALSE,FALSE,FALSE,TRUE,,POINT (-73.9667755678511 40.7760256836088)
"-739,613,351,649","4,079,098,668,514",31D-AM-1014-03,31D,AM,10142018,3,,Gray,White,Gray+White,,Ground Plane,FALSE,Undergrowth,FALSE,FALSE,FALSE,FALSE,TRUE,,FALSE,FALSE,FALSE,FALSE,FALSE,FALSE,FALSE,TRUE,,POINT (-73.9613351649026 40.7909866851357)
"-7,396,113,683,902","4,078,156,190,534",22I-AM-1007-02,22I,AM,10072018,2,Adult,Gray,,Gray+,,Ground Plane,FALSE,,TRUE,FALSE,FALSE,FALSE,TRUE,,FALSE,FALSE,FALSE,FALSE,FALSE,FALSE,TRUE,FALSE,,POINT (-73.9611368390233 40.7815619053395)
"-7,397,993,111,733","4,076,855,769,976",2B-AM-1010-03,02B,AM,10102018,3,Adult,Cinnamon,,Cinnamon+,,Ground Plane,FALSE,,FALSE,FALSE,FALSE,FALSE,TRUE,,FALSE,FALSE,FALSE,FALSE,FALSE,FALSE,TRUE,FALSE,,POINT (-73.9799311173259 40.7685576997559)
"-7,396,751,982,309","4,077,863,109,469",17F-AM-1007-02,17F,AM,10072018,2,Adult,Cinnamon,Gray,Cinnamon+Gray,,Above Ground,4,,FALSE,FALSE,TRUE,FALSE,FALSE,,FALSE,FALSE,FALSE,FALSE,FALSE,FALSE,TRUE,FALSE,,POINT (-73.9675198230918 40.778631094685)
"-7,397,868,986,563","4,077,208,330,971",6A-AM-1006-08,06A,AM,10062018,8,Adult,Gray,White,Gray+White,,Ground Plane,FALSE,,TRUE,FALSE,FALSE,TRUE,TRUE,,FALSE,FALSE,FALSE,FALSE,TRUE,FALSE,TRUE,FALSE,,POINT (-73.9786898656279 40.77208330970651)
"-7,397,550,559,788","4,077,074,386,817",6D-AM-1008-02,06D,AM,10082018,2,Juvenile,Gray,,Gray+,,Above Ground,10,,FALSE,FALSE,FALSE,FALSE,FALSE,,FALSE,FALSE,FALSE,FALSE,FALSE,FALSE,FALSE,FALSE,,POINT (-73.9755055978764 40.7707438681742)
"-7,397,346,875,381","4,076,943,089,592",6F-PM-1008-04,06F,PM,10082018,4,Adult,Cinnamon,White,Cinnamon+White,patches of white on haunches,Ground Plane,FALSE,,FALSE,FALSE,FALSE,FALSE,TRUE,,FALSE,FALSE,FALSE,FALSE,FALSE,FALSE,FALSE,FALSE,,POINT (-73.9734687538064 40.7694308959222)
"-7,395,428,280,533","4,079,417,973,204",37G-AM-1014-03,37G,AM,10142018,3,Adult,Gray,,Gray+,,Ground Plane,FALSE,,TRUE,FALSE,FALSE,FALSE,FALSE,,FALSE,FALSE,FALSE,FALSE,FALSE,FALSE,FALSE,TRUE,,POINT (-73.9542828053256 40.7941797320355)
"-7,397,927,540,373","4,076,796,907,004",2C-AM-1010-08,02C,AM,10102018,8,Adult,Gray,Cinnamon,Gray+Cinnamon,,Above Ground,3,stay on side of trunk,FALSE,FALSE,TRUE,FALSE,FALSE,,FALSE,FALSE,FALSE,FALSE,FALSE,FALSE,FALSE,FALSE,,POINT (-73.9792754037291 40.7679690700399)
"-7,396,265,279,088","4,079,124,723,802",31B-AM-1017-03,31B,AM,10172018,3,Adult,Gray,,Gray+,,Ground Plane,FALSE,,FALSE,FALSE,FALSE,TRUE,FALSE,,FALSE,FALSE,FALSE,FALSE,FALSE,FALSE,TRUE,FALSE,,POINT (-73.9626527908786 40.7912472380247)
"-7,397,022,281,317","407,742,131,588",12F-PM-1007-12,12F,PM,10072018,12,Adult,Gray,"Cinnamon, White","Gray+Cinnamon, White",,Above Ground,5,,FALSE,FALSE,FALSE,FALSE,TRUE,going down tree,FALSE,FALSE,FALSE,FALSE,FALSE,FALSE,TRUE,FALSE,,POINT (-73.9702228131711 40.7742131587983)
"-73,969,105,907","4,078,204,749,092",20B-PM-1013-08,20B,PM,10132018,8,Adult,Gray,White,Gray+White,(very brown),Ground Plane,FALSE,,TRUE,FALSE,FALSE,FALSE,FALSE,being chased by dog,FALSE,FALSE,FALSE,FALSE,FALSE,FALSE,FALSE,TRUE,,POINT (-73.969105907 40.7820474909192)
"-7,397,199,415,774","4,077,037,129,313",7G-AM-1010-04,07G,AM,10102018,4,Adult,Gray,,Gray+,,Ground Plane,FALSE,,TRUE,FALSE,FALSE,FALSE,TRUE,,FALSE,FALSE,FALSE,FALSE,FALSE,FALSE,FALSE,FALSE,,POINT (-73.9719941577406 40.77037129313)
"-7,395,310,133,596","4,079,212,235,565",36I-PM-1007-04,36I,PM,10072018,4,Adult,Gray,,Gray+,,Ground Plane,FALSE,,FALSE,TRUE,FALSE,FALSE,TRUE,,FALSE,FALSE,FALSE,FALSE,FALSE,FALSE,FALSE,FALSE,,POINT (-73.9531013359625 40.7921223556535)
"-7,397,572,161,243","4,077,543,102,396",11A-PM-1013-05,11A,PM,10132018,5,Adult,Cinnamon,Gray,Cinnamon+Gray,,Ground Plane,FALSE,,TRUE,FALSE,FALSE,FALSE,TRUE,digging,FALSE,FALSE,FALSE,FALSE,TRUE,FALSE,FALSE,FALSE,,POINT (-73.9757216124349 40.7754310239649)
"-739,664,120,826","4,078,880,227,097",27A-AM-1008-01,27A,AM,10082018,1,Adult,Gray,,Gray+,,Above Ground,3,,FALSE,TRUE,FALSE,FALSE,FALSE,,FALSE,FALSE,FALSE,FALSE,FALSE,FALSE,FALSE,TRUE,,POINT (-73.96641208260151 40.7888022709721)
"-7,395,806,099,213","4,079,071,588,787",32F-AM-1012-06,32F,AM,10122018,6,Adult,Gray,White,Gray+White,,Ground Plane,FALSE,,TRUE,FALSE,FALSE,FALSE,FALSE,,FALSE,FALSE,FALSE,FALSE,FALSE,FALSE,FALSE,FALSE,,POINT (-73.958060992131 40.7907158878729)
"-7,395,941,205,737","4,078,419,457,506",26I-PM-1010-05,26I,PM,10102018,5,Adult,Gray,"Cinnamon, White","Gray+Cinnamon, White",,Above Ground,10,tree,FALSE,FALSE,TRUE,FALSE,TRUE,,FALSE,FALSE,FALSE,FALSE,FALSE,FALSE,TRUE,FALSE,,POINT (-73.9594120573719 40.7841945750598)
"-7,396,657,054,562","407,823,552,871",21D-PM-1008-05,21D,PM,10082018,5,Adult,Gray,Cinnamon,Gray+Cinnamon,,Ground Plane,FALSE,,FALSE,FALSE,FALSE,FALSE,TRUE,,FALSE,FALSE,FALSE,FALSE,FALSE,FALSE,FALSE,FALSE,,POINT (-73.9665705456197 40.7823552871044)
"-7,396,972,779,983","407,705,198,722",8H-AM-1017-01,08H,AM,10172018,1,Adult,Gray,Cinnamon,Gray+Cinnamon,,Ground Plane,FALSE,,FALSE,TRUE,FALSE,TRUE,TRUE,,FALSE,FALSE,FALSE,FALSE,FALSE,FALSE,TRUE,FALSE,,POINT (-73.9697277998257 40.7705198722028)
"-7,395,802,471,187","4,079,387,242,786",36D-PM-1007-01,36D,PM,10072018,1,Adult,Gray,,Gray+,,Ground Plane,FALSE,,FALSE,FALSE,FALSE,TRUE,TRUE,,FALSE,FALSE,FALSE,FALSE,FALSE,FALSE,TRUE,FALSE,,POINT (-73.958024711869 40.7938724278575)
"-7,395,141,113,291","4,079,750,858,729",42G-AM-1018-01,42G,AM,10182018,1,Adult,Gray,Cinnamon,Gray+Cinnamon,,Ground Plane,FALSE,,FALSE,FALSE,FALSE,FALSE,TRUE,,FALSE,FALSE,FALSE,FALSE,FALSE,TRUE,FALSE,TRUE,,POINT (-73.9514111329059 40.797508587289705)
"-7,396,808,337,298","4,077,418,710,251",12H-PM-1007-08,12H,PM,10072018,8,,,,+,,Above Ground,7,in tree,FALSE,FALSE,FALSE,FALSE,FALSE,,FALSE,FALSE,FALSE,FALSE,FALSE,FALSE,FALSE,TRUE,,POINT (-73.9680833729772 40.7741871025115)
"-7,397,608,017,423","4,076,742,189,547",3E-AM-1006-04,03E,AM,10062018,4,Juvenile,Gray,,Gray+,,Ground Plane,FALSE,,FALSE,FALSE,FALSE,FALSE,TRUE,,FALSE,FALSE,FALSE,FALSE,FALSE,FALSE,FALSE,TRUE,,POINT (-73.9760801742337 40.7674218954729)
"-73,977,023,509","4,077,413,520,807",9A-AM-1013-02,09A,AM,10132018,2,Adult,Gray,Cinnamon,Gray+Cinnamon,,Ground Plane,FALSE,,FALSE,FALSE,FALSE,FALSE,TRUE,,FALSE,FALSE,FALSE,FALSE,FALSE,FALSE,TRUE,FALSE,,POINT (-73.9770235090023 40.774135208066)
"-7,395,618,876,245","4,079,581,874,558",38E-AM-1010-04,38E,AM,10102018,4,Adult,Gray,Cinnamon,Gray+Cinnamon,,Ground Plane,FALSE,,TRUE,FALSE,TRUE,FALSE,FALSE,,FALSE,FALSE,FALSE,TRUE,FALSE,FALSE,FALSE,TRUE,me,POINT (-73.95618876244711 40.7958187455815)
"-7,396,765,140,567","4,077,308,537,329",11H-AM-1010-01,11H,AM,10102018,1,Adult,Gray,White,Gray+White,,Above Ground,20,,FALSE,FALSE,TRUE,FALSE,FALSE,,FALSE,FALSE,FALSE,FALSE,FALSE,TRUE,FALSE,FALSE,started climbing down to me,POINT (-73.9676514056678 40.7730853732876)
"-7,396,810,931","4,077,317,539,154",11H-PM-1013-01,11H,PM,10132018,1,Adult,Gray,"Cinnamon, White","Gray+Cinnamon, White",,Ground Plane,FALSE,,FALSE,FALSE,FALSE,FALSE,FALSE,nut in mouth,FALSE,FALSE,FALSE,FALSE,FALSE,FALSE,TRUE,FALSE,,POINT (-73.9681093100008 40.7731753915361)
"-7,396,372,797,119","4,079,051,985,023",30B-AM-1007-09,30B,AM,10072018,9,Adult,Gray,,Gray+,,Above Ground,50,,FALSE,FALSE,TRUE,FALSE,FALSE,jumping b/w trees,FALSE,FALSE,FALSE,FALSE,FALSE,FALSE,FALSE,FALSE,,POINT (-73.9637279711853 40.7905198502307)
"-7,395,712,336,402","4,079,924,589,803",41B-PM-1014-04,41B,PM,10142018,4,Adult,Gray,Cinnamon,Gray+Cinnamon,,Above Ground,40,,FALSE,FALSE,TRUE,FALSE,FALSE,,FALSE,FALSE,FALSE,FALSE,FALSE,FALSE,FALSE,FALSE,climbing,POINT (-73.9571233640232 40.7992458980266)
"-7,396,989,590,718","4,077,167,637,993",9H-AM-1006-05,09H,AM,10062018,5,Adult,Gray,White,Gray+White,,Ground Plane,FALSE,,FALSE,FALSE,FALSE,TRUE,TRUE,,FALSE,FALSE,FALSE,FALSE,FALSE,FALSE,TRUE,FALSE,,POINT (-73.9698959071826 40.7716763799299)
"-7,397,080,024,614","4,077,266,852,848",10F-PM-1019-10,10F,PM,10192018,10,Adult,Gray,Cinnamon,Gray+Cinnamon,,Ground Plane,FALSE,Arbor path & hill w/ bushes,TRUE,FALSE,FALSE,TRUE,TRUE,,FALSE,FALSE,FALSE,FALSE,TRUE,FALSE,TRUE,FALSE,,POINT (-73.9708002461415 40.7726685284831)
"-7,395,789,248,826","4,078,980,629,782",32G-AM-1010-02,32G,AM,10102018,2,Adult,Gray,,Gray+,,Above Ground,13,,FALSE,FALSE,TRUE,TRUE,FALSE,,FALSE,FALSE,FALSE,FALSE,TRUE,FALSE,FALSE,TRUE,,POINT (-73.9578924882613 40.789806297824)
"-7,395,916,955,459","4,079,381,163,608",35D-PM-1013-08,35D,PM,10132018,8,Adult,Gray,White,Gray+White,,Ground Plane,FALSE,,FALSE,FALSE,FALSE,FALSE,TRUE,,FALSE,FALSE,FALSE,FALSE,FALSE,FALSE,TRUE,FALSE,,POINT (-73.9591695545875 40.7938116360767)
"-7,397,631,164,259","4,076,888,395,765",4D-PM-1008-03,04D,PM,10082018,3,Adult,Cinnamon,"Gray, White","Cinnamon+Gray, White",,Ground Plane,FALSE,,FALSE,FALSE,FALSE,TRUE,FALSE,,FALSE,FALSE,FALSE,FALSE,FALSE,FALSE,FALSE,TRUE,ran two feet up tree trunk,POINT (-73.9763116425885 40.7688839576487)
"-7,395,960,069,387","4,078,347,064,405",25I-PM-1007-07,25I,PM,10072018,7,Adult,Gray,,Gray+,,Above Ground,,playing very high in tree w/ #8,FALSE,FALSE,FALSE,FALSE,FALSE,,FALSE,FALSE,FALSE,FALSE,FALSE,FALSE,FALSE,FALSE,,POINT (-73.9596006938677 40.7834706440535)
"-7,396,098,856,868","4,079,611,086,403",37A-PM-1013-01,37A,PM,10132018,1,Adult,Gray,White,Gray+White,,Ground Plane,FALSE,,FALSE,FALSE,FALSE,FALSE,TRUE,,FALSE,FALSE,FALSE,FALSE,FALSE,FALSE,FALSE,FALSE,,POINT (-73.96098856868342 40.7961108640319)
"-739,670,429,586","4,077,843,707,194",17F-AM-1007-05,17F,AM,10072018,5,Juvenile,Cinnamon,Gray,Cinnamon+Gray,,Ground Plane,FALSE,,TRUE,FALSE,FALSE,TRUE,FALSE,,FALSE,FALSE,FALSE,TRUE,FALSE,FALSE,TRUE,FALSE,,POINT (-73.967042958599 40.7784370719371)
"-7,397,386,112,577","4,077,372,467,796",10D-AM-1008-01,10D,AM,10082018,1,Adult,Gray,White,Gray+White,,Ground Plane,FALSE,,FALSE,FALSE,FALSE,FALSE,TRUE,,TRUE,FALSE,FALSE,FALSE,TRUE,FALSE,FALSE,TRUE,,POINT (-73.9738611257716 40.7737246779587)
"-7,396,220,300,858","4,079,177,232,287",32B-AM-1017-01,32B,AM,10172018,1,Adult,Gray,Cinnamon,Gray+Cinnamon,,Above Ground,10,ran up a tree,TRUE,FALSE,FALSE,FALSE,TRUE,,FALSE,FALSE,FALSE,FALSE,FALSE,FALSE,FALSE,TRUE,,POINT (-73.9622030085794 40.7917723228749)
"-7,397,859,484,139","4,077,189,080,268",6A-PM-1012-01,06A,PM,10122018,1,Adult,Cinnamon,White,Cinnamon+White,,Ground Plane,FALSE,,FALSE,FALSE,TRUE,FALSE,TRUE,,FALSE,FALSE,FALSE,FALSE,FALSE,FALSE,FALSE,FALSE,,POINT (-73.9785948413883 40.7718908026758)
"-7,397,185,971,568","4,077,658,587,633",13C-PM-1019-04,13C,PM,10192018,4,Adult,Gray,,Gray+,,Ground Plane,FALSE,,TRUE,FALSE,FALSE,FALSE,FALSE,,FALSE,FALSE,FALSE,FALSE,FALSE,FALSE,FALSE,TRUE,,POINT (-73.9718597156773 40.7765858763313)
"-7,396,162,045,695","4,079,261,886,055",33B-PM-1010-01,33B,PM,10102018,1,Adult,Gray,,Gray+,,Ground Plane,FALSE,,FALSE,FALSE,FALSE,FALSE,TRUE,,FALSE,FALSE,FALSE,FALSE,FALSE,FALSE,TRUE,FALSE,,POINT (-73.9616204569548 40.7926188605509)
"-739,772,053,787","4,076,639,065,733",1E-PM-1007-02,01E,PM,10072018,2,Adult,Gray,,Gray+,,Ground Plane,FALSE,,FALSE,FALSE,FALSE,FALSE,TRUE,,FALSE,FALSE,FALSE,FALSE,FALSE,FALSE,FALSE,FALSE,,POINT (-73.9772053786965 40.7663906573332)
"-739,666,195,119","4,078,392,167,394",22C-PM-1006-10,22C,PM,10062018,10,Adult,Gray,,Gray+,,Above Ground,13,,FALSE,FALSE,TRUE,FALSE,FALSE,,TRUE,FALSE,FALSE,FALSE,FALSE,FALSE,FALSE,FALSE,,POINT (-73.9666195118963 40.78392167393571)
"-7,396,847,582,451","407,858,531,619",24A-PM-1007-02,24A,PM,10072018,2,Adult,Gray,,Gray+,,Ground Plane,FALSE,,TRUE,FALSE,FALSE,FALSE,FALSE,,FALSE,FALSE,FALSE,FALSE,FALSE,FALSE,TRUE,FALSE,,POINT (-73.9684758245091 40.7858531619022)
"-7,397,063,234,588","4,077,131,960,343",9G-PM-1007-03,09G,PM,10072018,3,Adult,Cinnamon,Gray,Cinnamon+Gray,,Ground Plane,FALSE,,TRUE,FALSE,TRUE,FALSE,FALSE,,FALSE,FALSE,FALSE,FALSE,FALSE,FALSE,TRUE,FALSE,,POINT (-73.9706323458769 40.771319603426505)
"-7,396,994,511,964","4,077,104,099,827",9H-PM-1018-02,09H,PM,10182018,2,Adult,Gray,"Cinnamon, White","Gray+Cinnamon, White",,Ground Plane,FALSE,,FALSE,FALSE,FALSE,FALSE,TRUE,,FALSE,FALSE,FALSE,FALSE,FALSE,FALSE,TRUE,FALSE,,POINT (-73.9699451196396 40.7710409982701)
"-7,397,614,477,915","407,690,147,874",4D-PM-1008-02,04D,PM,10082018,2,Adult,Cinnamon,"Gray, White","Cinnamon+Gray, White",,Ground Plane,FALSE,,FALSE,FALSE,FALSE,TRUE,FALSE,,FALSE,FALSE,FALSE,FALSE,FALSE,FALSE,TRUE,FALSE,,POINT (-73.9761447791484 40.7690147873986)
"-7,397,008,790,966","4,077,658,997,248",14E-PM-1017-05,14E,PM,10172018,5,Adult,Gray,White,Gray+White,,Ground Plane,FALSE,,FALSE,FALSE,FALSE,TRUE,FALSE,,FALSE,FALSE,FALSE,FALSE,FALSE,FALSE,FALSE,TRUE,,POINT (-73.9700879096644 40.7765899724756)
"-7,397,179,203,223","4,077,630,953,937",13D-AM-1014-10,13D,AM,10142018,10,Adult,Gray,Cinnamon,Gray+Cinnamon,,Ground Plane,FALSE,,FALSE,FALSE,FALSE,FALSE,TRUE,,FALSE,FALSE,FALSE,FALSE,FALSE,TRUE,FALSE,FALSE,,POINT (-73.9717920322306 40.7763095393715)
"-7,397,025,889,814","4,077,661,075,429",14E-AM-1008-08,14E,AM,10082018,8,Adult,Gray,,Gray+,,Ground Plane,FALSE,,TRUE,TRUE,FALSE,FALSE,TRUE,,FALSE,FALSE,FALSE,FALSE,FALSE,FALSE,FALSE,TRUE,,POINT (-73.9702588981432 40.776610754288)
"-739,533,923,918","4,079,617,018,748",40G-AM-1007-01,40G,AM,10072018,1,Adult,Gray,Cinnamon,Gray+Cinnamon,,Above Ground,25,large tree,FALSE,FALSE,TRUE,TRUE,FALSE,,FALSE,FALSE,FALSE,FALSE,FALSE,FALSE,TRUE,FALSE,,POINT (-73.9533923917973 40.7961701874769)
"-7,397,730,967,186","4,077,380,538,625",8A-AM-1013-06,08A,AM,10132018,6,Juvenile,Gray,Cinnamon,Gray+Cinnamon,,Ground Plane,FALSE,,TRUE,FALSE,FALSE,FALSE,FALSE,,FALSE,FALSE,FALSE,FALSE,FALSE,FALSE,FALSE,TRUE,,POINT (-73.9773096718574 40.7738053862489)
"-7,397,388,173,882","4,077,127,093,661",7E-AM-1006-01,07E,AM,10062018,1,Adult,Gray,,Gray+,,Ground Plane,FALSE,under a tree,FALSE,FALSE,FALSE,TRUE,FALSE,,FALSE,FALSE,FALSE,FALSE,FALSE,FALSE,FALSE,FALSE,,POINT (-73.9738817388158 40.7712709366093)
"-7,395,328,383,384","4,079,311,126,746",37H-AM-1018-01,37H,AM,10182018,1,Adult,Gray,,Gray+,,Ground Plane,FALSE,Right behind fence of the conservatory,FALSE,FALSE,FALSE,FALSE,TRUE,,FALSE,FALSE,FALSE,FALSE,FALSE,FALSE,TRUE,FALSE,,POINT (-73.9532838338416 40.7931112674583)
"-739,654,093,844","4,078,068,963,685",20F-PM-1007-09,20F,PM,10072018,9,Adult,Cinnamon,Gray,Cinnamon+Gray,,Ground Plane,FALSE,,TRUE,FALSE,FALSE,FALSE,FALSE,,FALSE,FALSE,FALSE,FALSE,FALSE,TRUE,FALSE,FALSE,,POINT (-73.9654093844049 40.7806896368469)
"-7,397,365,437,906","4,076,514,441,884",1H-AM-1012-02,01H,AM,10122018,2,Adult,Gray,"Cinnamon, White","Gray+Cinnamon, White",,Ground Plane,FALSE,,TRUE,FALSE,FALSE,FALSE,FALSE,,FALSE,FALSE,FALSE,FALSE,FALSE,FALSE,FALSE,FALSE,,POINT (-73.9736543790582 40.7651444188432)
"-7,395,681,438,712","4,078,990,017",32G-AM-1010-01,32G,AM,10102018,1,Adult,Gray,,Gray+,,Ground Plane,FALSE,,FALSE,FALSE,FALSE,FALSE,TRUE,,FALSE,FALSE,FALSE,FALSE,FALSE,FALSE,TRUE,FALSE,,POINT (-73.9568143871234 40.7899001700041)
"-7,397,015,962,687","4,077,021,066,073",8H-PM-1014-09,08H,PM,10142018,9,Adult,Gray,Cinnamon,Gray+Cinnamon,,Ground Plane,FALSE,,FALSE,FALSE,FALSE,FALSE,TRUE,,FALSE,FALSE,FALSE,FALSE,FALSE,FALSE,TRUE,FALSE,,POINT (-73.9701596268736 40.7702106607329)
"-7,396,374,158,932","4,078,981,403,635",29B-AM-1007-01,29B,AM,10072018,1,Adult,Gray,,Gray+,,Ground Plane,FALSE,,TRUE,FALSE,FALSE,FALSE,FALSE,,FALSE,FALSE,FALSE,FALSE,FALSE,FALSE,FALSE,FALSE,,POINT (-73.9637415893182 40.7898140363534)
"-7,397,179,185,488","4,078,029,717,298",17B-PM-1012-01,17B,PM,10122018,1,Adult,Gray,,Gray+,,Above Ground,2,climbed a fence,TRUE,FALSE,FALSE,FALSE,TRUE,,FALSE,FALSE,FALSE,FALSE,FALSE,FALSE,FALSE,TRUE,,POINT (-73.971791854883 40.7802971729784)
"-7,396,997,636,678","407,757,060,731",13E-PM-1008-11,13E,PM,10082018,11,Adult,Gray,White,Gray+White,,Ground Plane,FALSE,,FALSE,FALSE,FALSE,TRUE,TRUE,,FALSE,FALSE,FALSE,FALSE,FALSE,FALSE,TRUE,FALSE,,POINT (-73.9699763667769 40.775706073102604)
"-73,954,795,927","4,079,251,629,263",36H-PM-1008-01,36H,PM,10082018,1,Adult,Gray,White,Gray+White,white belly,Above Ground,20,,TRUE,FALSE,TRUE,FALSE,TRUE,,TRUE,TRUE,FALSE,FALSE,FALSE,FALSE,TRUE,FALSE,,POINT (-73.9547959269955 40.7925162926273)
"-7,396,584,435,488","407,796,704,899",19F-AM-1007-03,19F,AM,10072018,3,Juvenile,Cinnamon,,Cinnamon+,,Ground Plane,FALSE,,FALSE,FALSE,FALSE,TRUE,TRUE,,FALSE,FALSE,FALSE,FALSE,FALSE,FALSE,FALSE,FALSE,scared,POINT (-73.9658443548822 40.7796704898979)
"-7,396,065,706,156","4,079,561,507,441",36A-PM-1013-08,36A,PM,10132018,8,,Gray,,Gray+,,Ground Plane,FALSE,"""FIELD""",TRUE,FALSE,FALSE,FALSE,FALSE,running from #7,FALSE,FALSE,FALSE,FALSE,FALSE,FALSE,FALSE,TRUE,,POINT (-73.960657061561 40.7956150744102)
"-7,395,811,737,309","4,079,547,721,705",37D-PM-1014-08,37D,PM,10142018,8,Adult,Gray,Cinnamon,Gray+Cinnamon,,Ground Plane,FALSE,,FALSE,FALSE,FALSE,FALSE,TRUE,,FALSE,FALSE,FALSE,FALSE,FALSE,FALSE,FALSE,TRUE,,POINT (-73.9581173730857 40.7954772170549)
"-7,395,865,277,218","4,079,088,311,106",32F-PM-1008-08,32F,PM,10082018,8,Adult,Gray,White,Gray+White,,Ground Plane,FALSE,,TRUE,TRUE,FALSE,FALSE,TRUE,,FALSE,FALSE,FALSE,FALSE,FALSE,FALSE,TRUE,FALSE,,POINT (-73.9586527721822 40.7908831110561)
"-7,396,138,622,513","4,079,128,216,972",32C-AM-1014-03,32C,AM,10142018,3,Adult,Gray,,Gray+,,Above Ground,3,,FALSE,TRUE,TRUE,FALSE,FALSE,,FALSE,FALSE,FALSE,FALSE,FALSE,FALSE,FALSE,FALSE,,POINT (-73.9613862251332 40.791282169715)
"-7,397,461,330,581","4,077,606,465,541",11B-PM-1014-04,11B,PM,10142018,4,,Gray,,Gray+,,Ground Plane,FALSE,,FALSE,FALSE,FALSE,FALSE,TRUE,jumping,FALSE,FALSE,FALSE,FALSE,FALSE,FALSE,FALSE,FALSE,,POINT (-73.9746133058077 40.776064655410906)
"-7,396,239,227,739","4,078,149,444,283",22H-PM-1007-04,22H,PM,10072018,4,Adult,Cinnamon,Gray,Cinnamon+Gray,,Ground Plane,FALSE,,TRUE,FALSE,FALSE,FALSE,FALSE,,FALSE,FALSE,FALSE,FALSE,FALSE,FALSE,FALSE,FALSE,,POINT (-73.9623922773932 40.7814944428327)
"-7,397,314,571,029","4,076,602,553,932",2H-AM-1006-03,02H,AM,10062018,3,Adult,Gray,"Cinnamon, White","Gray+Cinnamon, White",,Ground Plane,FALSE,,TRUE,FALSE,FALSE,FALSE,FALSE,,FALSE,FALSE,FALSE,FALSE,FALSE,FALSE,TRUE,FALSE,,POINT (-73.9731457102903 40.7660255393205)
"-7,397,154,668,503","4,076,955,849,335",6H-PM-1020-03,06H,PM,10202018,3,Adult,Gray,Cinnamon,Gray+Cinnamon,Gray & Cinnamon selected as Primary. Nothing selected as Highlights. Made executive adjustments.,Ground Plane,FALSE,,FALSE,FALSE,FALSE,TRUE,TRUE,,FALSE,FALSE,FALSE,FALSE,FALSE,FALSE,FALSE,TRUE,runs from (kids kicking the fence),POINT (-73.9715466850324 40.7695584933538)
"-7,396,210,667,189","4,079,424,270,797",34A-AM-1012-03,34A,AM,10122018,3,Adult,Gray,,Gray+,,Ground Plane,FALSE,,TRUE,FALSE,FALSE,TRUE,TRUE,,FALSE,FALSE,FALSE,FALSE,FALSE,FALSE,FALSE,TRUE,,POINT (-73.9621066718851 40.7942427079733)
"-7,396,310,454,998","4,079,061,809,695",30B-PM-1019-04,30B,PM,10192018,4,Adult,Gray,"Cinnamon, White","Gray+Cinnamon, White",,Ground Plane,FALSE,,TRUE,FALSE,TRUE,TRUE,TRUE,,FALSE,FALSE,FALSE,FALSE,FALSE,FALSE,FALSE,TRUE,,POINT (-73.9631045499811 40.7906180969472)
"-7,397,083,010,709","4,078,202,009,275",19A-PM-1013-01,19A,PM,10132018,1,Adult,Gray,White,Gray+White,,Ground Plane,FALSE,,FALSE,FALSE,FALSE,FALSE,TRUE,planting acorns,FALSE,FALSE,FALSE,FALSE,FALSE,FALSE,TRUE,FALSE,,POINT (-73.9708301070924 40.7820200927465)
"-739,583,175,818","4,079,165,666,832",33E-AM-1014-12,33E,AM,10142018,12,Adult,Gray,White,Gray+White,,Above Ground,15,,FALSE,FALSE,FALSE,FALSE,FALSE,sleeping,FALSE,FALSE,FALSE,FALSE,FALSE,FALSE,FALSE,FALSE,asleep,POINT (-73.958317581802 40.7916566683158)
"-7,396,839,940,647","4,077,107,655,008",9I-AM-1014-06,09I,AM,10142018,6,Adult,Cinnamon,White,Cinnamon+White,,Ground Plane,FALSE,,FALSE,FALSE,TRUE,FALSE,TRUE,,FALSE,FALSE,FALSE,FALSE,FALSE,FALSE,TRUE,FALSE,,POINT (-73.96839940647311 40.7710765500799)
"-7,396,897,818,439","4,077,093,338,338",9I-PM-1010-04,09I,PM,10102018,4,Adult,Cinnamon,Gray,Cinnamon+Gray,,Ground Plane,FALSE,,FALSE,FALSE,FALSE,FALSE,TRUE,,FALSE,FALSE,FALSE,FALSE,FALSE,FALSE,FALSE,TRUE,,POINT (-73.9689781843873 40.7709333833783)
"-7,397,735,293,685","4,077,287,506,857",7B-AM-1008-12,07B,AM,10082018,12,Adult,Gray,,Gray+,,Ground Plane,FALSE,,TRUE,FALSE,FALSE,FALSE,FALSE,,FALSE,FALSE,FALSE,FALSE,FALSE,FALSE,TRUE,FALSE,,POINT (-73.9773529368499 40.7728750685699)
"-7,397,035,767,623","4,077,140,364,877",9H-PM-1018-09,09H,PM,10182018,9,Adult,Gray,,Gray+,,Ground Plane,FALSE,,FALSE,FALSE,FALSE,TRUE,TRUE,,FALSE,FALSE,FALSE,FALSE,FALSE,FALSE,FALSE,FALSE,,POINT (-73.97035767623 40.7714036487747)
"-7,397,839,259,115","4,076,689,933,982",1D-PM-1007-04,01D,PM,10072018,4,Adult,Cinnamon,Gray,Cinnamon+Gray,,Ground Plane,FALSE,,FALSE,FALSE,FALSE,FALSE,TRUE,,FALSE,FALSE,FALSE,FALSE,FALSE,FALSE,TRUE,FALSE,,POINT (-73.978392591149 40.7668993398193)
"-7,397,045,910,917","4,077,291,751,434",10G-AM-1006-02,10G,AM,10062018,2,Adult,Gray,Cinnamon,Gray+Cinnamon,notch on tail,Ground Plane,FALSE,,TRUE,FALSE,FALSE,FALSE,TRUE,,FALSE,FALSE,FALSE,FALSE,FALSE,FALSE,FALSE,TRUE,,POINT (-73.9704591091677 40.7729175143429)
"-7,397,059,770,599","4,077,604,131,823",13E-AM-1017-09,13E,AM,10172018,9,Adult,Gray,,Gray+,,Ground Plane,FALSE,,FALSE,FALSE,FALSE,FALSE,TRUE,,FALSE,FALSE,FALSE,FALSE,FALSE,FALSE,FALSE,FALSE,,POINT (-73.9705977059862 40.776041318227605)
"-7,397,403,811,941","4,076,759,125,882",4G-PM-1007-01,04G,PM,10072018,1,Adult,Gray,"Cinnamon, White","Gray+Cinnamon, White",,Ground Plane,FALSE,,FALSE,FALSE,FALSE,FALSE,TRUE,,FALSE,FALSE,FALSE,FALSE,FALSE,FALSE,TRUE,FALSE,,POINT (-73.9740381194088 40.7675912588173)
"-7,397,646,018,829","4,076,607,044,664",1F-AM-1010-05,01F,AM,10102018,5,Adult,Gray,,Gray+,,Ground Plane,FALSE,,FALSE,FALSE,FALSE,TRUE,FALSE,,FALSE,FALSE,FALSE,FALSE,FALSE,FALSE,TRUE,FALSE,,POINT (-73.9764601882854 40.766070446642)
"-7,396,123,494,215","4,079,595,864,757",36A-PM-1013-09,36A,PM,10132018,9,,Gray,,Gray+,,Ground Plane,FALSE,THICK UNDERGROWTH,TRUE,FALSE,FALSE,FALSE,FALSE,,FALSE,FALSE,FALSE,FALSE,TRUE,FALSE,FALSE,TRUE,,POINT (-73.9612349421547 40.7959586475744)
"-7,397,098,177,964","4,077,735,543,116",14D-PM-1019-07,14D,PM,10192018,7,Adult,Gray,,Gray+,,Ground Plane,FALSE,,FALSE,FALSE,FALSE,TRUE,FALSE,,FALSE,FALSE,FALSE,FALSE,FALSE,FALSE,FALSE,TRUE,,POINT (-73.9709817796369 40.7773554311586)
"-7,396,731,601,654","4,077,661,580,012",15G-PM-1019-12,15G,PM,10192018,12,Adult,Gray,,Gray+,,Above Ground,4,,FALSE,FALSE,TRUE,FALSE,FALSE,,FALSE,FALSE,FALSE,FALSE,FALSE,FALSE,FALSE,FALSE,stared,POINT (-73.9673160165357 40.7766158001202)
"-7,396,764,245,997","4,077,777,661,068",16F-AM-1008-01,16F,AM,10082018,1,Adult,Cinnamon,"Gray, White","Cinnamon+Gray, White",,Ground Plane,FALSE,near fence,FALSE,FALSE,FALSE,FALSE,TRUE,,FALSE,FALSE,FALSE,FALSE,TRUE,TRUE,FALSE,FALSE,,POINT (-73.9676424599715 40.7777766106807)
"-7,396,415,520,708","4,079,084,795,279",30B-AM-1007-05,30B,AM,10072018,5,Adult,Gray,,Gray+,,Above Ground,10,,TRUE,FALSE,FALSE,FALSE,FALSE,,FALSE,FALSE,FALSE,FALSE,FALSE,FALSE,FALSE,FALSE,,POINT (-73.9641552070803 40.7908479527923)
"-739,672,950,266","4,077,824,775,176",17F-PM-1020-01,17F,PM,10202018,1,Adult,Gray,Cinnamon,Gray+Cinnamon,,Above Ground,7,,FALSE,FALSE,TRUE,FALSE,FALSE,,FALSE,FALSE,FALSE,FALSE,FALSE,FALSE,FALSE,TRUE,,POINT (-73.9672950266018 40.7782477517567)
"-7,396,817,222,448","4,078,355,982,628",22B-PM-1014-07,22B,PM,10142018,7,Adult,Gray,Cinnamon,Gray+Cinnamon,,Ground Plane,FALSE,,FALSE,FALSE,FALSE,FALSE,FALSE,,FALSE,FALSE,FALSE,FALSE,TRUE,FALSE,TRUE,FALSE,,POINT (-73.9681722244801 40.783559826281)
"-739,784,009,387","4,076,774,119,119",2C-PM-1013-03,02C,PM,10132018,3,Adult,Gray,White,Gray+White,,Ground Plane,FALSE,,FALSE,FALSE,FALSE,TRUE,FALSE,,FALSE,FALSE,FALSE,FALSE,FALSE,FALSE,FALSE,FALSE,,POINT (-73.978400938697 40.7677411911854)
"-7,396,498,278,073","4,078,173,228,328",21F-AM-1018-06,21F,AM,10182018,6,Adult,Cinnamon,Gray,Cinnamon+Gray,,Ground Plane,FALSE,,TRUE,FALSE,FALSE,FALSE,FALSE,,FALSE,FALSE,FALSE,FALSE,TRUE,FALSE,FALSE,TRUE,,POINT (-73.9649827807341 40.7817322832767)
"-7,397,870,401,925","4,076,790,102,473",2C-AM-1010-06,02C,AM,10102018,6,Adult,Gray,,Gray+,,Ground Plane,FALSE,,FALSE,FALSE,FALSE,FALSE,FALSE,stood still & watched me then jumped on a fence and ran away,FALSE,FALSE,FALSE,FALSE,FALSE,FALSE,TRUE,TRUE,,POINT (-73.9787040192473 40.7679010247281)
"-7,396,030,310,596","4,079,436,677,357",35C-PM-1013-05,35C,PM,10132018,5,Adult,Gray,Cinnamon,Gray+Cinnamon,,Ground Plane,FALSE,,FALSE,FALSE,FALSE,FALSE,TRUE,,FALSE,FALSE,FALSE,FALSE,FALSE,FALSE,FALSE,FALSE,,POINT (-73.9603031059614 40.7943667735668)
"-7,396,296,155,944","4,079,241,764,258",32B-PM-1010-06,32B,PM,10102018,6,Adult,Gray,,Gray+,,Ground Plane,FALSE,,FALSE,FALSE,FALSE,FALSE,TRUE,,FALSE,FALSE,FALSE,FALSE,FALSE,FALSE,TRUE,FALSE,,POINT (-73.9629615594409 40.7924176425827)
"-7,396,356,890,598","4,079,016,343,492",30B-PM-1019-03,30B,PM,10192018,3,Adult,Gray,Black,Gray+Black,,Above Ground,10,,FALSE,FALSE,TRUE,FALSE,FALSE,,FALSE,FALSE,FALSE,FALSE,FALSE,FALSE,FALSE,FALSE,,POINT (-73.9635689059841 40.790163434915)
"-7,397,080,835,875","4,078,254,294,416",19A-PM-1013-03,19A,PM,10132018,3,Adult,Gray,,Gray+,,Ground Plane,FALSE,,FALSE,FALSE,FALSE,TRUE,TRUE,,FALSE,FALSE,FALSE,FALSE,FALSE,FALSE,TRUE,FALSE,,POINT (-73.9708083587471 40.7825429441583)
"-7,397,724,226,647","4,077,343,632,916",8A-AM-1013-02,08A,AM,10132018,2,Juvenile,Gray,Cinnamon,Gray+Cinnamon,,Ground Plane,FALSE,playground,TRUE,FALSE,FALSE,FALSE,FALSE,,FALSE,FALSE,FALSE,FALSE,FALSE,FALSE,FALSE,TRUE,,POINT (-73.9772422664657 40.773436329163)
"-739,718,553,362","4,077,485,847,988",11D-AM-1010-05,11D,AM,10102018,5,Adult,Gray,Cinnamon,Gray+Cinnamon,,Ground Plane,FALSE,,FALSE,FALSE,FALSE,TRUE,TRUE,,FALSE,FALSE,FALSE,FALSE,FALSE,FALSE,TRUE,FALSE,,POINT (-73.9718553361982 40.7748584798761)
"-7,396,988,435,074","4,078,037,541,876",18C-PM-1018-02,18C,PM,10182018,2,Juvenile,Gray,Cinnamon,Gray+Cinnamon,,Ground Plane,FALSE,,TRUE,FALSE,FALSE,FALSE,TRUE,,FALSE,FALSE,FALSE,FALSE,FALSE,FALSE,FALSE,FALSE,,POINT (-73.9698843507358 40.7803754187581)
"-7,397,031,498,294","4,077,855,836,303",16D-AM-1007-01,16D,AM,10072018,1,Adult,Gray,White,Gray+White,,Above Ground,3,,FALSE,FALSE,TRUE,TRUE,FALSE,,FALSE,FALSE,FALSE,FALSE,FALSE,FALSE,FALSE,TRUE,,POINT (-73.9703149829421 40.7785583630323)
"-7,397,908,967,752","4,076,880,486,449",3B-AM-1010-10,03B,AM,10102018,10,Adult,Cinnamon,"Gray, White","Cinnamon+Gray, White",,Ground Plane,FALSE,,FALSE,FALSE,FALSE,TRUE,TRUE,,FALSE,FALSE,FALSE,FALSE,FALSE,FALSE,TRUE,FALSE,,POINT (-73.9790896775237 40.7688048644871)
"-7,396,005,462,945","4,079,149,691,658",33D-AM-1017-03,33D,AM,10172018,3,Adult,Gray,,Gray+,,Ground Plane,FALSE,,FALSE,FALSE,FALSE,FALSE,TRUE,,FALSE,FALSE,FALSE,FALSE,FALSE,TRUE,TRUE,FALSE,,POINT (-73.9600546294497 40.7914969165757)
"-7,398,094,829,361","4,076,856,888,506",2A-PM-1019-04,02A,PM,10192018,4,Juvenile,Gray,White,Gray+White,,Above Ground,15,in tree!,TRUE,FALSE,FALSE,FALSE,FALSE,,FALSE,FALSE,FALSE,FALSE,FALSE,FALSE,TRUE,FALSE,,POINT (-73.980948293606 40.7685688850628)
"-7,398,051,370,468","407,692,751,438",2A-AM-1010-08,02A,AM,10102018,8,Adult,Gray,,Gray+,Nothing selected as Primary. Gray selected as Highlights. Made executive adjustments.,Ground Plane,FALSE,,TRUE,FALSE,FALSE,FALSE,TRUE,,FALSE,FALSE,FALSE,FALSE,TRUE,FALSE,FALSE,FALSE,,POINT (-73.9805137046778 40.769275143797)
"-7,398,019,859,778","4,076,801,595,117",1B-AM-1012-11,01B,AM,10122018,11,Adult,Cinnamon,White,Cinnamon+White,,Ground Plane,FALSE,,FALSE,FALSE,FALSE,TRUE,FALSE,fighting w/ pigeons,FALSE,FALSE,FALSE,FALSE,FALSE,FALSE,TRUE,FALSE,,POINT (-73.9801985977846 40.7680159511705)
"-7,396,720,704,237","4,078,333,735,489",22C-PM-1006-02,22C,PM,10062018,2,Adult,Gray,,Gray+,,Ground Plane,FALSE,,TRUE,FALSE,FALSE,FALSE,FALSE,,FALSE,TRUE,FALSE,FALSE,FALSE,FALSE,FALSE,FALSE,,POINT (-73.9672070423666 40.783337354891)
"-7,396,455,475,568","4,077,687,700,708",16I-AM-1008-04,16I,AM,10082018,4,Juvenile,Cinnamon,Gray,Cinnamon+Gray,,Above Ground,9,tree hollow,FALSE,FALSE,FALSE,FALSE,FALSE,in hollow,FALSE,FALSE,FALSE,FALSE,FALSE,FALSE,FALSE,FALSE,curious,POINT (-73.9645547556826 40.776877007081)
"-7,396,708,508,056","4,078,337,478,104",22C-PM-1006-01,22C,PM,10062018,1,Juvenile,Gray,,Gray+,,Ground Plane,FALSE,,TRUE,TRUE,FALSE,FALSE,FALSE,for food,FALSE,TRUE,FALSE,FALSE,FALSE,FALSE,FALSE,FALSE,,POINT (-73.9670850805619 40.7833747810387)
"-7,395,582,687,318","4,079,520,741,938",38E-PM-1014-04,38E,PM,10142018,4,Adult,Gray,,Gray+,,Ground Plane,FALSE,THICK UNDERGROWTH,FALSE,FALSE,FALSE,FALSE,TRUE,,FALSE,FALSE,FALSE,FALSE,FALSE,FALSE,FALSE,TRUE,,POINT (-73.9558268731771 40.7952074193788)
"-7,396,862,962,179","4,077,181,230,888",10H-AM-1014-02,10H,AM,10142018,2,Juvenile,Cinnamon,,Cinnamon+,,Above Ground,6,,TRUE,FALSE,FALSE,FALSE,FALSE,,FALSE,FALSE,FALSE,FALSE,FALSE,FALSE,FALSE,FALSE,,POINT (-73.9686296217893 40.771812308875)
"-739,635,317,823","4,078,213,520,802",22G-AM-1018-01,22G,AM,10182018,1,Adult,Gray,Cinnamon,Gray+Cinnamon,,Ground Plane,FALSE,,FALSE,TRUE,FALSE,FALSE,FALSE,,TRUE,FALSE,FALSE,TRUE,FALSE,FALSE,TRUE,FALSE,,POINT (-73.9635317822977 40.7821352080233)
"-7,395,530,381,626","4,079,093,677,832",34H-PM-1006-04,34H,PM,10062018,4,,Gray,Cinnamon,Gray+Cinnamon,,Above Ground,,Elm tree,FALSE,FALSE,FALSE,FALSE,FALSE,,FALSE,FALSE,FALSE,FALSE,FALSE,FALSE,FALSE,FALSE,,POINT (-73.9553038162633 40.790936778322305)
"-7,396,365,514,332","4,079,015,728,188",30B-PM-1019-02,30B,PM,10192018,2,Adult,Gray,"Black, Cinnamon, White","Gray+Black, Cinnamon, White",,Ground Plane,FALSE,,FALSE,TRUE,FALSE,TRUE,TRUE,,FALSE,FALSE,FALSE,FALSE,TRUE,FALSE,FALSE,TRUE,,POINT (-73.9636551433178 40.7901572818776)
"-73,968,972,359","4,077,568,609,903",13F-AM-1007-01,13F,AM,10072018,1,Adult,Gray,Cinnamon,Gray+Cinnamon,,Above Ground,20,,FALSE,FALSE,TRUE,FALSE,FALSE,,FALSE,FALSE,FALSE,FALSE,FALSE,FALSE,TRUE,FALSE,,POINT (-73.9689723590015 40.7756860990338)
"-7,397,191,114,702","4,077,587,898,555",12D-AM-1013-02,12D,AM,10132018,2,Adult,Gray,,Gray+,,Above Ground,7,Was on top of the edge of Bow Bridge,FALSE,FALSE,FALSE,FALSE,FALSE,jumped off,FALSE,FALSE,FALSE,TRUE,FALSE,FALSE,FALSE,TRUE,,POINT (-73.9719111470164 40.7758789855474)
"-7,397,555,691,706","4,076,680,069,775",2F-AM-1006-03,02F,AM,10062018,3,Adult,Gray,Cinnamon,Gray+Cinnamon,,Above Ground,25,in tree,FALSE,FALSE,TRUE,FALSE,FALSE,,FALSE,FALSE,FALSE,FALSE,FALSE,FALSE,FALSE,FALSE,,POINT (-73.9755569170561 40.7668006977526)
"-739,695,538,963","4,077,098,849,293",9H-PM-1018-04,09H,PM,10182018,4,Adult,Gray,,Gray+,,Ground Plane,FALSE,,FALSE,FALSE,FALSE,FALSE,TRUE,,FALSE,FALSE,FALSE,FALSE,FALSE,FALSE,FALSE,FALSE,,POINT (-73.969553896295 40.7709884929277)
"-7,396,944,680,445","4,077,036,088,604",8I-PM-1013-05,08I,PM,10132018,5,Adult,Gray,"Cinnamon, White","Gray+Cinnamon, White",,Ground Plane,FALSE,,FALSE,FALSE,FALSE,FALSE,TRUE,,FALSE,FALSE,FALSE,FALSE,FALSE,FALSE,TRUE,FALSE,,POINT (-73.9694468044483 40.770360886038)
"-7,397,203,470,893","407,727,750,272",9E-PM-1014-01,09E,PM,10142018,1,Adult,Gray,Cinnamon,Gray+Cinnamon,,Ground Plane,FALSE,Gathering/digging in grassy area b/w trees,FALSE,FALSE,FALSE,FALSE,TRUE,looked like it was smelling/digging in the ground,FALSE,FALSE,FALSE,FALSE,TRUE,FALSE,TRUE,FALSE,indifferent (was in a grassy area with no humans nearby),POINT (-73.9720347089273 40.7727750272024)
"-7,396,912,935,464","4,077,032,190,765",8I-AM-1006-11,08I,AM,10062018,11,Adult,Gray,,Gray+,,Above Ground,50,tree,FALSE,TRUE,FALSE,FALSE,FALSE,,FALSE,FALSE,FALSE,FALSE,FALSE,FALSE,TRUE,FALSE,,POINT (-73.9691293546408 40.77032190765491)
"-7,395,520,350,119","4,078,898,518,963",32I-AM-1013-06,32I,AM,10132018,6,Adult,Cinnamon,Gray,Cinnamon+Gray,,Above Ground,3,In and below shrub,FALSE,FALSE,TRUE,FALSE,TRUE,,FALSE,FALSE,FALSE,TRUE,FALSE,FALSE,TRUE,FALSE,,POINT (-73.9552035011902 40.7889851896334)
"-7,396,953,055,554","407,757,541,971",13F-PM-1008-03,13F,PM,10082018,3,Adult,Gray,,Gray+,,Above Ground,15,tree,FALSE,FALSE,FALSE,TRUE,TRUE,,FALSE,FALSE,FALSE,FALSE,FALSE,FALSE,TRUE,FALSE,,POINT (-73.9695305555392 40.7757541971012)
"-739,704,269,631","4,077,229,646,403",10G-AM-1006-09,10G,AM,10062018,9,Adult,Gray,White,Gray+White,,Ground Plane,FALSE,,TRUE,FALSE,FALSE,FALSE,FALSE,,FALSE,FALSE,FALSE,TRUE,FALSE,FALSE,FALSE,TRUE,,POINT (-73.9704269630964 40.7722964640257)
"-7,397,016,933,635","4,077,054,525,298",8H-AM-1017-05,08H,AM,10172018,5,Adult,Gray,Cinnamon,Gray+Cinnamon,,Above Ground,6,,TRUE,FALSE,FALSE,TRUE,TRUE,,FALSE,FALSE,FALSE,FALSE,FALSE,FALSE,TRUE,FALSE,,POINT (-73.97016933635001 40.7705452529783)
"-7,397,186,968,288","4,077,892,698,888",15B-AM-1014-03,15B,AM,10142018,3,Juvenile,Gray,Cinnamon,Gray+Cinnamon,,Ground Plane,FALSE,,TRUE,FALSE,FALSE,TRUE,TRUE,running (from a dog),FALSE,FALSE,FALSE,FALSE,FALSE,FALSE,TRUE,FALSE,,POINT (-73.97186968288 40.778926988884)
"-7,395,488,534,927","4,079,847,835,844",41D-PM-1014-04,41D,PM,10142018,4,Adult,Gray,Cinnamon,Gray+Cinnamon,,Above Ground,30,,FALSE,FALSE,TRUE,FALSE,FALSE,jumping tree to tree,FALSE,FALSE,FALSE,FALSE,FALSE,FALSE,FALSE,FALSE,,POINT (-73.9548853492712 40.7984783584388)
"-7,397,608,800,702","4,077,110,578,279",6C-PM-1020-04,06C,PM,10202018,4,Adult,Gray,,Gray+,,Ground Plane,FALSE,,FALSE,FALSE,FALSE,TRUE,FALSE,,FALSE,FALSE,FALSE,FALSE,FALSE,FALSE,TRUE,FALSE,,POINT (-73.9760880070186 40.7711057827923)
"-739,521,514,669","4,079,495,151,828",39H-PM-1013-03,39H,PM,10132018,3,Juvenile,Gray,"Cinnamon, White","Gray+Cinnamon, White",,Ground Plane,FALSE,,FALSE,FALSE,FALSE,FALSE,TRUE,,FALSE,FALSE,FALSE,FALSE,FALSE,TRUE,TRUE,TRUE,,POINT (-73.9521514669041 40.7949515182825)
"-7,397,635,066,124","4,077,161,139,318",7C-PM-1020-05,07C,PM,10202018,5,Juvenile,Gray,Cinnamon,Gray+Cinnamon,,Ground Plane,FALSE,,FALSE,FALSE,FALSE,TRUE,FALSE,,FALSE,FALSE,FALSE,FALSE,FALSE,FALSE,FALSE,FALSE,,POINT (-73.9763506612375 40.771611393182)
"-7,397,109,511,496","4,077,250,124,501",10F-PM-1019-04,10F,PM,10192018,4,Adult,Black,,Black+,,Ground Plane,FALSE,"Behind fence, grass",FALSE,FALSE,FALSE,FALSE,TRUE,,FALSE,FALSE,FALSE,FALSE,FALSE,FALSE,TRUE,FALSE,,POINT (-73.9710951149579 40.772501245008)
"-7,396,400,163,249","4,079,217,590,971",32A-PM-1013-01,32A,PM,10132018,1,Juvenile,Gray,White,Gray+White,,Ground Plane,FALSE,,FALSE,FALSE,FALSE,FALSE,TRUE,,FALSE,FALSE,FALSE,FALSE,FALSE,FALSE,FALSE,FALSE,,POINT (-73.9640016324897 40.7921759097124)
"-7,397,070,123,457","4,077,589,389,841",13E-PM-1008-03,13E,PM,10082018,3,Juvenile,Gray,White,Gray+White,,Above Ground,10,hanging upside down to get a nut,FALSE,FALSE,FALSE,FALSE,TRUE,,FALSE,FALSE,FALSE,FALSE,FALSE,FALSE,TRUE,FALSE,,POINT (-73.9707012345661 40.7758938984066)
"-7,396,012,591,891","4,079,553,506,091",36B-PM-1013-04,36B,PM,10132018,4,,Gray,Cinnamon,Gray+Cinnamon,,Ground Plane,FALSE,,TRUE,FALSE,FALSE,TRUE,FALSE,,FALSE,FALSE,FALSE,FALSE,FALSE,FALSE,FALSE,TRUE,,POINT (-73.9601259189134 40.7955350609057)
"-7,396,975,267,331","4,077,595,298,498",13E-PM-1008-09,13E,PM,10082018,9,Adult,Gray,White,Gray+White,,Ground Plane,FALSE,,FALSE,FALSE,FALSE,FALSE,TRUE,,FALSE,FALSE,FALSE,FALSE,FALSE,FALSE,FALSE,TRUE,,POINT (-73.9697526733133 40.7759529849808)
"-7,397,665,936,367","4,077,357,081,788",8B-PM-1012-04,08B,PM,10122018,4,Adult,Gray,"Cinnamon, White","Gray+Cinnamon, White",,Ground Plane,FALSE,,FALSE,FALSE,FALSE,FALSE,TRUE,,FALSE,FALSE,FALSE,FALSE,FALSE,FALSE,TRUE,FALSE,,POINT (-73.9766593636657 40.7735708178842)
"-7,396,328,685,618","4,079,078,063,129",30B-AM-1007-06,30B,AM,10072018,6,Adult,Gray,,Gray+,,Above Ground,5,,FALSE,FALSE,TRUE,FALSE,FALSE,,FALSE,FALSE,FALSE,FALSE,FALSE,FALSE,FALSE,FALSE,,POINT (-73.9632868561794 40.7907806312915)
"-7,397,567,360,747","4,076,990,442,942",5D-PM-1018-01,05D,PM,10182018,1,Adult,Gray,,Gray+,,Ground Plane,FALSE,,FALSE,FALSE,FALSE,FALSE,TRUE,,FALSE,FALSE,FALSE,FALSE,FALSE,FALSE,FALSE,TRUE,,POINT (-73.975673607467 40.7699044294204)
"-7,395,531,638,296","4,079,886,109,262",42D-PM-1013-04,42D,PM,10132018,4,Adult,Cinnamon,Gray,Cinnamon+Gray,Light Cinnamon,Ground Plane,FALSE,,FALSE,FALSE,FALSE,FALSE,FALSE,carrying nut away,FALSE,FALSE,FALSE,FALSE,FALSE,FALSE,TRUE,FALSE,,POINT (-73.9553163829551 40.7988610926249)
"-7,397,725,699,097","4,076,648,047,974",1E-AM-1006-02,01E,AM,10062018,2,Adult,Gray,Cinnamon,Gray+Cinnamon,,Ground Plane,FALSE,,FALSE,FALSE,TRUE,FALSE,TRUE,,FALSE,FALSE,FALSE,FALSE,TRUE,FALSE,TRUE,FALSE,,POINT (-73.9772569909673 40.7664804797448)
"-739,709,207,551","407,767,932,008",14D-AM-1014-04,14D,AM,10142018,4,Adult,Gray,"Cinnamon, White","Gray+Cinnamon, White",,Ground Plane,FALSE,,FALSE,FALSE,FALSE,FALSE,TRUE,,FALSE,FALSE,FALSE,FALSE,FALSE,TRUE,FALSE,FALSE,,POINT (-73.9709207551033 40.7767932008037)
"-739,677,409,842","4,077,635,791,406",15G-PM-1019-08,15G,PM,10192018,8,Adult,,,+,,Above Ground,5,,FALSE,TRUE,FALSE,FALSE,FALSE,,FALSE,TRUE,TRUE,FALSE,FALSE,FALSE,FALSE,FALSE,,POINT (-73.9677409841969 40.7763579140639)
"-7,395,633,111,671","4,079,509,015,633",38E-AM-1010-12,38E,AM,10102018,12,Adult,Cinnamon,,Cinnamon+,,Ground Plane,FALSE,running on rocks,FALSE,TRUE,FALSE,FALSE,FALSE,,FALSE,FALSE,FALSE,TRUE,FALSE,FALSE,FALSE,FALSE,runs toward something,POINT (-73.9563311167069 40.7950901563337)
"-7,395,846,460,001","407,983,984,666",40B-PM-1014-07,40B,PM,10142018,7,Adult,Gray,Cinnamon,Gray+Cinnamon,,Ground Plane,FALSE,,FALSE,FALSE,FALSE,FALSE,TRUE,,FALSE,FALSE,FALSE,FALSE,FALSE,FALSE,TRUE,FALSE,,POINT (-73.9584646000078 40.7983984665955)
"-7,396,432,365,054","4,078,878,547,716",28C-AM-1014-02,28C,AM,10142018,2,Adult,Gray,,Gray+,,Above Ground,30,,FALSE,FALSE,TRUE,FALSE,FALSE,,FALSE,FALSE,FALSE,FALSE,FALSE,FALSE,TRUE,FALSE,,POINT (-73.9643236505425 40.7887854771596)
"-7,395,933,743,419","407,972,583,378",38B-PM-1018-01,38B,PM,10182018,1,Adult,Cinnamon,Gray,Cinnamon+Gray,,Ground Plane,FALSE,,FALSE,FALSE,FALSE,FALSE,TRUE,,FALSE,FALSE,FALSE,FALSE,FALSE,FALSE,FALSE,FALSE,,POINT (-73.9593374341938 40.797258337802)
"-7,397,585,643,948","4,076,747,589,428",3E-AM-1006-05,03E,AM,10062018,5,Juvenile,Gray,,Gray+,,Ground Plane,FALSE,,FALSE,FALSE,FALSE,FALSE,TRUE,,FALSE,FALSE,FALSE,FALSE,TRUE,FALSE,FALSE,FALSE,,POINT (-73.9758564394842 40.7674758942811)
"-7,396,932,540,805","4,077,616,003,271",14F-AM-1007-01,14F,AM,10072018,1,Adult,Gray,Cinnamon,Gray+Cinnamon,,Above Ground,30,,FALSE,FALSE,TRUE,FALSE,FALSE,,FALSE,FALSE,FALSE,FALSE,FALSE,FALSE,TRUE,FALSE,,POINT (-73.9693254080548 40.7761600327118)
"-739,730,420,697","4,077,861,510,197",15B-AM-1014-01,15B,AM,10142018,1,Adult,Gray,Cinnamon,Gray+Cinnamon,,Above Ground,40,,FALSE,FALSE,TRUE,FALSE,TRUE,,FALSE,FALSE,FALSE,FALSE,FALSE,FALSE,FALSE,FALSE,,POINT (-73.9730420696993 40.7786151019726)
"-7,396,478,912,286","4,078,985,306,604",29B-AM-1007-02,29B,AM,10072018,2,Adult,Gray,,Gray+,,Above Ground,30,,TRUE,FALSE,FALSE,FALSE,FALSE,,FALSE,FALSE,FALSE,TRUE,FALSE,FALSE,FALSE,FALSE,,POINT (-73.9647891228606 40.789853066039)
"-7,395,801,110,567","4,078,543,394,015",27I-PM-1020-02,27I,PM,10202018,2,Adult,Gray,White,Gray+White,,Ground Plane,FALSE,,TRUE,FALSE,FALSE,FALSE,FALSE,,FALSE,FALSE,FALSE,FALSE,FALSE,FALSE,FALSE,FALSE,,POINT (-73.9580111056675 40.7854339401483)
"-7,397,821,201,394","4,077,171,544,688",6A-AM-1006-05,06A,AM,10062018,5,Adult,Gray,"Cinnamon, White","Gray+Cinnamon, White",,Above Ground,4,tree,FALSE,FALSE,TRUE,FALSE,FALSE,,FALSE,FALSE,FALSE,TRUE,TRUE,FALSE,FALSE,FALSE,curious,POINT (-73.9782120139407 40.7717154468791)
"-7,395,646,064,264","4,078,805,465,726",30I-PM-1006-06,30I,PM,10062018,6,Adult,Gray,White,Gray+White,,Ground Plane,FALSE,,TRUE,FALSE,FALSE,FALSE,FALSE,,FALSE,FALSE,FALSE,FALSE,FALSE,FALSE,TRUE,TRUE,ran up tree,POINT (-73.9564606426367 40.7880546572608)
"-7,395,626,420,769","4,079,833,387,631",41C-AM-1017-02,41C,AM,10172018,2,Adult,Cinnamon,Gray,Cinnamon+Gray,,Ground Plane,FALSE,,FALSE,FALSE,FALSE,FALSE,TRUE,,FALSE,FALSE,FALSE,FALSE,FALSE,TRUE,FALSE,FALSE,,POINT (-73.9562642076935 40.7983338763074)
"-7,396,137,470,327","4,079,204,838,524",33C-PM-1007-01,33C,PM,10072018,1,Adult,Gray,,Gray+,,Ground Plane,FALSE,,TRUE,FALSE,TRUE,FALSE,FALSE,,FALSE,FALSE,FALSE,FALSE,FALSE,FALSE,FALSE,TRUE,,POINT (-73.9613747032702 40.792048385243106)
"-7,397,738,581,896","4,077,080,770,156",5B-PM-1013-01,05B,PM,10132018,1,Adult,Gray,Cinnamon,Gray+Cinnamon,,Ground Plane,FALSE,,FALSE,FALSE,FALSE,TRUE,TRUE,,FALSE,FALSE,FALSE,FALSE,FALSE,FALSE,FALSE,FALSE,,POINT (-73.9773858189627 40.770807701562)
"-7,396,858,597,055","4,078,488,050,653",23A-AM-1018-04,23A,AM,10182018,4,Adult,Gray,,Gray+,,Above Ground,3,Tree,FALSE,FALSE,TRUE,FALSE,FALSE,,FALSE,FALSE,FALSE,FALSE,FALSE,FALSE,FALSE,TRUE,,POINT (-73.9685859705486 40.7848805065322)
"-7,395,700,504,609","4,079,851,922,507",40C-AM-1017-05,40C,AM,10172018,5,Adult,Gray,White,Gray+White,,Ground Plane,FALSE,,TRUE,FALSE,FALSE,FALSE,FALSE,,FALSE,FALSE,FALSE,FALSE,FALSE,FALSE,FALSE,TRUE,,POINT (-73.9570050460867 40.7985192250745)
"-7,396,323,371,347","4,079,146,823,707",31B-PM-1007-01,31B,PM,10072018,1,Adult,Gray,Cinnamon,Gray+Cinnamon,,Above Ground,10,,FALSE,TRUE,TRUE,FALSE,FALSE,chasing #2 and climbing tree w/ #2,FALSE,FALSE,FALSE,FALSE,FALSE,FALSE,FALSE,TRUE,,POINT (-73.9632337134707 40.7914682370734)
"-7,398,110,784,425","4,076,751,594,057",1A-AM-1007-04,01A,AM,10072018,4,Adult,Cinnamon,Gray,Cinnamon+Gray,,Ground Plane,FALSE,,FALSE,FALSE,FALSE,FALSE,TRUE,,FALSE,FALSE,FALSE,FALSE,FALSE,FALSE,TRUE,FALSE,,POINT (-73.9811078442462 40.767515940567)
"-7,395,944,062,259","4,079,185,337,078",33D-AM-1017-02,33D,AM,10172018,2,Adult,Black,Cinnamon,Black+Cinnamon,,Ground Plane,FALSE,,FALSE,FALSE,FALSE,FALSE,TRUE,,FALSE,FALSE,FALSE,FALSE,TRUE,TRUE,FALSE,FALSE,,POINT (-73.9594406225891 40.7918533707789)
"-7,397,371,007,432","4,077,083,601,217",7E-PM-1013-03,07E,PM,10132018,3,Adult,Gray,,Gray+,,Ground Plane,FALSE,Ground & Tree Base,FALSE,FALSE,FALSE,FALSE,TRUE,,FALSE,FALSE,FALSE,TRUE,TRUE,FALSE,TRUE,FALSE,,POINT (-73.9737100743183 40.7708360121735)
"-7,397,494,575,169","4,076,767,123,722",3F-PM-1013-07,03F,PM,10132018,7,Adult,Gray,Cinnamon,Gray+Cinnamon,,Ground Plane,FALSE,,TRUE,FALSE,FALSE,FALSE,FALSE,,FALSE,FALSE,FALSE,TRUE,FALSE,FALSE,FALSE,TRUE,,POINT (-73.9749457516921 40.7676712372245)
"-7,397,288,710,612","4,077,129,836,589",8F-PM-1012-08,08F,PM,10122018,8,Adult,Gray,Cinnamon,Gray+Cinnamon,,Above Ground,10,,FALSE,FALSE,FALSE,TRUE,FALSE,,FALSE,FALSE,FALSE,FALSE,FALSE,FALSE,FALSE,TRUE,,POINT (-73.9728871061191 40.7712983658944)
"-7,395,326,577,156","4,079,490,468,094",39G-AM-1018-02,39G,AM,10182018,2,Juvenile,Gray,,Gray+,,Above Ground,25,Tree,FALSE,FALSE,FALSE,FALSE,FALSE,sitting & watching,FALSE,FALSE,FALSE,FALSE,FALSE,FALSE,TRUE,FALSE,,POINT (-73.9532657715601 40.7949046809422)
"-739,572,596,734","4,079,744,429,139",39C-AM-1017-02,39C,AM,10172018,2,Adult,Gray,Cinnamon,Gray+Cinnamon,,Ground Plane,FALSE,,FALSE,FALSE,FALSE,TRUE,FALSE,,FALSE,FALSE,FALSE,FALSE,TRUE,FALSE,TRUE,FALSE,,POINT (-73.957259673402 40.7974442913898)
"-7,397,503,467,783","4,076,654,044,048",2G-PM-1007-01,02G,PM,10072018,1,Adult,Gray,Cinnamon,Gray+Cinnamon,,Ground Plane,FALSE,,FALSE,FALSE,FALSE,FALSE,TRUE,,FALSE,FALSE,FALSE,FALSE,FALSE,FALSE,TRUE,FALSE,,POINT (-73.9750346778281 40.7665404404824)
"-7,395,402,573,196","4,079,840,861,912",42E-PM-1012-02,42E,PM,10122018,2,Juvenile,Gray,Cinnamon,Gray+Cinnamon,,,,,TRUE,FALSE,TRUE,FALSE,FALSE,,FALSE,FALSE,FALSE,FALSE,FALSE,FALSE,TRUE,TRUE,,POINT (-73.9540257319561 40.798408619116)
"-7,397,697,007,774","407,728,489,575",7B-AM-1008-08,07B,AM,10082018,8,Adult,Gray,,Gray+,,Above Ground,5,,TRUE,FALSE,FALSE,FALSE,FALSE,,FALSE,FALSE,FALSE,FALSE,FALSE,FALSE,TRUE,FALSE,,POINT (-73.9769700777377 40.7728489574967)
"-7,397,201,749,971","407,748,894,266",11D-AM-1010-07,11D,AM,10102018,7,Adult,Black,,Black+,,Ground Plane,FALSE,,FALSE,FALSE,FALSE,TRUE,TRUE,,FALSE,FALSE,FALSE,FALSE,FALSE,FALSE,TRUE,FALSE,,POINT (-73.9720174997123 40.7748894266027)
"-7,396,953,059,967","407,745,386,897",12F-PM-1007-02,12F,PM,10072018,2,Adult,Cinnamon,Gray,Cinnamon+Gray,,Ground Plane,FALSE,,FALSE,FALSE,TRUE,TRUE,TRUE,,FALSE,FALSE,FALSE,FALSE,FALSE,FALSE,TRUE,FALSE,,POINT (-73.9695305996721 40.7745386896959)
"-7,396,660,639,702","4,077,566,550,317",14H-AM-1007-03,14H,AM,10072018,3,Juvenile,Gray,"Cinnamon, White","Gray+Cinnamon, White",,Ground Plane,FALSE,,FALSE,TRUE,FALSE,FALSE,FALSE,,FALSE,FALSE,FALSE,FALSE,FALSE,FALSE,TRUE,FALSE,,POINT (-73.96660639702002 40.7756655031741)
"-7,395,954,857,346","4,078,353,264,257",25I-PM-1007-08,25I,PM,10072018,8,Adult,Gray,,Gray+,,Above Ground,,playing very high in tree w/ #7,FALSE,FALSE,FALSE,FALSE,FALSE,,FALSE,FALSE,FALSE,FALSE,FALSE,FALSE,FALSE,FALSE,,POINT (-73.9595485734618 40.7835326425693)
"-7,396,746,312,546","4,077,900,763,577",17E-AM-1017-10,17E,AM,10172018,10,Juvenile,Gray,,Gray+,,Above Ground,2,Fence,TRUE,FALSE,FALSE,FALSE,FALSE,,FALSE,FALSE,FALSE,FALSE,FALSE,FALSE,FALSE,TRUE,,POINT (-73.9674631254594 40.7790076357696)
"-7,397,037,740,001","4,077,176,075,516",9G-AM-1007-01,09G,AM,10072018,1,Adult,Gray,,Gray+,,Above Ground,50,,FALSE,FALSE,TRUE,FALSE,FALSE,,FALSE,FALSE,FALSE,FALSE,FALSE,FALSE,FALSE,FALSE,,POINT (-73.9703774000082 40.7717607551555)
"-7,395,665,717,133","4,079,898,557,754",41C-AM-1017-04,41C,AM,10172018,4,,Gray,,Gray+,,Ground Plane,FALSE,,TRUE,FALSE,FALSE,FALSE,FALSE,,FALSE,FALSE,FALSE,FALSE,FALSE,FALSE,TRUE,FALSE,,POINT (-73.9566571713254 40.7989855775435)
"-7,397,697,421,798","4,077,274,845,218",7B-AM-1008-07,07B,AM,10082018,7,Adult,Gray,,Gray+,,Ground Plane,FALSE,,FALSE,FALSE,FALSE,FALSE,TRUE,,FALSE,FALSE,FALSE,FALSE,FALSE,FALSE,TRUE,FALSE,,POINT (-73.9769742179824 40.7727484521829)
"-7,397,246,575,627","4,076,580,155,044",3I-PM-1013-06,03I,PM,10132018,6,Adult,Gray,Cinnamon,Gray+Cinnamon,,Ground Plane,FALSE,,TRUE,FALSE,FALSE,FALSE,FALSE,,FALSE,FALSE,FALSE,FALSE,FALSE,FALSE,TRUE,FALSE,,POINT (-73.9724657562746 40.7658015504376)
"-7,396,405,349,066","4,077,773,838,998",17I-AM-1014-02,17I,AM,10142018,2,Adult,Cinnamon,White,Cinnamon+White,,Ground Plane,FALSE,,TRUE,FALSE,FALSE,FALSE,FALSE,standing upright,FALSE,FALSE,FALSE,FALSE,FALSE,TRUE,FALSE,TRUE,runs from (only ran away when a grandpa chased it off),POINT (-73.9640534906634 40.7777383899836)
"-7,396,279,043,284","4,079,393,753,058",34A-PM-1013-04,34A,PM,10132018,4,Adult,Gray,Cinnamon,Gray+Cinnamon,,Ground Plane,FALSE,,FALSE,FALSE,FALSE,FALSE,FALSE,digging & burying,FALSE,FALSE,FALSE,FALSE,FALSE,FALSE,FALSE,FALSE,,POINT (-73.9627904328402 40.7939375305761)
"-7,395,418,371,432","4,079,443,404,774",38G-PM-1020-06,38G,PM,10202018,6,Juvenile,Cinnamon,White,Cinnamon+White,,Ground Plane,FALSE,,FALSE,FALSE,FALSE,FALSE,TRUE,,FALSE,TRUE,FALSE,FALSE,FALSE,FALSE,FALSE,TRUE,,POINT (-73.9541837143178 40.7944340477396)
"-7,395,865,914,552","4,079,062,439,013",32F-PM-1008-06,32F,PM,10082018,6,Adult,Gray,,Gray+,,Ground Plane,FALSE,,FALSE,FALSE,FALSE,FALSE,TRUE,,FALSE,FALSE,FALSE,FALSE,FALSE,FALSE,TRUE,FALSE,,POINT (-73.9586591455169 40.7906243901309)
"-7,397,227,375,936","4,076,896,301,875",6G-AM-1008-04,06G,AM,10082018,4,Juvenile,Gray,Cinnamon,Gray+Cinnamon,very long tail,Above Ground,20,tree,TRUE,FALSE,TRUE,FALSE,FALSE,,FALSE,FALSE,FALSE,FALSE,TRUE,FALSE,FALSE,TRUE,,POINT (-73.9722737593623 40.768963018754)
"-7,396,902,119,353","4,077,303,829,816",11H-AM-1010-07,11H,AM,10102018,7,Adult,Gray,White,Gray+White,,Above Ground,4,,FALSE,FALSE,FALSE,TRUE,FALSE,,FALSE,FALSE,FALSE,FALSE,FALSE,FALSE,FALSE,TRUE,,POINT (-73.9690211935346 40.773038298158)
"-7,396,808,552,778","4,077,692,519,654",15F-AM-1007-10,15F,AM,10072018,10,Adult,Cinnamon,Gray,Cinnamon+Gray,,Above Ground,20,,TRUE,FALSE,TRUE,FALSE,FALSE,,FALSE,FALSE,FALSE,FALSE,FALSE,FALSE,FALSE,TRUE,,POINT (-73.9680855277775 40.7769251965381)
"-7,396,174,906,803","4,079,215,378,492",32C-PM-1013-06,32C,PM,10132018,6,Adult,Gray,,Gray+,,Ground Plane,FALSE,,TRUE,FALSE,FALSE,FALSE,FALSE,,FALSE,FALSE,FALSE,FALSE,FALSE,FALSE,FALSE,FALSE,,POINT (-73.9617490680298 40.7921537849244)
"-7,397,881,177,554","4,077,073,471,375",5B-PM-1013-04,05B,PM,10132018,4,Adult,Gray,White,Gray+White,,Ground Plane,FALSE,,FALSE,FALSE,FALSE,FALSE,TRUE,,FALSE,FALSE,FALSE,FALSE,FALSE,FALSE,FALSE,FALSE,,POINT (-73.97881177554011 40.7707347137469)
"-7,396,988,397,502","4,077,814,330,767",16D-PM-1010-08,16D,PM,10102018,8,Adult,Gray,,Gray+,,Ground Plane,FALSE,,TRUE,FALSE,FALSE,FALSE,FALSE,,TRUE,FALSE,FALSE,FALSE,FALSE,FALSE,TRUE,FALSE,,POINT (-73.9698839750249 40.7781433076692)
"-7,397,222,650,468","4,077,009,168,959",7G-PM-1018-02,07G,PM,10182018,2,Adult,Gray,White,Gray+White,,Ground Plane,FALSE,,FALSE,FALSE,FALSE,TRUE,FALSE,,FALSE,FALSE,FALSE,FALSE,FALSE,FALSE,TRUE,FALSE,,POINT (-73.9722265046794 40.7700916895929)
"-7,397,133,993,165","4,077,506,780,268",12E-PM-1018-02,12E,PM,10182018,2,Adult,Black,"Cinnamon, White","Black+Cinnamon, White",Black & Cinnamon selected as Primary. White selected as Highlights. Made executive adjustments.,Above Ground,3,,FALSE,FALSE,TRUE,FALSE,FALSE,lounging on tree upside down,FALSE,FALSE,FALSE,FALSE,TRUE,FALSE,TRUE,FALSE,,POINT (-73.9713399316534 40.7750678026757)
"-7,396,799,558,311","4,078,184,316,079",20C-PM-1018-04,20C,PM,10182018,4,Adult,Gray,,Gray+,,Above Ground,8,,FALSE,FALSE,TRUE,FALSE,FALSE,,FALSE,FALSE,FALSE,FALSE,FALSE,FALSE,FALSE,FALSE,,POINT (-73.9679955831115 40.7818431607916)
"-7,397,709,854,251","4,076,659,267,445",1E-AM-1006-04,01E,AM,10062018,4,Adult,Cinnamon,Gray,Cinnamon+Gray,,Ground Plane,FALSE,,FALSE,FALSE,FALSE,FALSE,TRUE,,FALSE,FALSE,FALSE,FALSE,FALSE,FALSE,FALSE,FALSE,,POINT (-73.9770985425092 40.7665926744505)
"-7,396,559,558,413","4,077,620,638,606",15H-PM-1008-04,15H,PM,10082018,4,,Gray,Cinnamon,Gray+Cinnamon,,Ground Plane,FALSE,edge of landscape,FALSE,FALSE,FALSE,FALSE,TRUE,,FALSE,FALSE,FALSE,FALSE,FALSE,FALSE,TRUE,FALSE,,POINT (-73.9655955841325 40.7762063860571)
"-7,396,776,737,218","4,078,470,263,162",23B-PM-1012-07,23B,PM,10122018,7,Adult,Gray,Cinnamon,Gray+Cinnamon,,Ground Plane,FALSE,,TRUE,FALSE,FALSE,FALSE,FALSE,,FALSE,FALSE,FALSE,FALSE,TRUE,FALSE,FALSE,TRUE,,POINT (-73.967767372181 40.784702631615)
"-7,397,055,600,791","4,076,984,991,834",7H-AM-1006-07,07H,AM,10062018,7,Adult,Gray,Cinnamon,Gray+Cinnamon,,,,,FALSE,FALSE,FALSE,TRUE,FALSE,,FALSE,FALSE,FALSE,FALSE,TRUE,FALSE,TRUE,FALSE,,POINT (-73.97055600791 40.7698499183436)
"-7,397,113,192,546","4,077,603,248,599",13D-PM-1018-12,13D,PM,10182018,12,Adult,Gray,White,Gray+White,,Ground Plane,FALSE,,FALSE,FALSE,FALSE,FALSE,TRUE,,FALSE,FALSE,FALSE,FALSE,FALSE,FALSE,TRUE,FALSE,,POINT (-73.9711319254625 40.776032485987905)
"-7,395,841,067,862","4,079,027,775,569",32F-PM-1008-02,32F,PM,10082018,2,Adult,Gray,White,Gray+White,,Ground Plane,FALSE,,FALSE,FALSE,TRUE,TRUE,TRUE,,FALSE,FALSE,FALSE,FALSE,FALSE,FALSE,TRUE,FALSE,,POINT (-73.9584106786233 40.7902777556926)
"-7,397,738,983,011","4,077,085,815,621",5B-AM-1008-01,05B,AM,10082018,1,Adult,Gray,Cinnamon,Gray+Cinnamon,,Ground Plane,FALSE,,TRUE,FALSE,FALSE,TRUE,TRUE,"running across ball field 5,near home plate",FALSE,FALSE,FALSE,FALSE,FALSE,FALSE,TRUE,FALSE,,POINT (-73.9773898301093 40.7708581562057)
"-7,397,355,479,263","4,077,234,200,761",8D-AM-1007-02,08D,AM,10072018,2,Adult,Gray,,Gray+,,Above Ground,12,,FALSE,FALSE,TRUE,FALSE,FALSE,,FALSE,FALSE,FALSE,FALSE,FALSE,FALSE,TRUE,FALSE,,POINT (-73.9735547926323 40.7723420076108)
"-7,395,683,008,998","4,079,358,557,434",36E-AM-1013-01,36E,AM,10132018,1,Juvenile,Gray,,Gray+,,Ground Plane,FALSE,,TRUE,FALSE,FALSE,FALSE,FALSE,,FALSE,FALSE,FALSE,FALSE,FALSE,FALSE,FALSE,TRUE,runs from (ran into treebrush),POINT (-73.9568300899773 40.7935855743354)
"-7,397,615,795,279","4,077,558,773,121",10A-PM-1014-02,10A,PM,10142018,2,Adult,Gray,"Black, Cinnamon","Gray+Black, Cinnamon",,Ground Plane,FALSE,in the bushes beneath a tree,FALSE,FALSE,FALSE,TRUE,TRUE,,FALSE,FALSE,FALSE,FALSE,TRUE,FALSE,TRUE,FALSE,,POINT (-73.9761579527932 40.7755877312075)
"-7,396,049,542,761","407,965,682,182",37A-AM-1012-01,37A,AM,10122018,1,Adult,Cinnamon,Gray,Cinnamon+Gray,Drawing included on tally sheet,Ground Plane,FALSE,,FALSE,FALSE,FALSE,FALSE,TRUE,scanning (drawing included),FALSE,FALSE,FALSE,FALSE,FALSE,FALSE,FALSE,TRUE,,POINT (-73.9604954276129 40.7965682182001)
"-7,397,615,279,475","4,077,096,070,025",6C-AM-1007-06,06C,AM,10072018,6,Adult,Gray,Cinnamon,Gray+Cinnamon,,Above Ground,7,,FALSE,FALSE,TRUE,FALSE,FALSE,,FALSE,FALSE,FALSE,FALSE,FALSE,FALSE,FALSE,FALSE,disappeared when jogger ran by,POINT (-73.9761527947483 40.7709607002539)
"-7,398,054,238,862","4,076,820,488,048",1B-AM-1012-14,01B,AM,10122018,14,,Gray,Cinnamon,Gray+Cinnamon,,Ground Plane,FALSE,,FALSE,TRUE,FALSE,FALSE,FALSE,,FALSE,FALSE,FALSE,FALSE,FALSE,FALSE,TRUE,FALSE,,POINT (-73.980542388615 40.7682048804794)
"-7,395,912,925,497","4,079,255,302,805",34D-AM-1008-01,34D,AM,10082018,1,Adult,Black,,Black+,,Ground Plane,FALSE,,FALSE,FALSE,FALSE,FALSE,TRUE,,FALSE,FALSE,FALSE,FALSE,FALSE,FALSE,FALSE,FALSE,staring at us,POINT (-73.95912925497001 40.7925530280455)
"-7,396,881,734,658","4,077,820,097,646",16E-AM-1014-08,16E,AM,10142018,8,Adult,Gray,,Gray+,,Ground Plane,FALSE,,TRUE,FALSE,FALSE,FALSE,FALSE,,FALSE,FALSE,FALSE,FALSE,FALSE,FALSE,FALSE,TRUE,runs from (dog),POINT (-73.9688173465755 40.7782009764626)
"-739,541,500,874","4,079,203,299,898",35H-AM-1013-02,35H,AM,10132018,2,Juvenile,Cinnamon,Gray,Cinnamon+Gray,,Above Ground,10,Sitting on tree limb,FALSE,FALSE,FALSE,FALSE,FALSE,sitting,FALSE,FALSE,FALSE,FALSE,FALSE,FALSE,TRUE,FALSE,"watching me from tree,but calm",POINT (-73.9541500874008 40.7920329989756)
"-7,395,898,529,895","4,079,127,200,159",33E-AM-1014-07,33E,AM,10142018,7,Adult,Gray,"Cinnamon, White","Gray+Cinnamon, White",,Above Ground,15,,FALSE,FALSE,TRUE,FALSE,FALSE,,FALSE,FALSE,FALSE,FALSE,FALSE,FALSE,TRUE,FALSE,,POINT (-73.9589852989486 40.7912720015917)
"-739,811,218,801","4,076,844,062,062",1A-PM-1014-07,01A,PM,10142018,7,Adult,Gray,Cinnamon,Gray+Cinnamon,,Ground Plane,FALSE,,FALSE,FALSE,FALSE,FALSE,TRUE,,FALSE,FALSE,FALSE,FALSE,FALSE,FALSE,TRUE,FALSE,,POINT (-73.9811218801005 40.7684406206185)
"-7,397,029,709,193","4,076,968,831,134",7H-PM-1006-08,07H,PM,10062018,8,Adult,Gray,White,Gray+White,,Ground Plane,FALSE,in grass,FALSE,FALSE,FALSE,FALSE,TRUE,,FALSE,FALSE,FALSE,FALSE,TRUE,TRUE,FALSE,TRUE,,POINT (-73.9702970919317 40.7696883113413)
"-7,395,307,395,621","4,079,320,344,095",37H-PM-1006-01,37H,PM,10062018,1,Juvenile,Gray,White,Gray+White,,Ground Plane,FALSE,,FALSE,FALSE,FALSE,TRUE,TRUE,,FALSE,FALSE,FALSE,FALSE,FALSE,FALSE,FALSE,TRUE,from voice,POINT (-73.95307395621312 40.7932034409546)
"-7,396,383,977,904","4,078,289,502,729",23F-PM-1013-02,23F,PM,10132018,2,Adult,Gray,"Cinnamon, White","Gray+Cinnamon, White",,Ground Plane,FALSE,,TRUE,FALSE,FALSE,TRUE,TRUE,,FALSE,TRUE,FALSE,FALSE,TRUE,FALSE,TRUE,FALSE,"indifferent (mostly,did notice me,busy eating,foraging)",POINT (-73.9638397790384 40.7828950272904)
"-7,396,781,540,331","4,077,427,834,845",12H-PM-1007-01,12H,PM,10072018,1,Adult,Gray,Cinnamon,Gray+Cinnamon,,Above Ground,10,in tree,FALSE,FALSE,FALSE,TRUE,FALSE,,FALSE,FALSE,FALSE,FALSE,FALSE,FALSE,FALSE,FALSE,,POINT (-73.9678154033099 40.7742783484486)
"-739,676,434,257","4,078,623,366,244",24A-PM-1007-04,24A,PM,10072018,4,Adult,Gray,,Gray+,,Above Ground,50,in tree,FALSE,FALSE,TRUE,FALSE,FALSE,,FALSE,FALSE,FALSE,FALSE,FALSE,FALSE,FALSE,FALSE,,POINT (-73.9676434256976 40.7862336624448)
"-7,396,327,993,399","4,078,083,164,363",21H-PM-1018-01,21H,PM,10182018,1,Juvenile,Gray,Cinnamon,Gray+Cinnamon,,Ground Plane,FALSE,,FALSE,FALSE,FALSE,FALSE,FALSE,staring,FALSE,FALSE,FALSE,FALSE,TRUE,TRUE,FALSE,FALSE,,POINT (-73.9632799339872 40.7808316436308)
"-739,583,934,264","4,078,547,421,855",27I-AM-1007-02,27I,AM,10072018,2,,,,+,,,,,FALSE,FALSE,FALSE,FALSE,FALSE,,TRUE,FALSE,FALSE,FALSE,FALSE,FALSE,FALSE,FALSE,,POINT (-73.9583934264026 40.785474218550405)
"-7,396,793,091,303","407,792,437,838",17E-AM-1017-04,17E,AM,10172018,4,Adult,Gray,,Gray+,,Ground Plane,FALSE,Shore,FALSE,FALSE,FALSE,FALSE,TRUE,,FALSE,FALSE,FALSE,FALSE,FALSE,FALSE,FALSE,FALSE,,POINT (-73.9679309130266 40.779243783803906)
"-739,596,505,139","407,940,367,735",35C-PM-1013-06,35C,PM,10132018,6,Adult,Gray,Cinnamon,Gray+Cinnamon,,Ground Plane,FALSE,,FALSE,FALSE,FALSE,FALSE,TRUE,,FALSE,FALSE,FALSE,FALSE,FALSE,FALSE,FALSE,FALSE,,POINT (-73.9596505138955 40.7940367734988)
"-7,395,452,146,133","407,943,801,121",37G-PM-1007-01,37G,PM,10072018,1,Adult,Gray,Cinnamon,Gray+Cinnamon,,Ground Plane,FALSE,,FALSE,FALSE,FALSE,TRUE,TRUE,,FALSE,FALSE,FALSE,FALSE,FALSE,FALSE,FALSE,TRUE,,POINT (-73.9545214613307 40.7943801121036)
"-7,397,298,471,098","4,077,407,090,496",10D-AM-1008-03,10D,AM,10082018,3,Adult,Gray,White,Gray+White,,Above Ground,10,,FALSE,FALSE,TRUE,FALSE,FALSE,,FALSE,FALSE,FALSE,FALSE,FALSE,FALSE,FALSE,FALSE,,POINT (-73.9729847109778 40.7740709049602)
"-7,396,934,653,836","4,077,449,963,369",12F-PM-1007-01,12F,PM,10072018,1,Adult,Cinnamon,Gray,Cinnamon+Gray,,Ground Plane,FALSE,,FALSE,FALSE,FALSE,TRUE,TRUE,,FALSE,FALSE,FALSE,FALSE,FALSE,FALSE,FALSE,TRUE,,POINT (-73.9693465383617 40.7744996336934)
"-7,397,194,603,354","4,078,105,081,563",18A-AM-1012-01,18A,AM,10122018,1,Adult,Gray,"Cinnamon, White","Gray+Cinnamon, White",White tail,Above Ground,3,tree,TRUE,FALSE,TRUE,FALSE,TRUE,,FALSE,FALSE,FALSE,FALSE,TRUE,FALSE,FALSE,TRUE,,POINT (-73.9719460335398 40.7810508156287)
"-7,395,975,578,194","4,079,499,182,045",36C-AM-1014-01,36C,AM,10142018,1,Adult,Gray,Cinnamon,Gray+Cinnamon,Gray & Cinnamon selected as Primary. Cinnamon selected as Highlights. Made executive adjustments.,Ground Plane,FALSE,,FALSE,FALSE,FALSE,FALSE,TRUE,,FALSE,FALSE,FALSE,FALSE,FALSE,FALSE,FALSE,TRUE,,POINT (-73.9597557819449 40.7949918204459)
"-7,395,640,792,733","4,079,393,400,538",36F-AM-1017-02,36F,AM,10172018,2,Adult,Gray,Cinnamon,Gray+Cinnamon,Cinnamon on shoulders,Ground Plane,FALSE,,FALSE,FALSE,FALSE,TRUE,TRUE,,FALSE,FALSE,FALSE,FALSE,FALSE,FALSE,TRUE,FALSE,,POINT (-73.9564079273261 40.7939340053805)
"-7,396,450,604,333","4,077,683,220,578",16I-AM-1008-03,16I,AM,10082018,3,Adult,Cinnamon,"Gray, White","Cinnamon+Gray, White",,Ground Plane,FALSE,,FALSE,FALSE,FALSE,FALSE,TRUE,,FALSE,FALSE,FALSE,FALSE,TRUE,FALSE,TRUE,FALSE,,POINT (-73.9645060433292 40.7768322057794)
"-7,397,287,003,595","4,076,598,426,669",3H-PM-1014-05,03H,PM,10142018,5,Adult,Gray,White,Gray+White,,Ground Plane,FALSE,,FALSE,FALSE,FALSE,TRUE,FALSE,,FALSE,FALSE,FALSE,FALSE,FALSE,FALSE,TRUE,FALSE,,POINT (-73.9728700359494 40.7659842666881)
"-739,670,858,934","407,753,505,025",14H-PM-1012-02,14H,PM,10122018,2,Adult,Gray,"Cinnamon, White","Gray+Cinnamon, White",,Above Ground,20,,TRUE,FALSE,FALSE,TRUE,TRUE,,FALSE,FALSE,FALSE,FALSE,FALSE,FALSE,TRUE,FALSE,,POINT (-73.9670858934045 40.7753505024976)
"-7,395,951,675,722","4,079,525,459,085",36C-PM-1013-04,36C,PM,10132018,4,Adult,Gray,,Gray+,,Ground Plane,FALSE,On rock,TRUE,FALSE,FALSE,FALSE,TRUE,,FALSE,FALSE,FALSE,FALSE,FALSE,FALSE,FALSE,TRUE,,POINT (-73.959516757215 40.7952545908471)
"-7,397,757,350,773","4,076,928,720,822",4C-PM-1010-08,04C,PM,10102018,8,Adult,Gray,"Cinnamon, White","Gray+Cinnamon, White",,Above Ground,10,on stone arch,TRUE,FALSE,TRUE,FALSE,FALSE,,FALSE,FALSE,FALSE,FALSE,FALSE,FALSE,FALSE,TRUE,,POINT (-73.9775735077285 40.7692872082165)
"-739,700,186,001","4,078,260,521,847",20B-AM-1007-03,20B,AM,10072018,3,Adult,Gray,White,Gray+White,,Above Ground,,,FALSE,FALSE,FALSE,FALSE,TRUE,,FALSE,FALSE,FALSE,TRUE,FALSE,FALSE,FALSE,TRUE,,POINT (-73.9700186001049 40.7826052184658)
"-7,397,764,455,679","4,076,811,910,797",3D-PM-1010-07,03D,PM,10102018,7,Adult,Cinnamon,White,Cinnamon+White,,Ground Plane,FALSE,,FALSE,FALSE,FALSE,FALSE,TRUE,,FALSE,FALSE,FALSE,FALSE,FALSE,FALSE,FALSE,FALSE,,POINT (-73.9776445567926 40.768119107973)
"-7,396,385,990,443","4,078,092,887,953",21G-AM-1014-06,21G,AM,10142018,6,Adult,Gray,Cinnamon,Gray+Cinnamon,,Above Ground,5,,FALSE,TRUE,TRUE,FALSE,FALSE,,FALSE,FALSE,FALSE,FALSE,FALSE,FALSE,FALSE,FALSE,,POINT (-73.9638599044346 40.7809288795308)
"-7,397,449,068,327","4,076,999,487,468",6E-PM-1010-05,06E,PM,10102018,5,Adult,Cinnamon,White,Cinnamon+White,white back legs,Ground Plane,FALSE,,FALSE,FALSE,FALSE,TRUE,FALSE,could this squirrel be eating a white mushroom?,FALSE,FALSE,FALSE,FALSE,FALSE,FALSE,TRUE,FALSE,,POINT (-73.9744906832678 40.76999487467761)
"-7,395,190,816,278","4,079,731,487,194",41G-AM-1013-02,41G,AM,10132018,2,Adult,Gray,"Cinnamon, White","Gray+Cinnamon, White",,Ground Plane,FALSE,,FALSE,FALSE,FALSE,FALSE,TRUE,,FALSE,FALSE,FALSE,FALSE,FALSE,FALSE,TRUE,FALSE,,POINT (-73.9519081627768 40.7973148719421)
"-7,397,930,826,797","4,076,799,305,988",2C-PM-1013-11,02C,PM,10132018,11,Adult,Gray,White,Gray+White,,Ground Plane,FALSE,,FALSE,FALSE,FALSE,FALSE,FALSE,,FALSE,FALSE,FALSE,FALSE,FALSE,FALSE,FALSE,FALSE,,POINT (-73.9793082679745 40.7679930598805)
"-7,397,983,903,873","4,077,007,610,909",3A-PM-1017-07,03A,PM,10172018,7,Adult,Cinnamon,White,Cinnamon+White,,Ground Plane,FALSE,,FALSE,FALSE,FALSE,FALSE,TRUE,,FALSE,FALSE,FALSE,FALSE,FALSE,TRUE,FALSE,FALSE,,POINT (-73.9798390387307 40.7700761090896)
"-7,397,125,505,843","4,077,642,734,754",13D-PM-1018-06,13D,PM,10182018,6,Adult,Gray,White,Gray+White,,Above Ground,10,,FALSE,FALSE,TRUE,FALSE,FALSE,cleaning,FALSE,FALSE,FALSE,FALSE,FALSE,FALSE,TRUE,FALSE,,POINT (-73.9712550584322 40.7764273475386)
"-7,397,169,955,076","4,077,976,713,277",16B-AM-1014-02,16B,AM,10142018,2,Adult,Gray,Cinnamon,Gray+Cinnamon,,Ground Plane,FALSE,,FALSE,FALSE,FALSE,FALSE,TRUE,,FALSE,FALSE,FALSE,FALSE,FALSE,FALSE,FALSE,TRUE,,POINT (-73.9716995507598 40.7797671327739)
"-739,667,474,483","4,077,606,437,208",15H-PM-1008-01,15H,PM,10082018,1,Adult,Cinnamon,Gray,Cinnamon+Gray,,Above Ground,10,Oak tree,FALSE,TRUE,FALSE,FALSE,FALSE,watching me,FALSE,TRUE,FALSE,TRUE,FALSE,FALSE,FALSE,FALSE,observant,POINT (-73.9667474482967 40.7760643720793)
"-7,395,159,077,962","4,079,526,842,355",40H-AM-1017-02,40H,AM,10172018,2,Adult,Gray,,Gray+,,Ground Plane,FALSE,,FALSE,FALSE,FALSE,FALSE,TRUE,,FALSE,FALSE,FALSE,FALSE,FALSE,FALSE,TRUE,FALSE,,POINT (-73.95159077962161 40.7952684235477)
"-7,395,202,800,044","4,079,463,450,145",39I-PM-1013-03,39I,PM,10132018,3,Adult,Gray,,Gray+,,Ground Plane,FALSE,,FALSE,FALSE,FALSE,FALSE,FALSE,playing,FALSE,FALSE,FALSE,FALSE,FALSE,TRUE,FALSE,FALSE,,POINT (-73.9520280004414 40.7946345014466)
"-7,395,943,570,497","4,078,406,788,909",25I-AM-1012-01,25I,AM,10122018,1,Adult,Cinnamon,,Cinnamon+,,Above Ground,4,on bar,FALSE,FALSE,FALSE,TRUE,FALSE,,FALSE,FALSE,FALSE,TRUE,TRUE,TRUE,FALSE,FALSE,,POINT (-73.9594357049738 40.7840678890949)
"-7,397,162,714,946","4,077,964,626,342",16B-PM-1017-02,16B,PM,10172018,2,Adult,Gray,White,Gray+White,,Ground Plane,FALSE,,TRUE,TRUE,FALSE,TRUE,FALSE,,FALSE,FALSE,FALSE,FALSE,FALSE,FALSE,TRUE,FALSE,,POINT (-73.9716271494641 40.7796462634184)
"-7,396,158,178,592","4,079,458,396,638",35A-AM-1014-08,35A,AM,10142018,8,Adult,Cinnamon,White,Cinnamon+White,,Ground Plane,FALSE,,FALSE,FALSE,TRUE,FALSE,FALSE,,FALSE,FALSE,FALSE,FALSE,FALSE,FALSE,TRUE,FALSE,,POINT (-73.9615817859213 40.79458396638451)
"-7,396,646,693,696","407,774,085,362",16G-AM-1010-05,16G,AM,10102018,5,Adult,Gray,White,Gray+White,,Ground Plane,FALSE,,TRUE,FALSE,FALSE,FALSE,FALSE,,FALSE,FALSE,FALSE,FALSE,FALSE,FALSE,TRUE,FALSE,,POINT (-73.9664669369583 40.7774085361976)
"-7,397,658,056,091","4,076,928,078,209",4D-PM-1008-07,04D,PM,10082018,7,Adult,Cinnamon,"Gray, White","Cinnamon+Gray, White",,Ground Plane,FALSE,hopped over fence and chased # 6 around tree & ran it to end of lawn,TRUE,TRUE,FALSE,FALSE,FALSE,,FALSE,FALSE,FALSE,FALSE,FALSE,FALSE,TRUE,FALSE,,POINT (-73.9765805609072 40.7692807820935)
"-7,396,283,497,784","4,079,388,700,521",34A-PM-1013-03,34A,PM,10132018,3,Adult,Gray,Cinnamon,Gray+Cinnamon,,Ground Plane,FALSE,,FALSE,TRUE,FALSE,FALSE,TRUE,,FALSE,FALSE,FALSE,FALSE,FALSE,FALSE,FALSE,FALSE,,POINT (-73.9628349778362 40.793887005206)
"-7,397,431,846,538","407,667,932,997",3G-AM-1008-01,03G,AM,10082018,1,Adult,Gray,,Gray+,,Above Ground,30,,FALSE,FALSE,TRUE,FALSE,FALSE,,TRUE,FALSE,FALSE,FALSE,FALSE,FALSE,FALSE,FALSE,,POINT (-73.9743184653765 40.7667932997)
"-7,396,114,462,634","4,079,110,034,073",32D-AM-1013-03,32D,AM,10132018,3,Adult,Cinnamon,Gray,Cinnamon+Gray,,Above Ground,15,,FALSE,FALSE,TRUE,FALSE,FALSE,,FALSE,FALSE,FALSE,FALSE,FALSE,FALSE,TRUE,FALSE,,POINT (-73.9611446263364 40.7911003407299)
"-7,397,943,670,963","4,076,727,205,985",1C-PM-1013-04,01C,PM,10132018,4,Adult,Cinnamon,White,Cinnamon+White,,Ground Plane,FALSE,,FALSE,FALSE,FALSE,FALSE,TRUE,,FALSE,FALSE,FALSE,FALSE,FALSE,FALSE,FALSE,FALSE,,POINT (-73.9794367096274 40.7672720598482)
"-7,396,318,185,288","4,079,253,321,941",32A-AM-1018-01,32A,AM,10182018,1,Adult,Gray,,Gray+,,Above Ground,15,,TRUE,TRUE,FALSE,FALSE,FALSE,,FALSE,FALSE,FALSE,FALSE,FALSE,FALSE,TRUE,FALSE,,POINT (-73.9631818528816 40.7925332194132)
"-7,397,073,392,007","4,077,963,333,557",17C-PM-1013-03,17C,PM,10132018,3,Adult,Gray,,Gray+,,Above Ground,20,in a tree,FALSE,FALSE,FALSE,FALSE,FALSE,,FALSE,FALSE,FALSE,FALSE,FALSE,FALSE,FALSE,FALSE,,POINT (-73.9707339200738 40.7796333355689)
"-739,602,377,852","4,079,078,316,076",32E-PM-1017-16,32E,PM,10172018,16,Adult,Black,,Black+,,Ground Plane,FALSE,rocky outcrop,FALSE,FALSE,FALSE,FALSE,TRUE,,FALSE,FALSE,FALSE,FALSE,FALSE,FALSE,FALSE,TRUE,,POINT (-73.960237785199 40.7907831607574)
"-7,397,447,264,347","4,077,672,963,079",12A-PM-1013-03,12A,PM,10132018,3,,Gray,Cinnamon,Gray+Cinnamon,,Above Ground,3,,TRUE,FALSE,FALSE,FALSE,FALSE,chased up a tree by #4,FALSE,FALSE,FALSE,FALSE,FALSE,FALSE,TRUE,FALSE,,POINT (-73.9744726434743 40.776729630785)
"-7,395,576,024,997","4,079,564,524,244",38E-PM-1014-01,38E,PM,10142018,1,Adult,Gray,White,Gray+White,,Ground Plane,FALSE,,FALSE,FALSE,FALSE,FALSE,TRUE,,FALSE,FALSE,FALSE,FALSE,FALSE,FALSE,TRUE,FALSE,,POINT (-73.9557602499712 40.7956452424385)
"-7,396,083,990,038","4,078,177,045,022",23I-AM-1019-01,23I,AM,10192018,1,Adult,Gray,Cinnamon,Gray+Cinnamon,,Above Ground,18,on a tree,FALSE,FALSE,TRUE,FALSE,FALSE,,FALSE,FALSE,FALSE,FALSE,FALSE,FALSE,FALSE,FALSE,"eyed me warily,then went up the tree",POINT (-73.9608399003798 40.7817704502248)
"-7,396,885,239,245","4,078,440,180,359",22A-AM-1008-02,22A,AM,10082018,2,Adult,Gray,,Gray+,,Ground Plane,FALSE,,FALSE,FALSE,FALSE,FALSE,TRUE,,FALSE,FALSE,FALSE,FALSE,FALSE,FALSE,FALSE,TRUE,,POINT (-73.9688523924488 40.7844018035948)
"-7,397,869,369,925","4,077,139,436,747",5A-PM-1010-02,05A,PM,10102018,2,Adult,Gray,White,Gray+White,,Above Ground,50,,FALSE,FALSE,TRUE,FALSE,FALSE,,FALSE,FALSE,FALSE,FALSE,FALSE,FALSE,FALSE,FALSE,,POINT (-73.9786936992465 40.7713943674666)
"-7,396,457,217,909","407,811,208,719",21F-PM-1018-01,21F,PM,10182018,1,Adult,Cinnamon,Gray,Cinnamon+Gray,,Ground Plane,FALSE,,FALSE,FALSE,FALSE,FALSE,TRUE,,FALSE,FALSE,FALSE,FALSE,FALSE,FALSE,FALSE,TRUE,,POINT (-73.964572179093 40.7811208719018)
"-7,396,889,292,827","4,077,688,995,369",15F-PM-1010-01,15F,PM,10102018,1,Adult,Gray,,Gray+,,Ground Plane,FALSE,,FALSE,FALSE,FALSE,FALSE,TRUE,,FALSE,FALSE,FALSE,FALSE,FALSE,FALSE,TRUE,FALSE,,POINT (-73.9688929282726 40.7768899536946)
"-7,397,044,490,961","4,076,899,707,783",6I-PM-1013-05,06I,PM,10132018,5,Adult,Gray,White,Gray+White,,Ground Plane,FALSE,,FALSE,FALSE,FALSE,FALSE,FALSE,playing with #6,FALSE,FALSE,FALSE,FALSE,TRUE,FALSE,FALSE,FALSE,,POINT (-73.9704449096084 40.7689970778303)
"-7,397,638,947,595","4,077,055,233,724",5C-PM-1010-12,05C,PM,10102018,12,Adult,Cinnamon,White,Cinnamon+White,,Ground Plane,FALSE,,FALSE,FALSE,FALSE,TRUE,TRUE,,FALSE,FALSE,FALSE,FALSE,FALSE,FALSE,FALSE,FALSE,,POINT (-73.9763894759543 40.7705523372364)
"-7,396,821,292,618","4,077,542,323,581",14G-AM-1012-03,14G,AM,10122018,3,Adult,Gray,Cinnamon,Gray+Cinnamon,,Ground Plane,FALSE,,FALSE,FALSE,FALSE,FALSE,TRUE,,FALSE,FALSE,FALSE,FALSE,TRUE,FALSE,FALSE,TRUE,,POINT (-73.9682129261841 40.7754232358118)
"-7,397,772,569,894","4,076,662,369,956",1E-AM-1006-03,01E,AM,10062018,3,Adult,Gray,,Gray+,,Ground Plane,FALSE,,FALSE,FALSE,FALSE,FALSE,TRUE,,FALSE,FALSE,FALSE,FALSE,TRUE,FALSE,FALSE,FALSE,,POINT (-73.9777256989362 40.766623699564)
"-7,396,940,666,002","4,078,056,621,807",18C-PM-1018-06,18C,PM,10182018,6,Juvenile,Gray,"Cinnamon, White","Gray+Cinnamon, White",,Above Ground,1,,FALSE,FALSE,TRUE,TRUE,TRUE,,FALSE,FALSE,FALSE,FALSE,FALSE,FALSE,TRUE,FALSE,,POINT (-73.9694066600156 40.7805662180672)
"-7,395,685,442,709","4,079,725,172,745",39D-AM-1008-06,39D,AM,10082018,6,Adult,Gray,,Gray+,,Above Ground,3,on rock,FALSE,FALSE,FALSE,FALSE,FALSE,,FALSE,FALSE,FALSE,FALSE,FALSE,FALSE,FALSE,TRUE,,POINT (-73.9568544270881 40.7972517274475)
"-7,396,770,969,852","4,078,253,583,612",21C-AM-1014-02,21C,AM,10142018,2,Adult,Gray,Cinnamon,Gray+Cinnamon,,Above Ground,50,,TRUE,TRUE,TRUE,FALSE,TRUE,,FALSE,TRUE,FALSE,FALSE,FALSE,FALSE,FALSE,FALSE,looked at us from tree,POINT (-73.9677096985223 40.7825358361204)
"-7,397,902,264,006","4,076,989,976,538",4B-AM-1010-01,04B,AM,10102018,1,Adult,Gray,"Black, Cinnamon","Gray+Black, Cinnamon",,Above Ground,2,,FALSE,FALSE,TRUE,FALSE,FALSE,,FALSE,FALSE,FALSE,FALSE,TRUE,FALSE,TRUE,FALSE,,POINT (-73.9790226400629 40.7698997653792)
"-7,396,895,041,147","4,077,667,701,538",14F-PM-1012-05,14F,PM,10122018,5,Adult,Cinnamon,"Gray, White","Cinnamon+Gray, White",,Above Ground,2,on a fallen branch,TRUE,FALSE,FALSE,TRUE,FALSE,sitting,FALSE,FALSE,FALSE,FALSE,FALSE,FALSE,FALSE,FALSE,looking at me,POINT (-73.9689504114652 40.7766770153764)
"-7,398,004,811,992","407,676,638,655",1B-AM-1012-06,01B,AM,10122018,6,Adult,Gray,Cinnamon,Gray+Cinnamon,,Ground Plane,FALSE,,FALSE,TRUE,TRUE,FALSE,FALSE,,FALSE,FALSE,FALSE,FALSE,FALSE,FALSE,TRUE,FALSE,,POINT (-73.980048119915 40.7676638655026)
"-7,395,932,444,151","4,079,496,472,975",36C-PM-1013-03,36C,PM,10132018,3,Adult,Gray,,Gray+,,Ground Plane,FALSE,Clearing near bike path (bikes active),FALSE,TRUE,FALSE,TRUE,TRUE,,FALSE,FALSE,FALSE,FALSE,TRUE,FALSE,TRUE,FALSE,,POINT (-73.9593244415072 40.794964729747)
"-7,397,798,744,057","4,077,307,653,774",7A-PM-1007-02,07A,PM,10072018,2,Adult,Gray,Cinnamon,Gray+Cinnamon,,Above Ground,10,,FALSE,FALSE,TRUE,FALSE,FALSE,,FALSE,FALSE,FALSE,FALSE,FALSE,FALSE,FALSE,FALSE,,POINT (-73.9779874405715 40.7730765377366)
"-7,395,703,919,015","4,079,306,972,078",35F-AM-1007-01,35F,AM,10072018,1,Adult,Gray,Cinnamon,Gray+Cinnamon,,Ground Plane,FALSE,,FALSE,FALSE,FALSE,TRUE,TRUE,,FALSE,FALSE,FALSE,FALSE,TRUE,FALSE,TRUE,FALSE,,POINT (-73.9570391901515 40.7930697207834)
"-7,396,479,040,852","4,079,115,890,022",30A-PM-1020-02,30A,PM,10202018,2,Adult,Gray,"Cinnamon, White","Gray+Cinnamon, White",Cinnamon back. Gray & Cinnamon selected as Primary. White selected as Highlights. Made executive adjustments.,Ground Plane,FALSE,Rock,FALSE,FALSE,FALSE,TRUE,FALSE,,FALSE,FALSE,FALSE,FALSE,FALSE,FALSE,FALSE,TRUE,,POINT (-73.9647904085226 40.7911589002217)
"-7,395,734,776,438","4,079,717,340,605",39C-AM-1017-01,39C,AM,10172018,1,Adult,Gray,,Gray+,,Ground Plane,FALSE,,TRUE,FALSE,FALSE,FALSE,FALSE,,FALSE,FALSE,FALSE,FALSE,FALSE,FALSE,TRUE,FALSE,,POINT (-73.9573477643797 40.7971734060509)
"-7,397,069,292,706","4,077,278,411,194",10G-AM-1006-06,10G,AM,10062018,6,Juvenile,Gray,,Gray+,skinny tail,Ground Plane,FALSE,,FALSE,TRUE,FALSE,FALSE,FALSE,chasing (#5),TRUE,FALSE,FALSE,FALSE,FALSE,FALSE,FALSE,FALSE,,POINT (-73.9706929270645 40.7727841119424)
"-7,395,907,075,403","4,079,066,751,434",32E-PM-1017-07,32E,PM,10172018,7,Adult,Gray,,Gray+,,Ground Plane,FALSE,treed area,FALSE,FALSE,TRUE,FALSE,FALSE,,FALSE,FALSE,FALSE,FALSE,FALSE,FALSE,FALSE,TRUE,,POINT (-73.959070754026 40.7906675143413)
"-7,396,820,671,299","407,779,911,208",16E-PM-1018-05,16E,PM,10182018,5,Adult,Gray,Cinnamon,Gray+Cinnamon,,Ground Plane,FALSE,,FALSE,FALSE,FALSE,FALSE,FALSE,staring,FALSE,FALSE,FALSE,TRUE,FALSE,TRUE,FALSE,FALSE,approaches (very close),POINT (-73.9682067129876 40.7779911208015)
"-7,398,032,826,985","4,076,808,098,894",1B-PM-1019-09,01B,PM,10192018,9,Adult,Gray,White,Gray+White,,Ground Plane,FALSE,Tree to ground,FALSE,FALSE,FALSE,FALSE,TRUE,,FALSE,FALSE,FALSE,TRUE,FALSE,FALSE,TRUE,FALSE,,POINT (-73.9803282698463 40.7680809889384)
"-739,553,263,156","4,079,755,920,606",40D-PM-1013-04,40D,PM,10132018,4,Adult,Gray,Cinnamon,Gray+Cinnamon,,Ground Plane,FALSE,,TRUE,FALSE,FALSE,FALSE,FALSE,,FALSE,FALSE,FALSE,FALSE,FALSE,FALSE,FALSE,TRUE,,POINT (-73.9553263156025 40.7975592060572)
"-7,398,078,982,247","4,076,821,581,751",1A-PM-1014-04,01A,PM,10142018,4,Adult,Cinnamon,White,Cinnamon+White,,Ground Plane,FALSE,,FALSE,FALSE,FALSE,FALSE,TRUE,,FALSE,FALSE,FALSE,FALSE,FALSE,FALSE,TRUE,FALSE,,POINT (-73.9807898224726 40.768215817511)
"-739,507,772,993","4,079,491,889,602",40I-PM-1013-01,40I,PM,10132018,1,Adult,Gray,Cinnamon,Gray+Cinnamon,,Above Ground,7,,FALSE,FALSE,FALSE,TRUE,FALSE,eating (berries),FALSE,FALSE,FALSE,FALSE,FALSE,FALSE,TRUE,FALSE,,POINT (-73.9507772992986 40.7949188960194)
"-7,396,967,620,348","4,077,048,834,943",8H-AM-1017-02,08H,AM,10172018,2,Adult,Gray,Cinnamon,Gray+Cinnamon,,Above Ground,7,root bed of tree,TRUE,FALSE,FALSE,FALSE,TRUE,,FALSE,FALSE,FALSE,FALSE,FALSE,FALSE,TRUE,FALSE,,POINT (-73.9696762034757 40.7704883494264)
"-739,639,726,818","407,829,083,461",23F-PM-1013-01,23F,PM,10132018,1,Adult,Gray,"Cinnamon, White","Gray+Cinnamon, White",,Ground Plane,FALSE,,TRUE,FALSE,FALSE,FALSE,FALSE,,FALSE,FALSE,FALSE,FALSE,FALSE,FALSE,FALSE,TRUE,"runs from (dove into some bushes/undergrowth,only saw briefly! > not because of humans tho.)",POINT (-73.9639726817977 40.7829083461049)
"-7,396,903,953,636","4,077,112,820,503",9I-PM-1010-01,09I,PM,10102018,1,Adult,Gray,"Cinnamon, White","Gray+Cinnamon, White",standard coloration,Ground Plane,FALSE,,FALSE,FALSE,FALSE,FALSE,TRUE,,FALSE,FALSE,FALSE,FALSE,FALSE,FALSE,TRUE,FALSE,,POINT (-73.9690395363594 40.771128205027)
"-7,396,672,060,469","4,077,799,935,651",17G-PM-1017-04,17G,PM,10172018,4,Adult,Gray,White,Gray+White,,Above Ground,10,tree & ground,TRUE,TRUE,TRUE,FALSE,FALSE,,FALSE,FALSE,FALSE,FALSE,FALSE,FALSE,TRUE,FALSE,,POINT (-73.9667206046912 40.7779993565098)
"-739,525,699,068","4,079,371,257,881",38I-PM-1014-01,38I,PM,10142018,1,Adult,Gray,"Cinnamon, White","Gray+Cinnamon, White",,Ground Plane,FALSE,on the lawn East of the fountain,FALSE,FALSE,FALSE,FALSE,FALSE,scampering thru the grass!,FALSE,FALSE,FALSE,FALSE,TRUE,FALSE,FALSE,TRUE,,POINT (-73.9525699067954 40.7937125788106)
"-7,398,079,827,422","4,076,787,959,854",1B-PM-1019-01,01B,PM,10192018,1,Adult,Gray,White,Gray+White,,Ground Plane,FALSE,,FALSE,FALSE,FALSE,FALSE,TRUE,,FALSE,FALSE,FALSE,FALSE,FALSE,FALSE,TRUE,FALSE,,POINT (-73.9807982742225 40.7678795985389)
"-7,395,823,067,437","4,079,892,683,965",40B-AM-1019-08,40B,AM,10192018,8,Adult,Gray,White,Gray+White,,Ground Plane,FALSE,,FALSE,FALSE,TRUE,FALSE,TRUE,,FALSE,FALSE,FALSE,FALSE,FALSE,FALSE,TRUE,TRUE,,POINT (-73.958230674366 40.7989268396525)
"-7,396,740,331,258","407,769,132,902",15G-PM-1019-02,15G,PM,10192018,2,Adult,Gray,Cinnamon,Gray+Cinnamon,,Ground Plane,FALSE,,TRUE,FALSE,FALSE,FALSE,FALSE,,FALSE,FALSE,FALSE,FALSE,FALSE,FALSE,FALSE,TRUE,,POINT (-73.9674033125834 40.7769132902037)
"-7,397,933,344,164","4,076,741,420,892",1C-PM-1013-02,01C,PM,10132018,2,Adult,Cinnamon,White,Cinnamon+White,,Ground Plane,FALSE,,FALSE,FALSE,FALSE,FALSE,TRUE,digging,FALSE,FALSE,FALSE,FALSE,FALSE,FALSE,FALSE,FALSE,,POINT (-73.9793334416378 40.7674142089209)
"-739,669,529,836","4,078,718,641,514",25A-AM-1013-05,25A,AM,10132018,5,,Gray,,Gray+,,Ground Plane,FALSE,CROSS BRIDLE - INTO TREE TO AVOID DOGGO,TRUE,FALSE,TRUE,FALSE,FALSE,d.p.t.,FALSE,FALSE,FALSE,TRUE,TRUE,FALSE,TRUE,FALSE,calm,POINT (-73.96695298359921 40.7871864151365)
"-7,395,776,297,445","4,078,974,607,583",32G-PM-1013-01,32G,PM,10132018,1,Juvenile,Gray,Cinnamon,Gray+Cinnamon,Cinnamon belly,Ground Plane,FALSE,,FALSE,FALSE,FALSE,FALSE,TRUE,,FALSE,FALSE,FALSE,FALSE,FALSE,FALSE,TRUE,FALSE,allowed me to approach within 10 ft,POINT (-73.9577629744539 40.789746075829804)
"-7,397,280,693,558","4,077,944,581,317",15A-AM-1007-01,15A,AM,10072018,1,Adult,Gray,,Gray+,tbd,Ground Plane,FALSE,,FALSE,FALSE,FALSE,FALSE,TRUE,hopping,FALSE,FALSE,FALSE,FALSE,FALSE,FALSE,TRUE,FALSE,in fenced in lawn (chill),POINT (-73.9728069355821 40.7794458131748)
"-7,396,348,353,461","4,079,182,443,107",31A-PM-1017-03,31A,PM,10172018,3,Adult,Gray,"Cinnamon, White","Gray+Cinnamon, White",,Ground Plane,FALSE,,FALSE,FALSE,FALSE,TRUE,FALSE,,FALSE,FALSE,FALSE,FALSE,FALSE,FALSE,FALSE,FALSE,,POINT (-73.9634835346077 40.7918244310746)
"-7,396,348,114,952","4,079,070,558,508",30B-AM-1007-10,30B,AM,10072018,10,Adult,Gray,,Gray+,,Ground Plane,FALSE,,TRUE,FALSE,TRUE,FALSE,TRUE,,FALSE,FALSE,FALSE,FALSE,FALSE,FALSE,FALSE,TRUE,,POINT (-73.9634811495245 40.790705585077)
"-7,397,318,806,563","4,076,600,261,862",2H-AM-1006-01,02H,AM,10062018,1,Adult,Black,,Black+,,Ground Plane,FALSE,,TRUE,FALSE,TRUE,FALSE,FALSE,,FALSE,FALSE,FALSE,FALSE,FALSE,FALSE,TRUE,FALSE,,POINT (-73.9731880656287 40.7660026186155)
"-7,396,874,625,661","4,078,389,898,701",22B-PM-1014-06,22B,PM,10142018,6,,Gray,Cinnamon,Gray+Cinnamon,,Above Ground,10,,FALSE,FALSE,FALSE,FALSE,FALSE,digging,FALSE,FALSE,FALSE,FALSE,FALSE,FALSE,FALSE,FALSE,,POINT (-73.9687462566073 40.783898987005)
"-7,398,016,989,094","4,076,837,215,533",2B-AM-1010-04,02B,AM,10102018,4,Adult,Gray,,Gray+,,Ground Plane,FALSE,,FALSE,FALSE,FALSE,FALSE,TRUE,,FALSE,FALSE,FALSE,FALSE,FALSE,FALSE,TRUE,FALSE,,POINT (-73.9801698909399 40.7683721553321)
"-7,395,801,114,963","4,079,853,659,715",40B-AM-1019-05,40B,AM,10192018,5,Adult,Gray,"Cinnamon, White","Gray+Cinnamon, White",,Ground Plane,FALSE,,FALSE,FALSE,FALSE,FALSE,TRUE,,FALSE,FALSE,FALSE,FALSE,TRUE,TRUE,TRUE,FALSE,,POINT (-73.9580111496275 40.7985365971474)
"-7,395,908,687,486","4,079,060,476,304",32E-PM-1017-09,32E,PM,10172018,9,Adult,Gray,,Gray+,,Ground Plane,FALSE,treed area,FALSE,FALSE,FALSE,TRUE,TRUE,,FALSE,FALSE,FALSE,FALSE,FALSE,FALSE,FALSE,TRUE,,POINT (-73.9590868748584 40.7906047630418)
"-7,396,552,773,205","4,078,061,205,294",20F-AM-1014-03,20F,AM,10142018,3,Adult,Gray,,Gray+,,Above Ground,30,,FALSE,FALSE,TRUE,FALSE,FALSE,,TRUE,FALSE,FALSE,FALSE,FALSE,FALSE,FALSE,FALSE,,POINT (-73.9655277320465 40.7806120529369)
"-7,397,621,877,337","407,739,282,973",9B-PM-1013-08,09B,PM,10132018,8,Juvenile,Cinnamon,"Black, White","Cinnamon+Black, White",,Ground Plane,FALSE,,FALSE,FALSE,FALSE,FALSE,TRUE,,FALSE,FALSE,FALSE,TRUE,FALSE,FALSE,TRUE,FALSE,,POINT (-73.9762187733662 40.7739282973004)
"-7,397,569,931,984","4,076,819,566,419",3E-PM-1008-08,03E,PM,10082018,8,Adult,Cinnamon,,Cinnamon+,,Ground Plane,FALSE,,TRUE,FALSE,FALSE,FALSE,TRUE,,FALSE,FALSE,FALSE,FALSE,FALSE,FALSE,TRUE,FALSE,,POINT (-73.9756993198381 40.7681956641913)
"-7,396,577,217,153","4,077,853,483,026",18G-PM-1013-03,18G,PM,10132018,3,Adult,Gray,,Gray+,,Ground Plane,FALSE,,TRUE,FALSE,FALSE,TRUE,TRUE,,FALSE,FALSE,FALSE,FALSE,FALSE,FALSE,FALSE,TRUE,,POINT (-73.9657721715305 40.778534830257)
"-7,396,369,718,437","4,078,256,385,374",22F-AM-1007-04,22F,AM,10072018,4,Adult,Cinnamon,Gray,Cinnamon+Gray,,,,,FALSE,FALSE,FALSE,FALSE,TRUE,,FALSE,FALSE,FALSE,FALSE,FALSE,FALSE,TRUE,FALSE,,POINT (-73.9636971843665 40.7825638537362)
"-7,397,828,135,384","4,077,157,303,687",6A-AM-1006-02,06A,AM,10062018,2,Adult,Gray,"Cinnamon, White","Gray+Cinnamon, White",,Above Ground,30,tree,FALSE,TRUE,TRUE,FALSE,FALSE,,FALSE,FALSE,FALSE,TRUE,FALSE,FALSE,FALSE,FALSE,,POINT (-73.9782813538421 40.7715730368712)
"-739,694,979,297","4,076,946,674,087",7I-PM-1013-02,07I,PM,10132018,2,Adult,Gray,White,Gray+White,,Ground Plane,FALSE,Construction materials,TRUE,FALSE,FALSE,FALSE,FALSE,,FALSE,FALSE,FALSE,FALSE,TRUE,FALSE,FALSE,FALSE,,POINT (-73.9694979297007 40.7694667408721)
"-739,616,999,731","4,079,541,269,396",36A-AM-1018-02,36A,AM,10182018,2,Juvenile,Gray,White,Gray+White,,Above Ground,15,,FALSE,FALSE,FALSE,TRUE,FALSE,eating (red berries),FALSE,FALSE,FALSE,FALSE,FALSE,FALSE,TRUE,FALSE,,POINT (-73.9616999731028 40.7954126939561)
"-7,397,629,653,413","4,077,511,251,668",10A-AM-1006-02,10A,AM,10062018,2,Adult,Gray,White,Gray+White,,Ground Plane,FALSE,Bridle Path lawn,TRUE,FALSE,FALSE,FALSE,FALSE,,FALSE,FALSE,FALSE,FALSE,FALSE,FALSE,FALSE,FALSE,,POINT (-73.9762965341309 40.775112516678)
"-7,396,111,187,788","4,079,520,078,754",36A-PM-1013-01,36A,PM,10132018,1,,Gray,Cinnamon,Gray+Cinnamon,,Ground Plane,FALSE,,FALSE,FALSE,FALSE,FALSE,TRUE,burying,FALSE,FALSE,FALSE,FALSE,FALSE,TRUE,FALSE,FALSE,,POINT (-73.9611118778753 40.7952007875354)
"-7,397,487,092,064","4,077,608,025,411",11B-PM-1014-01,11B,PM,10142018,1,Adult,Gray,,Gray+,Fat!,Above Ground,10,,FALSE,FALSE,TRUE,FALSE,FALSE,,TRUE,FALSE,FALSE,FALSE,FALSE,FALSE,FALSE,TRUE,,POINT (-73.9748709206354 40.77608025411)
"-7,395,947,083,287","407,911,929,829",32E-AM-1007-07,32E,AM,10072018,7,Adult,Gray,,Gray+,,Above Ground,,on tennis club house roof,FALSE,FALSE,TRUE,FALSE,FALSE,,FALSE,FALSE,FALSE,FALSE,FALSE,FALSE,TRUE,FALSE,,POINT (-73.9594708328732 40.791192982895)
"-7,396,628,049,258","4,078,902,846,424",28A-PM-1007-01,28A,PM,10072018,1,Adult,Gray,Cinnamon,Gray+Cinnamon,,Ground Plane,FALSE,,FALSE,FALSE,FALSE,TRUE,FALSE,,FALSE,FALSE,FALSE,FALSE,FALSE,FALSE,TRUE,FALSE,,POINT (-73.9662804925774 40.7890284642399)
"-7,397,631,591,531","4,077,057,853,304",5C-AM-1006-07,05C,AM,10062018,7,Adult,Gray,Cinnamon,Gray+Cinnamon,,Ground Plane,FALSE,,FALSE,FALSE,FALSE,FALSE,TRUE,,FALSE,FALSE,FALSE,FALSE,FALSE,FALSE,TRUE,FALSE,,POINT (-73.9763159153138 40.7705785330431)
"-7,397,079,374,645","4,077,252,827,084",10G-PM-1017-07,10G,PM,10172018,7,Adult,Black,White,Black+White,,Ground Plane,FALSE,,FALSE,FALSE,FALSE,FALSE,FALSE,traveling,FALSE,FALSE,FALSE,FALSE,FALSE,FALSE,TRUE,FALSE,,POINT (-73.9707937464541 40.7725282708448)
"-739,549,337,398","4,079,465,527,316",38F-PM-1013-01,38F,PM,10132018,1,Adult,Gray,Cinnamon,Gray+Cinnamon,Cinnamon tail & belly,Ground Plane,FALSE,,FALSE,FALSE,FALSE,FALSE,TRUE,,FALSE,FALSE,FALSE,FALSE,FALSE,FALSE,FALSE,FALSE,,POINT (-73.9549337398033 40.7946552731628)
"-7,397,617,921,894","4,077,457,455,172",9A-AM-1013-09,09A,AM,10132018,9,Juvenile,Cinnamon,,Cinnamon+,,Ground Plane,FALSE,,TRUE,FALSE,FALSE,FALSE,FALSE,,FALSE,FALSE,FALSE,FALSE,FALSE,FALSE,TRUE,FALSE,,POINT (-73.9761792189352 40.7745745517215)
"-7,396,932,020,783","4,077,104,347,293",9H-AM-1006-01,09H,AM,10062018,1,Adult,Gray,White,Gray+White,,Ground Plane,FALSE,,FALSE,FALSE,FALSE,FALSE,TRUE,,FALSE,FALSE,FALSE,FALSE,TRUE,FALSE,TRUE,FALSE,,POINT (-73.9693202078293 40.771043472925)
"-7,396,995,174,925","4,077,531,695,954",13F-PM-1008-01,13F,PM,10082018,1,Adult,Gray,,Gray+,,Ground Plane,FALSE,,FALSE,FALSE,FALSE,TRUE,TRUE,,FALSE,FALSE,FALSE,FALSE,TRUE,TRUE,FALSE,FALSE,,POINT (-73.9699517492486 40.7753169595373)
"-739,728,895,596","4,076,993,783,323",6F-AM-1006-01,06F,AM,10062018,1,Juvenile,Cinnamon,Gray,Cinnamon+Gray,,Ground Plane,FALSE,,FALSE,FALSE,TRUE,TRUE,FALSE,,FALSE,FALSE,FALSE,FALSE,FALSE,TRUE,FALSE,FALSE,,POINT (-73.9728895595977 40.7699378332299)
"-7,397,072,450,136","4,077,806,565,883",15D-AM-1007-06,15D,AM,10072018,6,Adult,Gray,Cinnamon,Gray+Cinnamon,,Ground Plane,FALSE,,FALSE,FALSE,FALSE,TRUE,TRUE,,FALSE,FALSE,FALSE,FALSE,FALSE,FALSE,TRUE,FALSE,,POINT (-73.9707245013626 40.7780656588337)
"-7,397,648,500,868","4,077,373,407,206",8B-AM-1007-07,08B,AM,10072018,7,Juvenile,Gray,Black,Gray+Black,,Above Ground,8,,FALSE,FALSE,FALSE,TRUE,FALSE,holding nut,FALSE,FALSE,FALSE,FALSE,FALSE,FALSE,TRUE,FALSE,,POINT (-73.9764850086767 40.7737340720562)
"-7,395,337,564,261","4,079,471,444,779",38G-PM-1020-02,38G,PM,10202018,2,Adult,Gray,Cinnamon,Gray+Cinnamon,,Ground Plane,FALSE,,FALSE,FALSE,FALSE,FALSE,TRUE,,FALSE,FALSE,FALSE,TRUE,FALSE,FALSE,TRUE,FALSE,,POINT (-73.953375642605 40.7947144477885)
"-7,396,618,922,005","4,078,367,980,728",22D-PM-1012-06,22D,PM,10122018,6,Adult,Gray,"Black, Cinnamon, White","Gray+Black, Cinnamon, White",,Ground Plane,FALSE,,TRUE,FALSE,FALSE,FALSE,FALSE,,FALSE,FALSE,FALSE,FALSE,FALSE,FALSE,FALSE,TRUE,,POINT (-73.9661892200474 40.7836798072777)
"-7,397,799,837,948","4,076,754,520,992",2D-AM-1007-02,02D,AM,10072018,2,Adult,Gray,"Cinnamon, White","Gray+Cinnamon, White",,Above Ground,6,up tree,FALSE,TRUE,TRUE,FALSE,FALSE,,FALSE,FALSE,FALSE,FALSE,FALSE,FALSE,FALSE,FALSE,,POINT (-73.9779983794849 40.7675452099173)
"-7,397,964,096,715","4,076,790,498,712",1C-PM-1013-09,01C,PM,10132018,9,Adult,Cinnamon,Gray,Cinnamon+Gray,,Ground Plane,FALSE,,FALSE,FALSE,FALSE,TRUE,TRUE,,FALSE,FALSE,FALSE,FALSE,FALSE,FALSE,FALSE,FALSE,,POINT (-73.9796409671481 40.7679049871186)
"-7,396,914,204,121","4,077,734,925,821",15E-PM-1008-03,15E,PM,10082018,3,Adult,Gray,,Gray+,,Ground Plane,FALSE,,FALSE,FALSE,FALSE,FALSE,TRUE,walking,FALSE,FALSE,FALSE,FALSE,FALSE,FALSE,TRUE,FALSE,,POINT (-73.9691420412059 40.7773492582138)
"-7,395,912,985,511","407,919,612,446",33E-AM-1014-04,33E,AM,10142018,4,Adult,Black,"Cinnamon, White","Black+Cinnamon, White",,Ground Plane,FALSE,,TRUE,FALSE,FALSE,TRUE,FALSE,,FALSE,FALSE,FALSE,FALSE,FALSE,FALSE,TRUE,FALSE,,POINT (-73.9591298551111 40.7919612446005)
"-7,395,725,308,435","4,079,874,604,305",41B-AM-1010-05,41B,AM,10102018,5,Adult,Gray,White,Gray+White,,Ground Plane,FALSE,,FALSE,TRUE,FALSE,FALSE,FALSE,,FALSE,FALSE,FALSE,FALSE,FALSE,FALSE,FALSE,FALSE,,POINT (-73.9572530843479 40.7987460430546)
"-7,395,848,035,139","4,079,338,020,773",35D-PM-1013-01,35D,PM,10132018,1,Adult,Gray,White,Gray+White,,Above Ground,12,,FALSE,FALSE,TRUE,FALSE,FALSE,,FALSE,FALSE,FALSE,FALSE,FALSE,FALSE,TRUE,FALSE,,POINT (-73.9584803513939 40.7933802077327)
"-7,397,684,509,717","4,077,094,303,751",5C-PM-1010-07,05C,PM,10102018,7,Adult,Cinnamon,Gray,Cinnamon+Gray,,Above Ground,13,,FALSE,TRUE,FALSE,FALSE,FALSE,,FALSE,FALSE,FALSE,FALSE,FALSE,FALSE,FALSE,FALSE,,POINT (-73.97684509717 40.7709430375069)
"-7,395,279,247,554","4,079,343,662,605",37I-AM-1010-04,37I,AM,10102018,4,Adult,Gray,,Gray+,,Above Ground,50,in tree,FALSE,FALSE,TRUE,FALSE,FALSE,,FALSE,FALSE,FALSE,FALSE,FALSE,FALSE,TRUE,FALSE,,POINT (-73.9527924755398 40.7934366260533)
"-7,397,290,903,366","4,077,943,400,525",15A-AM-1007-02,15A,AM,10072018,2,Adult,Gray,,Gray+,,Ground Plane,FALSE,,FALSE,FALSE,FALSE,FALSE,TRUE,,FALSE,FALSE,FALSE,FALSE,FALSE,FALSE,TRUE,FALSE,in fenced in lawn (chill),POINT (-73.9729090336637 40.7794340052503)
"-7,396,777,515,074","4,077,909,900,667",17E-AM-1017-11,17E,AM,10172018,11,Adult,Gray,,Gray+,,Ground Plane,FALSE,Shore,TRUE,FALSE,FALSE,FALSE,FALSE,,FALSE,FALSE,FALSE,FALSE,FALSE,FALSE,TRUE,FALSE,,POINT (-73.9677751507448 40.7790990066658)
"-7,397,908,226,065","4,077,144,666,334",5A-AM-1006-03,05A,AM,10062018,3,Juvenile,Cinnamon,,Cinnamon+,,Above Ground,8,,FALSE,FALSE,TRUE,TRUE,FALSE,,FALSE,FALSE,FALSE,TRUE,FALSE,FALSE,FALSE,TRUE,,POINT (-73.9790822606486 40.7714466633386)
"-739,555,583,725","4,079,328,797,457",36F-PM-1012-07,36F,PM,10122018,7,Adult,Gray,White,Gray+White,,Ground Plane,FALSE,,FALSE,FALSE,FALSE,TRUE,FALSE,,FALSE,FALSE,FALSE,FALSE,FALSE,FALSE,FALSE,TRUE,,POINT (-73.9555583724966 40.7932879745739)
"-7,395,892,548,783","4,079,144,676,507",33E-PM-1012-09,33E,PM,10122018,9,Adult,Black,,Black+,,Ground Plane,FALSE,,FALSE,FALSE,FALSE,TRUE,TRUE,,FALSE,FALSE,FALSE,FALSE,FALSE,FALSE,FALSE,TRUE,,POINT (-73.9589254878322 40.7914467650712)
"-7,397,222,812,636","407,704,083,288",7G-AM-1010-06,07G,AM,10102018,6,Adult,Cinnamon,White,Cinnamon+White,,Ground Plane,FALSE,,FALSE,FALSE,FALSE,TRUE,FALSE,,FALSE,FALSE,FALSE,FALSE,FALSE,FALSE,TRUE,FALSE,,POINT (-73.9722281263634 40.7704083288013)
"-7,397,014,122,311","4,077,145,340,889",9H-PM-1018-08,09H,PM,10182018,8,Adult,Gray,,Gray+,,Ground Plane,FALSE,,FALSE,FALSE,FALSE,FALSE,TRUE,,FALSE,FALSE,FALSE,FALSE,FALSE,FALSE,FALSE,FALSE,,POINT (-73.9701412231078 40.7714534088899)
"-7,396,796,867,939","4,078,259,938,679",21C-AM-1014-01,21C,AM,10142018,1,Adult,Gray,Cinnamon,Gray+Cinnamon,,Above Ground,3,,TRUE,FALSE,FALSE,FALSE,FALSE,jumping back & forth on tree,FALSE,FALSE,FALSE,TRUE,TRUE,FALSE,TRUE,FALSE,,POINT (-73.9679686793869 40.7825993867876)
"-7,397,920,390,711","4,076,787,494,713",2C-AM-1010-07,02C,AM,10102018,7,Adult,Gray,"Cinnamon, White","Gray+Cinnamon, White",,Ground Plane,FALSE,,TRUE,TRUE,FALSE,FALSE,FALSE,#7 & #8 chased each other up diff tree,FALSE,FALSE,FALSE,FALSE,FALSE,FALSE,FALSE,TRUE,,POINT (-73.9792039071114 40.76787494712671)
"-7,397,053,707,955","4,077,617,254,349",13E-PM-1008-04,13E,PM,10082018,4,Adult,Gray,Cinnamon,Gray+Cinnamon,Gray & Cinnamon selected as Primary. Gray selected as Highlights. Made executive adjustments.,Ground Plane,FALSE,,FALSE,FALSE,FALSE,FALSE,TRUE,,FALSE,FALSE,FALSE,FALSE,TRUE,FALSE,FALSE,FALSE,he took 2 steps then turned and stared at me,POINT (-73.9705370795538 40.7761725434851)
"-7,397,736,921,314","4,076,797,711,501",3D-PM-1010-02,03D,PM,10102018,2,Adult,Gray,,Gray+,,Above Ground,8,,FALSE,FALSE,TRUE,FALSE,FALSE,,FALSE,FALSE,FALSE,FALSE,FALSE,FALSE,FALSE,FALSE,,POINT (-73.9773692131441 40.7679771150149)
"-7,397,258,972,403","4,076,913,420,793",6G-AM-1008-01,06G,AM,10082018,1,Adult,Gray,Cinnamon,Gray+Cinnamon,,Above Ground,20,in tree,FALSE,FALSE,FALSE,FALSE,FALSE,sitting,FALSE,FALSE,FALSE,FALSE,FALSE,FALSE,TRUE,FALSE,,POINT (-73.9725897240269 40.7691342079294)
"-7,396,961,191,798","4,078,029,261,119",18C-PM-1018-09,18C,PM,10182018,9,Juvenile,Gray,,Gray+,,Above Ground,5,,FALSE,FALSE,TRUE,TRUE,TRUE,,FALSE,FALSE,FALSE,FALSE,FALSE,FALSE,FALSE,FALSE,,POINT (-73.9696119179789 40.7802926111865)
"-739,651,817,987","4,078,190,828,383",21E-AM-1017-01,21E,AM,10172018,1,Adult,Gray,White,Gray+White,,Above Ground,3,Climbs small tree,FALSE,FALSE,FALSE,TRUE,TRUE,,FALSE,FALSE,FALSE,FALSE,TRUE,FALSE,FALSE,FALSE,walks from,POINT (-73.9651817987035 40.7819082838334)
"-7,397,145,121,252","4,077,602,752,501",13D-PM-1018-03,13D,PM,10182018,3,Adult,Gray,"Cinnamon, White","Gray+Cinnamon, White",Gray & Cinnamon selected as Primary. White selected as Highlights. Made executive adjustments.,Ground Plane,FALSE,,TRUE,FALSE,FALSE,TRUE,TRUE,,FALSE,FALSE,FALSE,FALSE,FALSE,FALSE,TRUE,FALSE,,POINT (-73.9714512125212 40.7760275250114)
"-7,397,455,562,299","407,672,921,041",3F-AM-1006-07,03F,AM,10062018,7,Juvenile,Gray,"Cinnamon, White","Gray+Cinnamon, White",,Ground Plane,FALSE,close to tall tree & light post,FALSE,FALSE,FALSE,FALSE,TRUE,,FALSE,FALSE,FALSE,FALSE,FALSE,FALSE,TRUE,FALSE,,POINT (-73.9745556229855 40.7672921040998)
"-7,395,652,608,898","4,079,918,079,243",42C-AM-1007-03,42C,AM,10072018,3,,,,+,,,,,FALSE,FALSE,FALSE,FALSE,FALSE,,FALSE,TRUE,FALSE,FALSE,FALSE,FALSE,FALSE,FALSE,,POINT (-73.9565260889843 40.79918079243371)
"-7,397,393,263,938","4,077,791,053,705",14A-PM-1014-07,14A,PM,10142018,7,Adult,Gray,"Cinnamon, White","Gray+Cinnamon, White",,Ground Plane,FALSE,,FALSE,FALSE,FALSE,FALSE,TRUE,,FALSE,FALSE,FALSE,FALSE,FALSE,FALSE,TRUE,FALSE,,POINT (-73.9739326393775 40.7779105370473)
"-7,395,430,443,854","4,079,844,985,713",41E-AM-1007-04,41E,AM,10072018,4,Adult,Cinnamon,White,Cinnamon+White,white haunches/tail,Ground Plane,FALSE,rubbing belly on ground,FALSE,FALSE,FALSE,FALSE,TRUE,,FALSE,FALSE,FALSE,FALSE,FALSE,FALSE,TRUE,FALSE,,POINT (-73.9543044385367 40.798449857133804)
"-7,396,709,048,699","407,832,091,658",21D-PM-1008-06,21D,PM,10082018,6,Adult,Gray,"Cinnamon, White","Gray+Cinnamon, White",,Ground Plane,FALSE,,TRUE,FALSE,FALSE,FALSE,FALSE,,FALSE,FALSE,FALSE,FALSE,FALSE,FALSE,FALSE,TRUE,,POINT (-73.9670904869871 40.7832091658006)
"-7,397,197,293,239","4,076,683,183,945",4I-AM-1006-03,04I,AM,10062018,3,Adult,,,+,Can't tell :(,Above Ground,28,Tree,FALSE,FALSE,TRUE,FALSE,FALSE,building nest!,FALSE,FALSE,FALSE,FALSE,FALSE,FALSE,FALSE,FALSE,,POINT (-73.9719729323923 40.7668318394546)
"-7,395,901,327,059","4,079,522,482,798",37C-AM-1012-03,37C,AM,10122018,3,Adult,Gray,Cinnamon,Gray+Cinnamon,Cinnamon flanks,Ground Plane,FALSE,,FALSE,FALSE,FALSE,FALSE,TRUE,,FALSE,FALSE,FALSE,FALSE,FALSE,FALSE,TRUE,FALSE,,POINT (-73.9590132705889 40.7952248279764)
"-7,395,851,333,403","4,079,637,216,795",38C-PM-1014-03,38C,PM,10142018,3,Adult,Gray,Cinnamon,Gray+Cinnamon,,Ground Plane,FALSE,,FALSE,FALSE,FALSE,TRUE,TRUE,,TRUE,FALSE,FALSE,FALSE,FALSE,FALSE,FALSE,TRUE,,POINT (-73.9585133340331 40.7963721679474)
"-7,397,482,476,778","4,076,678,938,678",2G-AM-1010-01,02G,AM,10102018,1,Adult,Gray,,Gray+,,Ground Plane,FALSE,,FALSE,FALSE,FALSE,FALSE,TRUE,,FALSE,FALSE,FALSE,FALSE,FALSE,FALSE,TRUE,FALSE,,POINT (-73.9748247677824 40.7667893867839)
"-7,397,779,989,324","4,077,098,158,653",5B-PM-1013-02,05B,PM,10132018,2,Adult,Gray,White,Gray+White,,Above Ground,5,,FALSE,FALSE,TRUE,FALSE,FALSE,,FALSE,FALSE,FALSE,FALSE,FALSE,FALSE,FALSE,FALSE,,POINT (-73.9777998932399 40.7709815865334)
"-7,395,272,272,821","4,079,350,614,841",37I-AM-1010-03,37I,AM,10102018,3,Adult,Cinnamon,Gray,Cinnamon+Gray,,Above Ground,4,in tree,FALSE,FALSE,TRUE,FALSE,FALSE,,FALSE,FALSE,FALSE,FALSE,FALSE,FALSE,TRUE,FALSE,,POINT (-73.9527227282134 40.7935061484064)
"-7,397,640,135,899","4,076,630,634,992",1F-PM-1019-03,01F,PM,10192018,3,Juvenile,Gray,,Gray+,,Above Ground,1,,FALSE,FALSE,FALSE,FALSE,FALSE,hiding,FALSE,FALSE,FALSE,FALSE,FALSE,FALSE,FALSE,FALSE,,POINT (-73.9764013589865 40.7663063499207)
"-7,397,174,698,222","4,077,537,319,307",12D-PM-1014-03,12D,PM,10142018,3,Adult,Gray,,Gray+,,Ground Plane,FALSE,,TRUE,FALSE,FALSE,TRUE,FALSE,,FALSE,FALSE,FALSE,FALSE,TRUE,FALSE,TRUE,FALSE,,POINT (-73.9717469822209 40.7753731930704)
"-7,396,794,573,646","407,717,350,222",10I-AM-1010-02,10I,AM,10102018,2,Adult,Gray,White,Gray+White,,Ground Plane,FALSE,,FALSE,FALSE,FALSE,FALSE,TRUE,,FALSE,FALSE,FALSE,FALSE,TRUE,FALSE,FALSE,TRUE,,POINT (-73.9679457364586 40.7717350221981)
"-7,397,672,475,937","4,077,262,000,542",7B-AM-1008-15,07B,AM,10082018,15,Adult,Gray,Cinnamon,Gray+Cinnamon,,Ground Plane,FALSE,,FALSE,FALSE,FALSE,TRUE,FALSE,,FALSE,FALSE,FALSE,FALSE,FALSE,TRUE,FALSE,FALSE,,POINT (-73.9767247593654 40.7726200054197)
"-7,397,893,851,961","4,076,752,021,572",2C-AM-1010-02,02C,AM,10102018,2,Adult,Gray,Cinnamon,Gray+Cinnamon,,Ground Plane,FALSE,,FALSE,FALSE,FALSE,TRUE,TRUE,,FALSE,FALSE,FALSE,FALSE,FALSE,FALSE,FALSE,FALSE,,POINT (-73.9789385196073 40.7675202157155)
"-7,397,686,440,258","407,705,663,752",5C-PM-1010-05,05C,PM,10102018,5,Adult,Gray,White,Gray+White,,Ground Plane,FALSE,,TRUE,FALSE,TRUE,FALSE,FALSE,,FALSE,FALSE,FALSE,FALSE,FALSE,FALSE,FALSE,FALSE,,POINT (-73.976864402584 40.7705663751959)
"-7,398,115,858,076","4,076,870,674,873",2A-AM-1010-06,02A,AM,10102018,6,Adult,Cinnamon,,Cinnamon+,,Ground Plane,FALSE,,TRUE,TRUE,FALSE,FALSE,FALSE,chasing #5,FALSE,FALSE,FALSE,FALSE,FALSE,FALSE,FALSE,FALSE,,POINT (-73.9811585807616 40.768706748732)
"-7,397,191,099,492","4,077,231,385,213",9F-AM-1013-01,09F,AM,10132018,1,Adult,Black,,Black+,,Ground Plane,FALSE,,FALSE,FALSE,FALSE,TRUE,FALSE,,FALSE,FALSE,FALSE,FALSE,FALSE,FALSE,FALSE,TRUE,,POINT (-73.9719109949232 40.7723138521327)
"-7,396,833,454,148","4,077,790,162,803",16E-PM-1018-07,16E,PM,10182018,7,Juvenile,Gray,Cinnamon,Gray+Cinnamon,,Above Ground,10,,FALSE,FALSE,TRUE,FALSE,FALSE,,TRUE,FALSE,FALSE,FALSE,FALSE,FALSE,TRUE,FALSE,,POINT (-73.9683345414813 40.7779016280345)
"-73,977,087,394","4,077,103,796,621",6C-PM-1020-02,06C,PM,10202018,2,Adult,Gray,,Gray+,,Above Ground,10,,FALSE,FALSE,TRUE,FALSE,FALSE,,FALSE,FALSE,FALSE,FALSE,FALSE,FALSE,FALSE,FALSE,,POINT (-73.9770873939997 40.7710379662106)
"-7,397,853,537,754","4,076,749,236,832",2C-PM-1013-01,02C,PM,10132018,1,Adult,Gray,White,Gray+White,,Ground Plane,FALSE,,TRUE,TRUE,FALSE,FALSE,FALSE,,FALSE,FALSE,FALSE,FALSE,FALSE,FALSE,FALSE,FALSE,,POINT (-73.9785353775382 40.7674923683184)
"-7,396,035,971,176","4,078,243,992,984",23I-PM-1019-02,23I,PM,10192018,2,Adult,Gray,,Gray+,,Ground Plane,FALSE,,FALSE,FALSE,TRUE,FALSE,FALSE,,FALSE,FALSE,FALSE,FALSE,FALSE,FALSE,FALSE,FALSE,,POINT (-73.9603597117619 40.7824399298414)
"-7,397,098,978,498","4,076,862,796,401",6H-AM-1008-02,06H,AM,10082018,2,Adult,Cinnamon,Gray,Cinnamon+Gray,,Ground Plane,FALSE,,TRUE,FALSE,FALSE,FALSE,TRUE,,FALSE,FALSE,FALSE,FALSE,FALSE,FALSE,TRUE,FALSE,,POINT (-73.9709897849823 40.768627964006)
"-7,397,010,109,647","4,076,889,193,145",6I-PM-1013-02,06I,PM,10132018,2,Adult,Black,,Black+,,Ground Plane,FALSE,Bushes,FALSE,TRUE,FALSE,FALSE,FALSE,,FALSE,FALSE,FALSE,FALSE,FALSE,FALSE,FALSE,FALSE,,POINT (-73.9701010964667 40.76889193145081)
"-7,396,239,842,629","4,079,139,004,534",31C-PM-1010-03,31C,PM,10102018,3,Adult,Gray,White,Gray+White,,Above Ground,10,,FALSE,FALSE,TRUE,FALSE,FALSE,,FALSE,FALSE,FALSE,FALSE,FALSE,FALSE,FALSE,TRUE,,POINT (-73.9623984262936 40.7913900453449)
"-7,396,529,212,336","4,079,044,056,585",29A-PM-1019-01,29A,PM,10192018,1,Adult,Gray,Cinnamon,Gray+Cinnamon,,Ground Plane,FALSE,,FALSE,FALSE,FALSE,FALSE,TRUE,,FALSE,FALSE,FALSE,FALSE,FALSE,FALSE,TRUE,FALSE,,POINT (-73.9652921233647 40.790440565854)
"-7,396,776,216,289","4,078,233,590,272",20C-PM-1018-08,20C,PM,10182018,8,Juvenile,Cinnamon,,Cinnamon+,,Ground Plane,FALSE,,TRUE,FALSE,FALSE,FALSE,FALSE,,FALSE,FALSE,FALSE,FALSE,FALSE,TRUE,FALSE,TRUE,runs from (dog),POINT (-73.967762162893 40.7823359027165)
"-7,396,567,502,326","407,833,002,587",22E-PM-1014-01,22E,PM,10142018,1,Adult,Gray,Cinnamon,Gray+Cinnamon,,Ground Plane,FALSE,,FALSE,FALSE,FALSE,FALSE,TRUE,,FALSE,FALSE,FALSE,FALSE,FALSE,FALSE,FALSE,FALSE,,POINT (-73.9656750232596 40.7833002587016)
"-7,395,957,172,253","4,078,298,724,983",25I-PM-1007-03,25I,PM,10072018,3,Adult,Gray,,Gray+,,Ground Plane,FALSE,,TRUE,FALSE,FALSE,FALSE,FALSE,,FALSE,FALSE,FALSE,FALSE,FALSE,FALSE,FALSE,FALSE,,POINT (-73.9595717225279 40.7829872498299)
"-7,395,589,438,801","4,079,715,351,419",40D-PM-1013-06,40D,PM,10132018,6,Adult,Gray,Cinnamon,Gray+Cinnamon,,Above Ground,4,,FALSE,FALSE,TRUE,FALSE,FALSE,,FALSE,FALSE,FALSE,FALSE,FALSE,FALSE,FALSE,TRUE,,POINT (-73.9558943880051 40.7971535141896)
"-7,397,458,599,987","4,076,716,348,856",3G-AM-1008-02,03G,AM,10082018,2,Adult,Gray,,Gray+,Big one! Beautiful tail,Ground Plane,FALSE,,FALSE,FALSE,TRUE,FALSE,FALSE,,FALSE,FALSE,FALSE,FALSE,FALSE,FALSE,TRUE,FALSE,,POINT (-73.9745859998733 40.7671634885616)
"-7,397,025,414,714","4,076,985,842,318",7H-AM-1006-12,07H,AM,10062018,12,Adult,Cinnamon,Gray,Cinnamon+Gray,,Ground Plane,FALSE,,FALSE,FALSE,FALSE,FALSE,TRUE,,FALSE,FALSE,FALSE,FALSE,FALSE,FALSE,TRUE,FALSE,,POINT (-73.9702541471417 40.7698584231797)
"-7,397,980,051,887","4,076,918,687,917",3A-PM-1017-01,03A,PM,10172018,1,Adult,Cinnamon,Gray,Cinnamon+Gray,,Ground Plane,FALSE,,FALSE,FALSE,FALSE,FALSE,TRUE,,FALSE,FALSE,FALSE,FALSE,FALSE,TRUE,FALSE,FALSE,,POINT (-73.97980051887042 40.7691868791734)
"-7,396,196,099,761","4,079,228,244,435",33B-PM-1010-09,33B,PM,10102018,9,Adult,Gray,,Gray+,,Ground Plane,FALSE,,FALSE,FALSE,FALSE,FALSE,TRUE,,FALSE,FALSE,FALSE,FALSE,FALSE,FALSE,FALSE,FALSE,,POINT (-73.9619609976132 40.7922824443528)
"-7,397,298,489,965","4,077,071,432,943",7F-AM-1008-11,07F,AM,10082018,11,Adult,Gray,,Gray+,,Ground Plane,FALSE,,TRUE,FALSE,FALSE,FALSE,FALSE,,FALSE,FALSE,FALSE,FALSE,FALSE,FALSE,TRUE,FALSE,,POINT (-73.9729848996456 40.7707143294261)
"-7,395,121,209,495","4,079,479,452,665",39I-PM-1013-01,39I,PM,10132018,1,Adult,Gray,,Gray+,,Ground Plane,FALSE,along the road,FALSE,FALSE,FALSE,TRUE,FALSE,digging,FALSE,FALSE,FALSE,FALSE,FALSE,FALSE,FALSE,FALSE,,POINT (-73.9512120949478 40.7947945266515)
"-7,395,624,697,272","4,079,685,907,654",39D-AM-1008-04,39D,AM,10082018,4,Adult,Gray,,Gray+,,Above Ground,10,,FALSE,FALSE,TRUE,FALSE,FALSE,,FALSE,FALSE,FALSE,FALSE,FALSE,FALSE,FALSE,FALSE,,POINT (-73.9562469727195 40.79685907654)
"-7,397,957,282,896","4,076,786,698,048",1C-PM-1013-07,01C,PM,10132018,7,Adult,Cinnamon,Gray,Cinnamon+Gray,,Ground Plane,FALSE,,FALSE,FALSE,FALSE,FALSE,TRUE,,FALSE,FALSE,FALSE,FALSE,FALSE,FALSE,FALSE,FALSE,,POINT (-73.9795728289645 40.7678669804787)
"-7,397,445,117,532","4,077,012,946,353",6E-PM-1010-04,06E,PM,10102018,4,Adult,Cinnamon,White,Cinnamon+White,white back legs,Ground Plane,FALSE,small open area but w/ 7 large oak trees,FALSE,TRUE,FALSE,TRUE,FALSE,chasing #3,FALSE,FALSE,FALSE,FALSE,FALSE,FALSE,TRUE,FALSE,,POINT (-73.974451175321 40.7701294635264)
"-7,395,667,851,365","4,079,633,683,328",39D-PM-1012-02,39D,PM,10122018,2,Adult,Gray,White,Gray+White,,Ground Plane,FALSE,,FALSE,FALSE,FALSE,FALSE,TRUE,,FALSE,FALSE,FALSE,FALSE,TRUE,FALSE,FALSE,TRUE,,POINT (-73.9566785136491 40.7963368332834)
"-7,395,708,916,968","4,079,354,488,022",36E-PM-1012-01,36E,PM,10122018,1,Adult,Gray,Cinnamon,Gray+Cinnamon,,Ground Plane,FALSE,,TRUE,FALSE,FALSE,FALSE,TRUE,,FALSE,FALSE,FALSE,FALSE,FALSE,FALSE,TRUE,FALSE,,POINT (-73.9570891696776 40.7935448802241)
"-7,397,051,151,894","4,076,983,955,771",7H-AM-1006-08,07H,AM,10062018,8,Adult,Gray,Cinnamon,Gray+Cinnamon,,Ground Plane,FALSE,,FALSE,FALSE,FALSE,FALSE,TRUE,,FALSE,FALSE,FALSE,FALSE,FALSE,TRUE,FALSE,FALSE,,POINT (-73.9705115189429 40.7698395577068)
"-7,395,890,967,828","4,079,396,987,579",35D-AM-1019-02,35D,AM,10192018,2,Adult,Gray,"Black, Cinnamon, White","Gray+Black, Cinnamon, White","Black tail & edge, Cinnamon mid, While tail edge",Ground Plane,FALSE,,FALSE,FALSE,FALSE,FALSE,TRUE,very quietly searching in long grass,FALSE,FALSE,FALSE,FALSE,FALSE,FALSE,FALSE,FALSE,,POINT (-73.9589096782789 40.7939698757903)
"-739,763,236,949","4,076,868,156,153",4D-PM-1008-12,04D,PM,10082018,12,Adult,Cinnamon,"Gray, White","Cinnamon+Gray, White",,Above Ground,3,,TRUE,FALSE,FALSE,FALSE,FALSE,was chased by # 11,TRUE,FALSE,FALSE,FALSE,FALSE,FALSE,FALSE,TRUE,,POINT (-73.9763236949008 40.7686815615335)
"-739,730,454,296","4,077,029,094,544",7F-AM-1008-05,07F,AM,10082018,5,Adult,Gray,,Gray+,,Ground Plane,FALSE,bush,FALSE,TRUE,FALSE,FALSE,FALSE,,FALSE,FALSE,FALSE,FALSE,FALSE,FALSE,TRUE,FALSE,,POINT (-73.9730454295997 40.7702909454392)
"-7,397,246,812,695","4,077,434,746,758",11D-PM-1006-03,11D,PM,10062018,3,Adult,Cinnamon,Gray,Cinnamon+Gray,,Ground Plane,FALSE,,FALSE,FALSE,FALSE,TRUE,TRUE,,FALSE,FALSE,FALSE,FALSE,FALSE,TRUE,FALSE,FALSE,,POINT (-73.9724681269526 40.7743474675821)
"-7,396,681,408,041","4,077,681,001,473",15G-AM-1008-06,15G,AM,10082018,6,Adult,Cinnamon,White,Cinnamon+White,,Ground Plane,FALSE,,FALSE,FALSE,FALSE,TRUE,FALSE,,FALSE,FALSE,FALSE,FALSE,FALSE,FALSE,FALSE,TRUE,,POINT (-73.9668140804066 40.7768100147333)
"-7,396,859,351,775","4,077,355,371,396",11H-PM-1013-03,11H,PM,10132018,3,Adult,Gray,,Gray+,,Ground Plane,FALSE,,FALSE,FALSE,FALSE,FALSE,FALSE,planting nut,FALSE,FALSE,FALSE,FALSE,FALSE,FALSE,TRUE,FALSE,,POINT (-73.96859351775 40.7735537139641)
"-7,395,901,998,713","4,079,125,466,918",33E-PM-1012-05,33E,PM,10122018,5,Adult,Gray,White,Gray+White,,Ground Plane,FALSE,,FALSE,FALSE,FALSE,FALSE,FALSE,playing,FALSE,FALSE,FALSE,FALSE,FALSE,FALSE,FALSE,FALSE,,POINT (-73.959019987128 40.7912546691805)
"-7,397,754,653,653","4,076,819,437,079",3D-PM-1010-09,03D,PM,10102018,9,Adult,Gray,,Gray+,,Ground Plane,FALSE,,TRUE,FALSE,FALSE,FALSE,TRUE,,FALSE,FALSE,FALSE,FALSE,FALSE,FALSE,FALSE,TRUE,,POINT (-73.9775465365348 40.7681943707876)
"-7,396,040,899,402","4,079,100,280,631",32D-AM-1013-04,32D,AM,10132018,4,Adult,Cinnamon,,Cinnamon+,Brown legs,Ground Plane,FALSE,,TRUE,FALSE,FALSE,FALSE,FALSE,,FALSE,FALSE,FALSE,FALSE,TRUE,TRUE,FALSE,TRUE,,POINT (-73.9604089940153 40.7910028063138)
"-739,709,534,894","4,077,659,647,408",14D-AM-1014-15,14D,AM,10142018,15,Adult,Gray,"Cinnamon, White","Gray+Cinnamon, White",,Ground Plane,FALSE,,FALSE,FALSE,FALSE,TRUE,TRUE,,FALSE,FALSE,FALSE,FALSE,FALSE,TRUE,FALSE,FALSE,,POINT (-73.9709534894049 40.7765964740768)
"-7,397,055,091,705","4,076,894,165,402",6I-PM-1013-04,06I,PM,10132018,4,Adult,Black,Gray,Black+Gray,,Ground Plane,FALSE,Grass,FALSE,FALSE,FALSE,TRUE,FALSE,,FALSE,FALSE,FALSE,FALSE,TRUE,FALSE,FALSE,FALSE,,POINT (-73.9705509170542 40.7689416540228)
"-739,802,831,706","4,076,927,632,956",3A-AM-1012-02,03A,AM,10122018,2,Adult,Gray,"Black, Cinnamon","Gray+Black, Cinnamon",Gray & Cinnamon selected as Primary. Black & Cinnamon selected as Highlights. Made executive adjustments.,Above Ground,1,,TRUE,FALSE,FALSE,FALSE,FALSE,,FALSE,FALSE,FALSE,FALSE,TRUE,FALSE,FALSE,TRUE,,POINT (-73.9802831706033 40.7692763295564)
"-7,396,129,005,538","4,079,129,173,919",32C-AM-1014-01,32C,AM,10142018,1,Adult,Gray,,Gray+,,Ground Plane,FALSE,,TRUE,FALSE,FALSE,TRUE,TRUE,,FALSE,FALSE,FALSE,FALSE,FALSE,FALSE,FALSE,TRUE,,POINT (-73.9612900553755 40.7912917391867)
"-7,397,666,536,639","407,688,767,713",4D-AM-1012-01,04D,AM,10122018,1,Adult,Gray,"Cinnamon, White","Gray+Cinnamon, White",,Ground Plane,FALSE,,TRUE,FALSE,TRUE,FALSE,TRUE,,FALSE,FALSE,FALSE,FALSE,FALSE,FALSE,TRUE,FALSE,,POINT (-73.9766653663947 40.7688767713012)
"-7,396,428,057,302","4,077,783,091,149",18I-PM-1007-08,18I,PM,10072018,8,Adult,Gray,Cinnamon,Gray+Cinnamon,,Above Ground,20,,FALSE,TRUE,TRUE,FALSE,FALSE,canoodling w/ #9,FALSE,FALSE,FALSE,FALSE,FALSE,FALSE,TRUE,FALSE,,POINT (-73.964280573021 40.777830911491)
"-7,395,521,466,657","4,078,929,091,024",32I-PM-1007-03,32I,PM,10072018,3,Adult,Gray,,Gray+,small adult,Above Ground,20,,FALSE,FALSE,TRUE,FALSE,FALSE,,FALSE,FALSE,FALSE,FALSE,FALSE,FALSE,TRUE,FALSE,,POINT (-73.9552146665714 40.7892909102377)
"-7,397,040,245,299","4,077,292,560,639",10G-AM-1006-04,10G,AM,10062018,4,Juvenile,Gray,White,Gray+White,,Ground Plane,FALSE,,FALSE,TRUE,FALSE,FALSE,FALSE,chasing (#3),TRUE,FALSE,FALSE,FALSE,FALSE,FALSE,FALSE,FALSE,,POINT (-73.9704024529864 40.7729256063889)
"-739,603,302,383","4,079,101,004,352",32D-PM-1006-01,32D,PM,10062018,1,Adult,Gray,"Cinnamon, White","Gray+Cinnamon, White",,Ground Plane,FALSE,,TRUE,FALSE,FALSE,TRUE,FALSE,,FALSE,FALSE,FALSE,FALSE,TRUE,FALSE,FALSE,TRUE,,POINT (-73.9603302382958 40.7910100435196)
"-7,395,333,195,193","4,079,336,479,094",37H-AM-1018-02,37H,AM,10182018,2,Adult,Gray,,Gray+,,Above Ground,,Large tree by (fence of the conservatory) about to climb up,FALSE,FALSE,TRUE,FALSE,FALSE,,FALSE,FALSE,FALSE,FALSE,FALSE,FALSE,FALSE,FALSE,"busy,ready to climb",POINT (-73.9533319519277 40.7933647909449)
"-7,395,693,249,587","4,078,777,483,743",30I-PM-1006-01,30I,PM,10062018,1,Adult,Gray,White,Gray+White,,Ground Plane,FALSE,,FALSE,FALSE,FALSE,FALSE,FALSE,sitting there,FALSE,FALSE,FALSE,FALSE,FALSE,FALSE,FALSE,TRUE,,POINT (-73.9569324958684 40.78777483742591)
"-7,397,559,746,463","4,076,734,357,983",3F-PM-1013-01,03F,PM,10132018,1,Adult,Gray,Cinnamon,Gray+Cinnamon,,Ground Plane,FALSE,,FALSE,FALSE,FALSE,FALSE,TRUE,,FALSE,FALSE,FALSE,FALSE,TRUE,FALSE,TRUE,FALSE,,POINT (-73.9755974646331 40.7673435798289)
"-7,395,651,971,373","4,079,860,114,038",41C-PM-1007-01,41C,PM,10072018,1,Adult,Black,,Black+,,Ground Plane,FALSE,,TRUE,FALSE,FALSE,TRUE,FALSE,,FALSE,FALSE,FALSE,FALSE,FALSE,FALSE,FALSE,TRUE,,POINT (-73.9565197137317 40.7986011403785)
"-7,395,603,964,408","4,079,450,803,619",37E-AM-1013-01,37E,AM,10132018,1,Adult,Gray,White,Gray+White,,Ground Plane,FALSE,,TRUE,FALSE,FALSE,FALSE,TRUE,,FALSE,FALSE,FALSE,FALSE,FALSE,FALSE,TRUE,FALSE,,POINT (-73.9560396440844 40.7945080361909)
"-7,395,458,418,284","4,079,269,242,684",36H-AM-1010-01,36H,AM,10102018,1,Adult,Gray,Black,Gray+Black,,Ground Plane,FALSE,,FALSE,FALSE,FALSE,FALSE,TRUE,,FALSE,FALSE,FALSE,FALSE,FALSE,FALSE,TRUE,FALSE,,POINT (-73.9545841828392 40.7926924268376)
"-7,395,462,014,035","4,079,894,237,687",42D-AM-1014-03,42D,AM,10142018,3,Adult,Gray,White,Gray+White,,Ground Plane,FALSE,,FALSE,FALSE,FALSE,FALSE,TRUE,,FALSE,FALSE,FALSE,FALSE,TRUE,FALSE,TRUE,FALSE,,POINT (-73.9546201403481 40.7989423768656)
"-7,396,941,693,524","4,077,444,082,939",12G-PM-1007-03,12G,PM,10072018,3,,Cinnamon,Gray,Cinnamon+Gray,,Ground Plane,FALSE,bushes,FALSE,FALSE,FALSE,FALSE,TRUE,,FALSE,FALSE,FALSE,FALSE,FALSE,FALSE,FALSE,FALSE,friendly,POINT (-73.9694169352433 40.7744408293858)
"-7,397,120,343,207","4,077,644,155,067",13D-PM-1018-05,13D,PM,10182018,5,Adult,Gray,"Cinnamon, White","Gray+Cinnamon, White",Gray & Cinnamon selected as Primary. White selected as Highlights. Made executive adjustments.,Ground Plane,FALSE,,FALSE,FALSE,FALSE,FALSE,TRUE,,FALSE,FALSE,FALSE,FALSE,TRUE,TRUE,TRUE,FALSE,,POINT (-73.9712034320741 40.7764415506669)
"-7,396,718,138,662","407,838,640,032",22C-PM-1006-04,22C,PM,10062018,4,Juvenile,Gray,,Gray+,,Above Ground,10,,FALSE,FALSE,TRUE,FALSE,FALSE,,FALSE,FALSE,FALSE,FALSE,FALSE,FALSE,FALSE,FALSE,,POINT (-73.9671813866177 40.7838640032038)
"-7,398,091,913,478","4,076,837,724,533",1A-PM-1014-06,01A,PM,10142018,6,Juvenile,Gray,,Gray+,,Ground Plane,FALSE,,TRUE,FALSE,FALSE,FALSE,FALSE,,TRUE,FALSE,FALSE,FALSE,FALSE,FALSE,FALSE,TRUE,,POINT (-73.980919134781 40.7683772453336)
"-7,395,959,558,248","4,079,330,479,435",34D-PM-1007-01,34D,PM,10072018,1,Adult,Gray,White,Gray+White,,Above Ground,25,,FALSE,FALSE,TRUE,FALSE,TRUE,,FALSE,FALSE,FALSE,FALSE,TRUE,FALSE,FALSE,TRUE,,POINT (-73.9595955824812 40.7933047943534)
"-7,396,747,247,907","4,077,687,713,499",15G-PM-1019-01,15G,PM,10192018,1,Adult,Gray,Cinnamon,Gray+Cinnamon,,Ground Plane,FALSE,,FALSE,FALSE,FALSE,TRUE,FALSE,,FALSE,FALSE,FALSE,FALSE,TRUE,FALSE,TRUE,FALSE,,POINT (-73.9674724790652 40.7768771349868)
"-7,396,805,223,794","4,077,238,981,351",11I-PM-1012-06,11I,PM,10122018,6,Adult,Gray,,Gray+,,Above Ground,2,,TRUE,FALSE,TRUE,FALSE,TRUE,,FALSE,FALSE,FALSE,FALSE,FALSE,FALSE,FALSE,FALSE,,POINT (-73.9680522379372 40.772389813511)
"-7,397,149,072,357","4,077,405,838,615",11E-PM-1012-01,11E,PM,10122018,1,Adult,Gray,White,Gray+White,,Ground Plane,FALSE,,FALSE,FALSE,FALSE,FALSE,TRUE,,FALSE,FALSE,FALSE,FALSE,FALSE,FALSE,TRUE,FALSE,,POINT (-73.9714907235676 40.774058386152)
"-7,395,621,055,063","4,079,669,911,979",39D-AM-1008-02,39D,AM,10082018,2,Adult,Gray,,Gray+,,Ground Plane,FALSE,,FALSE,TRUE,FALSE,FALSE,FALSE,,FALSE,FALSE,FALSE,FALSE,FALSE,FALSE,FALSE,FALSE,,POINT (-73.9562105506291 40.7966991197909)
"-7,395,543,276,836","4,079,538,463,815",38E-AM-1010-05,38E,AM,10102018,5,Adult,Gray,Cinnamon,Gray+Cinnamon,,Ground Plane,FALSE,,FALSE,FALSE,FALSE,FALSE,TRUE,,FALSE,FALSE,FALSE,FALSE,FALSE,FALSE,TRUE,FALSE,interested in my presence,POINT (-73.9554327683595 40.7953846381499)
"-7,396,992,856,883","4,077,744,740,152",15D-AM-1007-08,15D,AM,10072018,8,Adult,Gray,,Gray+,,Ground Plane,FALSE,,FALSE,TRUE,FALSE,FALSE,TRUE,chasing #7,FALSE,FALSE,FALSE,FALSE,FALSE,FALSE,TRUE,FALSE,,POINT (-73.9699285688296 40.7774474015189)
"-7,397,018,243,765","4,077,637,033,067",14E-AM-1008-21,14E,AM,10082018,21,Adult,Gray,,Gray+,,Ground Plane,FALSE,,FALSE,FALSE,FALSE,FALSE,TRUE,walking,FALSE,FALSE,FALSE,FALSE,FALSE,TRUE,FALSE,FALSE,"curious,but not expecting food",POINT (-73.9701824376506 40.7763703306736)
"-7,397,443,873,476","4,077,769,531,438",13A-AM-1017-03,13A,AM,10172018,3,Adult,Cinnamon,,Cinnamon+,,,,,FALSE,TRUE,FALSE,FALSE,FALSE,,FALSE,FALSE,FALSE,FALSE,FALSE,FALSE,TRUE,FALSE,,POINT (-73.9744387347626 40.7776953143835)
"-7,395,455,424,538","4,079,839,357,306",41E-AM-1007-05,41E,AM,10072018,5,Adult,Gray,White,Gray+White,,Above Ground,10,,FALSE,FALSE,TRUE,FALSE,FALSE,,FALSE,FALSE,FALSE,FALSE,FALSE,FALSE,FALSE,TRUE,man/pit bull mix wandered,POINT (-73.954554245377 40.7983935730557)
"-7,397,752,788,479","4,076,878,810,611",3C-AM-1007-02,03C,AM,10072018,2,Adult,Gray,"Cinnamon, White","Gray+Cinnamon, White",,Ground Plane,FALSE,,TRUE,FALSE,FALSE,FALSE,FALSE,,FALSE,FALSE,FALSE,FALSE,FALSE,FALSE,TRUE,FALSE,,POINT (-73.9775278847897 40.7687881061059)
"-7,397,472,881,226","4,076,599,187,475",2G-PM-1007-03,02G,PM,10072018,3,Adult,Gray,Cinnamon,Gray+Cinnamon,,Ground Plane,FALSE,,FALSE,FALSE,FALSE,FALSE,TRUE,,FALSE,FALSE,FALSE,FALSE,FALSE,FALSE,TRUE,FALSE,,POINT (-73.9747288122551 40.7659918747507)
"-7,396,899,393,686","4,077,408,247,734",12G-AM-1012-03,12G,AM,10122018,3,Adult,Gray,,Gray+,,Ground Plane,FALSE,,FALSE,FALSE,FALSE,FALSE,TRUE,,FALSE,FALSE,FALSE,FALSE,FALSE,FALSE,FALSE,FALSE,,POINT (-73.96899393686472 40.7740824773353)
"-7,397,657,580,431","407,713,803,154",6C-AM-1007-03,06C,AM,10072018,3,Adult,Gray,White,Gray+White,,Above Ground,8,another tree,TRUE,FALSE,TRUE,FALSE,FALSE,,FALSE,FALSE,FALSE,FALSE,FALSE,FALSE,FALSE,TRUE,,POINT (-73.9765758043111 40.7713803154032)
"-7,397,721,645,242","4,076,883,995,388",3D-AM-1006-06,03D,AM,10062018,6,,Gray,,Gray+,,Above Ground,10,tree,TRUE,FALSE,TRUE,FALSE,FALSE,,FALSE,FALSE,FALSE,FALSE,FALSE,FALSE,FALSE,FALSE,"did not run from humans,but ran straight to tree & climbed up",POINT (-73.9772164524209 40.7688399538756)
"-7,396,430,325,542","4,077,945,145,265",19H-AM-1010-02,19H,AM,10102018,2,,Gray,"Cinnamon, White","Gray+Cinnamon, White",,Ground Plane,FALSE,near base of small tree,TRUE,FALSE,FALSE,TRUE,TRUE,,FALSE,FALSE,FALSE,TRUE,FALSE,TRUE,FALSE,FALSE,ran from human with dog,POINT (-73.9643032554205 40.7794514526463)
"-73,958,880,915","4,078,472,315,762",26I-PM-1010-01,26I,PM,10102018,1,Adult,Gray,"Cinnamon, White","Gray+Cinnamon, White",,Above Ground,4,,FALSE,FALSE,TRUE,FALSE,TRUE,,FALSE,FALSE,FALSE,FALSE,FALSE,FALSE,TRUE,FALSE,,POINT (-73.9588809150045 40.7847231576181)
"-7,397,749,282,458","407,720,464,607",6B-AM-1012-02,06B,AM,10122018,2,Adult,Gray,Cinnamon,Gray+Cinnamon,,Ground Plane,FALSE,by bike racks at Tavern on the Green,FALSE,FALSE,FALSE,FALSE,TRUE,"walking,exploring - digging in flower bed",FALSE,FALSE,FALSE,FALSE,FALSE,FALSE,FALSE,TRUE,,POINT (-73.9774928245781 40.7720464606979)
"-7,397,545,277,018","4,076,560,884,639",1G-PM-1010-02,01G,PM,10102018,2,Adult,Gray,Cinnamon,Gray+Cinnamon,,Above Ground,20,,FALSE,FALSE,FALSE,FALSE,FALSE,laying on tree branch,FALSE,FALSE,FALSE,TRUE,TRUE,FALSE,FALSE,FALSE,,POINT (-73.9754527701832 40.7656088463928)
"-7,395,713,466,258","4,078,723,956,041",30I-PM-1006-07,30I,PM,10062018,7,Adult,Cinnamon,Gray,Cinnamon+Gray,,Ground Plane,FALSE,,FALSE,FALSE,FALSE,FALSE,TRUE,,FALSE,FALSE,FALSE,FALSE,FALSE,FALSE,FALSE,TRUE,,POINT (-73.957134662576 40.7872395604122)
"-7,396,956,059,128","4,077,056,198,407",8I-AM-1006-09,08I,AM,10062018,9,Adult,Gray,"Cinnamon, White","Gray+Cinnamon, White",,Ground Plane,FALSE,,FALSE,FALSE,FALSE,TRUE,TRUE,,FALSE,FALSE,FALSE,FALSE,FALSE,FALSE,FALSE,FALSE,"very curious,looked like it expected food",POINT (-73.969560591279 40.7705619840715)
"-7,397,338,200,537","4,076,873,304,736",5G-PM-1010-05,05G,PM,10102018,5,Adult,Gray,Cinnamon,Gray+Cinnamon,,Ground Plane,FALSE,,FALSE,FALSE,FALSE,TRUE,TRUE,,FALSE,FALSE,FALSE,FALSE,FALSE,TRUE,FALSE,FALSE,,POINT (-73.9733820053679 40.7687330473562)
"-7,397,509,865,535","4,077,406,711,713",10C-AM-1018-03,10C,AM,10182018,3,Adult,Gray,,Gray+,,Ground Plane,FALSE,,FALSE,FALSE,FALSE,FALSE,TRUE,,FALSE,FALSE,FALSE,FALSE,FALSE,FALSE,TRUE,FALSE,,POINT (-73.9750986553543 40.7740671171292)
"-7,397,166,245,744","4,077,620,371,101",13D-PM-1018-07,13D,PM,10182018,7,Adult,Gray,Cinnamon,Gray+Cinnamon,,Above Ground,20,,TRUE,FALSE,TRUE,FALSE,FALSE,scratching,FALSE,FALSE,FALSE,FALSE,FALSE,FALSE,TRUE,FALSE,,POINT (-73.9716624574422 40.7762037110101)
"-7,396,864,133,262","4,078,174,239,073",19C-PM-1018-08,19C,PM,10182018,8,Juvenile,Gray,"Cinnamon, White","Gray+Cinnamon, White","Gray, Cinnamon & White selected as Primary. Gray & White selected as Highlights. Made executive adjustments.",Ground Plane,FALSE,,FALSE,FALSE,FALSE,TRUE,FALSE,,FALSE,FALSE,FALSE,FALSE,FALSE,FALSE,FALSE,FALSE,,POINT (-73.9686413326172 40.7817423907284)
"-7,397,730,836,163","4,077,105,359,316",6B-PM-1017-01,06B,PM,10172018,1,Adult,Gray,White,Gray+White,,Ground Plane,FALSE,,FALSE,FALSE,FALSE,FALSE,TRUE,digging,FALSE,FALSE,FALSE,FALSE,FALSE,TRUE,FALSE,FALSE,,POINT (-73.9773083616259 40.7710535931636)
"-7,396,113,009,056","4,079,187,437,357",32C-PM-1013-07,32C,PM,10132018,7,Adult,Gray,Cinnamon,Gray+Cinnamon,,Ground Plane,FALSE,,FALSE,FALSE,FALSE,TRUE,TRUE,,FALSE,FALSE,FALSE,FALSE,FALSE,FALSE,TRUE,FALSE,,POINT (-73.9611300905602 40.7918743735665)
"-7,396,620,636,423","4,078,907,786,653",28A-PM-1007-04,28A,PM,10072018,4,Adult,Gray,White,Gray+White,,,,,FALSE,FALSE,FALSE,FALSE,FALSE,looking at me & #5,TRUE,FALSE,FALSE,FALSE,TRUE,FALSE,FALSE,FALSE,freezes,POINT (-73.9662063642345 40.7890778665307)
"-7,395,636,629,637","4,079,919,521,019",42C-PM-1013-01,42C,PM,10132018,1,Adult,Gray,,Gray+,,Ground Plane,FALSE,,FALSE,FALSE,FALSE,FALSE,TRUE,,FALSE,FALSE,FALSE,FALSE,FALSE,FALSE,TRUE,FALSE,,POINT (-73.9563662963703 40.7991952101949)
"-7,396,185,915,109","407,921,343,738",32C-PM-1013-11,32C,PM,10132018,11,Juvenile,Gray,,Gray+,,Ground Plane,FALSE,,FALSE,FALSE,FALSE,FALSE,TRUE,,FALSE,FALSE,FALSE,FALSE,FALSE,FALSE,FALSE,FALSE,,POINT (-73.9618591510932 40.7921343738001)
"-7,395,813,265,542","4,079,180,747,431",34E-PM-1006-02,34E,PM,10062018,2,Juvenile,Black,"Gray, White","Black+Gray, White",,Ground Plane,FALSE,,FALSE,FALSE,FALSE,TRUE,FALSE,,FALSE,FALSE,FALSE,FALSE,TRUE,FALSE,FALSE,TRUE,,POINT (-73.9581326554206 40.7918074743129)
"-7,397,356,555,292","4,077,160,726,815",7E-PM-1013-02,07E,PM,10132018,2,Adult,Gray,Cinnamon,Gray+Cinnamon,,Ground Plane,FALSE,Ground & Tree Base,TRUE,FALSE,FALSE,TRUE,TRUE,,FALSE,FALSE,FALSE,FALSE,FALSE,FALSE,FALSE,TRUE,,POINT (-73.9735655529245 40.7716072681474)
"-7,396,166,936,653","4,079,297,101,963",33B-AM-1010-05,33B,AM,10102018,5,Adult,Gray,White,Gray+White,,Ground Plane,FALSE,,FALSE,FALSE,FALSE,FALSE,TRUE,,FALSE,FALSE,FALSE,FALSE,FALSE,FALSE,FALSE,TRUE,,POINT (-73.9616693665254 40.792971019627)
"-7,395,991,976,124","407,954,836,456",36B-PM-1013-05,36B,PM,10132018,5,Adult,Gray,,Gray+,,Above Ground,4,,TRUE,FALSE,FALSE,FALSE,FALSE,,FALSE,FALSE,FALSE,FALSE,FALSE,FALSE,FALSE,TRUE,,POINT (-73.9599197612389 40.7954836456006)
"-7,398,068,055,816","4,076,815,379,665",1B-AM-1012-16,01B,AM,10122018,16,Adult,Gray,White,Gray+White,,Ground Plane,FALSE,,FALSE,FALSE,FALSE,TRUE,FALSE,,FALSE,FALSE,FALSE,FALSE,TRUE,FALSE,TRUE,FALSE,,POINT (-73.9806805581636 40.7681537966505)
"-7,397,276,986,637","4,077,143,352,852",8F-PM-1012-06,08F,PM,10122018,6,Adult,Gray,,Gray+,,Ground Plane,FALSE,,FALSE,FALSE,FALSE,FALSE,TRUE,,FALSE,FALSE,FALSE,FALSE,FALSE,FALSE,TRUE,FALSE,,POINT (-73.9727698663722 40.7714335285174)
"-7,396,109,851,715","407,913,867,117",32D-AM-1013-01,32D,AM,10132018,1,Adult,Cinnamon,Gray,Cinnamon+Gray,,Above Ground,20,,FALSE,FALSE,TRUE,FALSE,FALSE,,FALSE,FALSE,FALSE,FALSE,FALSE,FALSE,TRUE,FALSE,,POINT (-73.9610985171525 40.7913867116989)
"-7,396,167,703,351","4,079,216,486,311",32C-PM-1013-13,32C,PM,10132018,13,Adult,Gray,,Gray+,,Ground Plane,FALSE,,FALSE,FALSE,FALSE,FALSE,TRUE,buried nut,FALSE,FALSE,FALSE,FALSE,TRUE,FALSE,FALSE,FALSE,,POINT (-73.9616770335086 40.7921648631096)
"-7,396,364,764,672","4,077,755,569,867",18I-AM-1017-01,18I,AM,10172018,1,Adult,Cinnamon,Black,Cinnamon+Black,,Ground Plane,FALSE,,FALSE,FALSE,FALSE,TRUE,FALSE,,FALSE,FALSE,FALSE,FALSE,FALSE,FALSE,TRUE,FALSE,,POINT (-73.9636476467218 40.7775556986702)
"-7,397,652,692,821","4,077,468,766,352",9A-AM-1013-10,09A,AM,10132018,10,Juvenile,Cinnamon,Gray,Cinnamon+Gray,,Ground Plane,FALSE,,FALSE,FALSE,TRUE,TRUE,FALSE,,FALSE,FALSE,FALSE,FALSE,FALSE,FALSE,FALSE,TRUE,,POINT (-73.9765269282059 40.7746876635248)
"-7,395,349,105,628","4,079,357,744,438",37H-AM-1018-04,37H,AM,10182018,4,Adult,Gray,White,Gray+White,,Ground Plane,FALSE,,TRUE,FALSE,FALSE,FALSE,FALSE,,FALSE,FALSE,FALSE,FALSE,TRUE,FALSE,FALSE,TRUE,was with a lot of robins,POINT (-73.9534910562766 40.7935774443789)
"-7,396,313,500,206","4,079,190,721,033",32B-PM-1010-01,32B,PM,10102018,1,Juvenile,Gray,,Gray+,,Above Ground,25,in tree,FALSE,FALSE,TRUE,FALSE,FALSE,,FALSE,FALSE,FALSE,FALSE,TRUE,FALSE,FALSE,TRUE,,POINT (-73.9631350020634 40.791907210332)
"-7,396,937,724,618","4,077,068,758,929",8I-AM-1006-03,08I,AM,10062018,3,Adult,Gray,White,Gray+White,,Ground Plane,FALSE,,FALSE,FALSE,FALSE,FALSE,TRUE,,FALSE,FALSE,FALSE,FALSE,FALSE,FALSE,TRUE,FALSE,,POINT (-73.9693772461788 40.7706875892901)
"-7,397,087,829,664","4,077,694,686,696",14D-AM-1014-08,14D,AM,10142018,8,Adult,Gray,"Cinnamon, White","Gray+Cinnamon, White",,Ground Plane,FALSE,,FALSE,FALSE,FALSE,FALSE,TRUE,,FALSE,FALSE,FALSE,FALSE,FALSE,FALSE,TRUE,FALSE,,POINT (-73.9708782966369 40.77694686696301)
"-7,396,749,306,684","4,078,135,101,197",20D-PM-1014-01,20D,PM,10142018,1,Adult,Gray,,Gray+,,Ground Plane,FALSE,,FALSE,FALSE,FALSE,TRUE,TRUE,,FALSE,FALSE,FALSE,FALSE,FALSE,FALSE,FALSE,FALSE,,POINT (-73.96749306684312 40.781351011968)
"-7,396,193,439,806","4,079,247,895,485",33B-PM-1010-07,33B,PM,10102018,7,Adult,,,+,,Ground Plane,FALSE,,FALSE,FALSE,FALSE,TRUE,FALSE,,FALSE,FALSE,FALSE,FALSE,FALSE,FALSE,FALSE,TRUE,,POINT (-73.961934398055 40.7924789548522)
"-7,396,291,847,124","4,079,214,105,116",32B-PM-1010-04,32B,PM,10102018,4,Adult,Gray,Cinnamon,Gray+Cinnamon,,Ground Plane,FALSE,,FALSE,FALSE,FALSE,FALSE,TRUE,,FALSE,FALSE,FALSE,FALSE,FALSE,FALSE,TRUE,FALSE,,POINT (-73.9629184712372 40.7921410511633)
"-7,397,211,249,728","4,077,027,590,374",7G-AM-1010-08,07G,AM,10102018,8,Adult,Cinnamon,,Cinnamon+,,Ground Plane,FALSE,,FALSE,FALSE,FALSE,FALSE,TRUE,,FALSE,FALSE,FALSE,FALSE,FALSE,FALSE,TRUE,FALSE,,POINT (-73.972112497276 40.7702759037428)
"-7,397,260,908,825","4,077,101,991,088",7F-AM-1008-14,07F,AM,10082018,14,Adult,Gray,Cinnamon,Gray+Cinnamon,,Ground Plane,FALSE,,FALSE,FALSE,FALSE,FALSE,FALSE,sitting,FALSE,FALSE,FALSE,FALSE,FALSE,FALSE,TRUE,FALSE,,POINT (-73.9726090882487 40.7710199108849)
"-739,791,648,157","4,076,762,544,435",2C-AM-1010-04,02C,AM,10102018,4,Adult,Gray,,Gray+,,Above Ground,10,,FALSE,FALSE,TRUE,FALSE,FALSE,,FALSE,FALSE,FALSE,FALSE,FALSE,FALSE,FALSE,FALSE,,POINT (-73.9791648157033 40.767625444347)
"-7,397,115,821,991","4,077,836,744,095",15C-PM-1017-05,15C,PM,10172018,5,Adult,Gray,Cinnamon,Gray+Cinnamon,,Ground Plane,FALSE,,TRUE,FALSE,FALSE,FALSE,TRUE,,TRUE,FALSE,FALSE,FALSE,TRUE,TRUE,FALSE,FALSE,,POINT (-73.9711582199102 40.7783674409485)
"-7,395,426,842,359","4,079,442,371,641",38G-PM-1020-05,38G,PM,10202018,5,Adult,Gray,Cinnamon,Gray+Cinnamon,,Ground Plane,FALSE,,FALSE,TRUE,FALSE,FALSE,FALSE,,FALSE,TRUE,FALSE,TRUE,FALSE,FALSE,TRUE,FALSE,,POINT (-73.9542684235907 40.7944237164092)
"-7,395,427,708,889","4,079,436,103,669",38G-PM-1020-04,38G,PM,10202018,4,Adult,Gray,Cinnamon,Gray+Cinnamon,,Ground Plane,FALSE,,FALSE,TRUE,FALSE,FALSE,FALSE,,FALSE,TRUE,FALSE,TRUE,FALSE,FALSE,TRUE,FALSE,,POINT (-73.9542770888881 40.79436103668531)
"-7,397,027,172,608","4,076,895,110,776",6I-PM-1013-03,06I,PM,10132018,3,Adult,Cinnamon,,Cinnamon+,,Ground Plane,FALSE,"Flowers, grass",FALSE,FALSE,FALSE,TRUE,FALSE,,FALSE,FALSE,FALSE,FALSE,FALSE,FALSE,FALSE,FALSE,,POINT (-73.9702717260829 40.768951107763)
"-7,396,816,273,312","4,077,850,996,656",17E-PM-1018-02,17E,PM,10182018,2,Adult,Gray,,Gray+,,Ground Plane,FALSE,On the rock,TRUE,FALSE,FALSE,FALSE,FALSE,,FALSE,FALSE,FALSE,FALSE,FALSE,FALSE,TRUE,FALSE,,POINT (-73.9681627331154 40.7785099665602)
"-7,395,427,337,978","4,079,557,865,374",39F-PM-1006-02,39F,PM,10062018,2,Adult,Gray,,Gray+,,Above Ground,20,tree,FALSE,FALSE,FALSE,FALSE,FALSE,,FALSE,FALSE,FALSE,FALSE,FALSE,FALSE,FALSE,TRUE,ran up tree when approached,POINT (-73.9542733797804 40.795578653743)
"-7,395,283,537,022","4,079,764,561,783",41F-PM-1019-02,41F,PM,10192018,2,,,,+,,,,,FALSE,FALSE,FALSE,FALSE,FALSE,,FALSE,FALSE,FALSE,FALSE,FALSE,FALSE,FALSE,FALSE,,POINT (-73.9528353702209 40.7976456178263)
"-739,567,372,201","4,079,758,098,926",40C-PM-1006-01,40C,PM,10062018,1,Adult,Gray,,Gray+,,Ground Plane,FALSE,,TRUE,FALSE,FALSE,FALSE,FALSE,,FALSE,FALSE,FALSE,FALSE,FALSE,FALSE,FALSE,FALSE,,POINT (-73.95673722009802 40.797580989255)
"-739,653,739,274","407,889,762,097",28B-PM-1010-02,28B,PM,10102018,2,Adult,Gray,White,Gray+White,,Above Ground,4,,FALSE,FALSE,TRUE,FALSE,FALSE,,FALSE,FALSE,FALSE,FALSE,FALSE,FALSE,FALSE,FALSE,,POINT (-73.9653739273979 40.7889762096967)
"-7,395,647,410,382","4,079,388,455,728",36F-AM-1017-03,36F,AM,10172018,3,Adult,Gray,Cinnamon,Gray+Cinnamon,Cinnamon on shoulders,Ground Plane,FALSE,,FALSE,FALSE,FALSE,TRUE,TRUE,,FALSE,FALSE,FALSE,FALSE,FALSE,FALSE,FALSE,TRUE,runs from (me),POINT (-73.9564741038174 40.7938845572816)
"-7,397,733,615,808","4,077,294,782,267",7B-AM-1008-13,07B,AM,10082018,13,Adult,Gray,Cinnamon,Gray+Cinnamon,,Ground Plane,FALSE,,TRUE,FALSE,FALSE,FALSE,FALSE,,FALSE,FALSE,FALSE,FALSE,FALSE,FALSE,TRUE,FALSE,,POINT (-73.9773361580792 40.7729478226715)
"-7,397,522,635,643","4,077,208,491,702",7C-PM-1020-02,07C,PM,10202018,2,Adult,Gray,,Gray+,,Ground Plane,FALSE,,FALSE,FALSE,FALSE,FALSE,TRUE,,FALSE,FALSE,FALSE,FALSE,FALSE,FALSE,FALSE,FALSE,,POINT (-73.9752263564287 40.772084917017)
"-7,396,697,626,575","4,078,359,132,936",22C-PM-1006-08,22C,PM,10062018,8,Adult,Gray,,Gray+,,Above Ground,10,,FALSE,FALSE,TRUE,FALSE,FALSE,,FALSE,FALSE,FALSE,FALSE,FALSE,FALSE,FALSE,FALSE,,POINT (-73.9669762657479 40.7835913293646)
"-7,397,964,704,947","4,076,783,709,255",1C-PM-1013-08,01C,PM,10132018,8,Adult,Cinnamon,,Cinnamon+,,Ground Plane,FALSE,,FALSE,FALSE,FALSE,FALSE,TRUE,,FALSE,FALSE,FALSE,FALSE,FALSE,FALSE,FALSE,FALSE,,POINT (-73.9796470494747 40.7678370925485)
"-7,398,069,592,482","4,076,848,206,795",2A-AM-1010-01,02A,AM,10102018,1,Adult,Gray,Cinnamon,Gray+Cinnamon,,Ground Plane,FALSE,,FALSE,FALSE,FALSE,TRUE,TRUE,,FALSE,FALSE,FALSE,FALSE,FALSE,FALSE,TRUE,FALSE,,POINT (-73.9806959248152 40.7684820679479)
"-7,395,860,770,396","4,079,618,964,771",38C-AM-1019-10,38C,AM,10192018,10,Adult,Gray,White,Gray+White,,Above Ground,20,,TRUE,FALSE,TRUE,TRUE,FALSE,,TRUE,FALSE,FALSE,FALSE,TRUE,FALSE,FALSE,TRUE,,POINT (-73.9586077039567 40.7961896477077)
"-7,396,112,748,987","4,079,152,500,691",32C-AM-1014-05,32C,AM,10142018,5,Adult,Cinnamon,,Cinnamon+,,Ground Plane,FALSE,,FALSE,FALSE,FALSE,TRUE,TRUE,,FALSE,FALSE,FALSE,FALSE,FALSE,FALSE,TRUE,FALSE,,POINT (-73.9611274898661 40.7915250069086)
"-7,396,767,327,257","4,077,631,944,255",15G-PM-1019-09,15G,PM,10192018,9,Adult,Gray,,Gray+,,Ground Plane,FALSE,,FALSE,FALSE,FALSE,TRUE,FALSE,,FALSE,FALSE,FALSE,FALSE,FALSE,FALSE,FALSE,FALSE,,POINT (-73.9676732725672 40.7763194425467)
"-739,787,608,762","4,076,860,622,965",3C-PM-1008-01,03C,PM,10082018,1,Adult,Cinnamon,"Gray, White","Cinnamon+Gray, White",,Above Ground,3,,FALSE,FALSE,FALSE,FALSE,FALSE,walked between trees,FALSE,FALSE,FALSE,FALSE,FALSE,FALSE,TRUE,FALSE,,POINT (-73.9787608762005 40.7686062296462)
"-7,396,156,497,735","4,079,547,613,115",36A-PM-1013-02,36A,PM,10132018,2,,Gray,Cinnamon,Gray+Cinnamon,,Above Ground,6,,FALSE,FALSE,FALSE,FALSE,TRUE,,FALSE,FALSE,FALSE,FALSE,FALSE,FALSE,TRUE,FALSE,,POINT (-73.9615649773504 40.7954761311501)
"-7,397,300,857,295","4,077,089,335,703",7F-AM-1008-12,07F,AM,10082018,12,Adult,Gray,,Gray+,,Ground Plane,FALSE,,FALSE,FALSE,FALSE,FALSE,TRUE,,FALSE,FALSE,FALSE,FALSE,FALSE,FALSE,TRUE,FALSE,,POINT (-73.9730085729495 40.7708933570327)
"-7,396,971,605,724","4,077,114,455,704",9H-AM-1006-02,09H,AM,10062018,2,Adult,Gray,White,Gray+White,,Ground Plane,FALSE,,FALSE,FALSE,FALSE,FALSE,TRUE,,FALSE,FALSE,FALSE,FALSE,TRUE,FALSE,TRUE,FALSE,,POINT (-73.96971605724461 40.7711445570446)
"-739,685,709,456","4,077,448,770,265",12G-PM-1007-07,12G,PM,10072018,7,Juvenile,,,+,,Above Ground,45,,FALSE,FALSE,FALSE,TRUE,FALSE,acorns,FALSE,FALSE,FALSE,FALSE,FALSE,FALSE,FALSE,FALSE,,POINT (-73.9685709455958 40.7744877026506)
"-7,395,800,210,179","4,079,551,401,022",37D-PM-1014-07,37D,PM,10142018,7,Adult,Gray,,Gray+,,Ground Plane,FALSE,,FALSE,FALSE,FALSE,FALSE,TRUE,,FALSE,FALSE,FALSE,FALSE,FALSE,FALSE,FALSE,TRUE,,POINT (-73.9580021017892 40.7955140102242)
"-7,396,771,467,418","4,077,882,313,323",17E-AM-1017-07,17E,AM,10172018,7,Adult,Gray,,Gray+,,Ground Plane,FALSE,,FALSE,TRUE,FALSE,FALSE,FALSE,,FALSE,FALSE,FALSE,FALSE,FALSE,FALSE,TRUE,FALSE,,POINT (-73.9677146741772 40.7788231332337)
"-739,578,658,633","4,079,337,121,889",35E-AM-1020-04,35E,AM,10202018,4,Adult,Gray,Cinnamon,Gray+Cinnamon,,Above Ground,30,,FALSE,FALSE,FALSE,FALSE,FALSE,"hunkered down,tail over body; sitting perfectly still",FALSE,FALSE,FALSE,FALSE,FALSE,FALSE,TRUE,FALSE,,POINT (-73.9578658632957 40.7933712188923)
"-7,396,480,906,982","4,079,038,820,978",29A-PM-1019-03,29A,PM,10192018,3,Juvenile,Black,Cinnamon,Black+Cinnamon,,Ground Plane,FALSE,,FALSE,FALSE,FALSE,FALSE,FALSE,,FALSE,FALSE,FALSE,FALSE,FALSE,TRUE,FALSE,TRUE,"ran from,but now approaching. kind of weirding me out.",POINT (-73.9648090698176 40.7903882097837)
"-7,396,871,341,378","4,078,122,079,134",19C-PM-1018-03,19C,PM,10182018,3,Adult,Gray,Cinnamon,Gray+Cinnamon,,Ground Plane,FALSE,,FALSE,TRUE,FALSE,FALSE,FALSE,,FALSE,FALSE,FALSE,FALSE,FALSE,FALSE,TRUE,FALSE,,POINT (-73.9687134137786 40.7812207913391)
"-7,395,488,263,914","4,079,594,745,713",39F-AM-1014-05,39F,AM,10142018,5,Juvenile,Cinnamon,,Cinnamon+,,Above Ground,2,up/down tree,TRUE,FALSE,TRUE,FALSE,TRUE,,FALSE,FALSE,FALSE,FALSE,TRUE,FALSE,TRUE,FALSE,,POINT (-73.95488263914 40.7959474571251)
"-7,397,108,015,475","4,077,608,724,521",13D-AM-1014-03,13D,AM,10142018,3,Juvenile,Gray,White,Gray+White,,Above Ground,2,,FALSE,TRUE,TRUE,TRUE,FALSE,,FALSE,FALSE,FALSE,FALSE,FALSE,FALSE,FALSE,TRUE,,POINT (-73.9710801547498 40.7760872452093)
"-7,397,046,770,078","4,077,868,601,083",16C-PM-1018-02,16C,PM,10182018,2,Adult,Gray,"Cinnamon, White","Gray+Cinnamon, White",,Above Ground,6,,FALSE,TRUE,FALSE,TRUE,TRUE,,FALSE,FALSE,FALSE,FALSE,TRUE,FALSE,TRUE,FALSE,,POINT (-73.9704677007779 40.7786860108302)
"-7,396,552,337,481","4,077,927,372,877",18G-AM-1014-01,18G,AM,10142018,1,Juvenile,Gray,White,Gray+White,,Above Ground,10,,FALSE,FALSE,TRUE,FALSE,FALSE,,TRUE,FALSE,FALSE,FALSE,FALSE,FALSE,TRUE,FALSE,looking,POINT (-73.9655233748105 40.7792737287734)
"-7,396,028,080,424","4,079,061,307,888",32E-AM-1007-14,32E,AM,10072018,14,Adult,Gray,,Gray+,,Above Ground,50,literally fell to ground from 50 feet up,FALSE,FALSE,FALSE,FALSE,FALSE,falling,FALSE,FALSE,FALSE,FALSE,FALSE,FALSE,FALSE,TRUE,,POINT (-73.9602808042376 40.7906130788763)
"-7,397,044,287,838","4,077,637,555,604",14E-AM-1008-22,14E,AM,10082018,22,Adult,Gray,,Gray+,,Ground Plane,FALSE,,FALSE,FALSE,FALSE,TRUE,TRUE,burying,FALSE,FALSE,FALSE,FALSE,FALSE,FALSE,TRUE,FALSE,,POINT (-73.970442878377 40.7763755560359)
"-7,397,734,958,071","4,076,645,599,373",1E-AM-1006-05,01E,AM,10062018,5,Adult,Gray,Cinnamon,Gray+Cinnamon,,Above Ground,20,,FALSE,FALSE,TRUE,FALSE,FALSE,,FALSE,FALSE,FALSE,FALSE,FALSE,FALSE,TRUE,FALSE,,POINT (-73.9773495807135 40.7664559937331)
"-7,396,812,021,469","4,077,439,794,168",13G-PM-1008-04,13G,PM,10082018,4,Adult,Gray,Cinnamon,Gray+Cinnamon,,Ground Plane,FALSE,lawn @ edge of landscaped area,FALSE,FALSE,FALSE,FALSE,TRUE,,FALSE,FALSE,FALSE,FALSE,FALSE,FALSE,TRUE,FALSE,,POINT (-73.9681202146851 40.7743979416812)
"-7,397,450,099,062","4,077,415,740,754",10C-AM-1018-01,10C,AM,10182018,1,Adult,Gray,,Gray+,,Above Ground,5,,FALSE,FALSE,TRUE,FALSE,FALSE,,FALSE,FALSE,FALSE,FALSE,FALSE,FALSE,TRUE,FALSE,,POINT (-73.9745009906157 40.7741574075364)
"-7,397,616,325,867","4,077,410,856,061",9B-PM-1013-05,09B,PM,10132018,5,Juvenile,Gray,White,Gray+White,,Ground Plane,FALSE,,TRUE,FALSE,FALSE,FALSE,FALSE,,FALSE,FALSE,FALSE,TRUE,FALSE,FALSE,TRUE,FALSE,,POINT (-73.9761632586697 40.7741085606149)
"-7,397,006,666,549","4,077,428,570,426",12F-PM-1007-08,12F,PM,10072018,8,Adult,Gray,Cinnamon,Gray+Cinnamon,,Ground Plane,FALSE,,FALSE,FALSE,FALSE,TRUE,TRUE,,FALSE,FALSE,FALSE,FALSE,FALSE,FALSE,FALSE,FALSE,stared,POINT (-73.9700666654946 40.7742857042581)
"-7,395,893,715,509","4,079,598,125,045",37C-PM-1013-04,37C,PM,10132018,4,Adult,Gray,White,Gray+White,,,,,FALSE,FALSE,FALSE,FALSE,TRUE,,FALSE,FALSE,FALSE,FALSE,FALSE,FALSE,TRUE,FALSE,,POINT (-73.9589371550945 40.7959812504467)
"-7,397,462,048,022","4,076,992,948,407",6E-PM-1010-01,06E,PM,10102018,1,Juvenile,,,+,,Ground Plane,FALSE,along dirt path by cross-town car road. saw movement in a shrub/then caught sight a little fluffy tail,FALSE,FALSE,FALSE,FALSE,FALSE,,FALSE,FALSE,FALSE,FALSE,FALSE,FALSE,TRUE,FALSE,,POINT (-73.9746204802221 40.7699294840733)
"-7,397,047,785,516","4,077,831,191,136",15D-AM-1007-05,15D,AM,10072018,5,Adult,,,+,,,,,FALSE,FALSE,FALSE,FALSE,FALSE,,FALSE,FALSE,FALSE,FALSE,FALSE,FALSE,FALSE,FALSE,,POINT (-73.9704778551644 40.7783119113627)
"-7,397,323,016,224","4,076,898,245,314",5F-AM-1007-01,05F,AM,10072018,1,Adult,Gray,Cinnamon,Gray+Cinnamon,,Above Ground,5,fence,TRUE,FALSE,FALSE,TRUE,FALSE,,FALSE,FALSE,FALSE,FALSE,FALSE,FALSE,FALSE,FALSE,,POINT (-73.973230162241 40.7689824531444)
"-7,395,815,446,824","4,079,580,813,064",37C-PM-1013-02,37C,PM,10132018,2,Adult,Gray,"Cinnamon, White","Gray+Cinnamon, White",,Ground Plane,FALSE,,FALSE,FALSE,FALSE,FALSE,TRUE,,FALSE,FALSE,FALSE,FALSE,FALSE,FALSE,TRUE,FALSE,,POINT (-73.9581544682422 40.7958081306449)
"-7,395,879,132,892","4,079,617,076,245",38C-AM-1019-11,38C,AM,10192018,11,Adult,Gray,White,Gray+White,,Above Ground,20,,TRUE,FALSE,TRUE,TRUE,FALSE,,TRUE,FALSE,FALSE,FALSE,TRUE,FALSE,FALSE,TRUE,,POINT (-73.9587913289229 40.7961707624534)
"-7,398,028,400,318","4,076,785,990,698",1B-PM-1019-04,01B,PM,10192018,4,Juvenile,Gray,White,Gray+White,,Above Ground,25,in tree,FALSE,TRUE,FALSE,FALSE,FALSE,,FALSE,FALSE,FALSE,FALSE,FALSE,FALSE,FALSE,FALSE,,POINT (-73.9802840031759 40.7678599069819)
"-7,395,946,763,266","4,079,844,573,634",39A-AM-1013-01,39A,AM,10132018,1,Juvenile,Cinnamon,"Gray, White","Cinnamon+Gray, White",,Ground Plane,FALSE,,TRUE,FALSE,FALSE,TRUE,TRUE,,FALSE,FALSE,FALSE,FALSE,FALSE,FALSE,FALSE,TRUE,,POINT (-73.9594676326588 40.7984457363388)
"-7,398,100,322,064","407,681,625,635",1A-AM-1007-01,01A,AM,10072018,1,Adult,Gray,White,Gray+White,,Above Ground,7,,FALSE,FALSE,TRUE,FALSE,FALSE,,FALSE,FALSE,FALSE,FALSE,TRUE,FALSE,TRUE,FALSE,,POINT (-73.9810032206428 40.7681625634979)
"-7,395,805,130,968","4,079,909,641,532",41B-AM-1010-02,41B,AM,10102018,2,Adult,Gray,White,Gray+White,,Above Ground,16,,FALSE,TRUE,FALSE,FALSE,FALSE,,FALSE,FALSE,FALSE,FALSE,FALSE,FALSE,FALSE,FALSE,,POINT (-73.9580513096783 40.79909641532)
"-7,396,785,613,843","4,077,828,773,978",16E-PM-1018-02,16E,PM,10182018,2,Juvenile,Cinnamon,Gray,Cinnamon+Gray,,Ground Plane,FALSE,,FALSE,TRUE,FALSE,FALSE,FALSE,,FALSE,FALSE,FALSE,TRUE,FALSE,FALSE,FALSE,FALSE,gets distance from people but then continues to chase #1,POINT (-73.9678561384348 40.7782877397822)
"-739,757,313,482","4,077,547,040,514",11A-PM-1013-04,11A,PM,10132018,4,Adult,Cinnamon,Gray,Cinnamon+Gray,,Ground Plane,FALSE,,TRUE,FALSE,FALSE,TRUE,TRUE,,FALSE,FALSE,FALSE,FALSE,FALSE,FALSE,FALSE,FALSE,,POINT (-73.9757313481982 40.7754704051391)
"-739,748,289,399","4,076,688,861,219",2F-PM-1014-11,02F,PM,10142018,11,Adult,Gray,,Gray+,,Ground Plane,FALSE,,FALSE,TRUE,FALSE,FALSE,FALSE,,FALSE,FALSE,FALSE,FALSE,FALSE,FALSE,TRUE,FALSE,,POINT (-73.974828939898 40.7668886121909)
"-7,396,739,240,604","4,077,887,818,517",17F-AM-1007-03,17F,AM,10072018,3,Adult,Cinnamon,White,Cinnamon+White,,Ground Plane,FALSE,,TRUE,FALSE,FALSE,FALSE,FALSE,,FALSE,FALSE,FALSE,FALSE,FALSE,FALSE,TRUE,FALSE,,POINT (-73.9673924060436 40.7788781851716)
"-7,397,560,175,893","4,076,803,359,965",3E-PM-1008-06,03E,PM,10082018,6,Adult,Gray,Cinnamon,Gray+Cinnamon,,Ground Plane,FALSE,,FALSE,FALSE,FALSE,TRUE,TRUE,,FALSE,FALSE,FALSE,FALSE,FALSE,FALSE,FALSE,FALSE,,POINT (-73.9756017589251 40.7680335996527)
"-7,396,476,051,213","4,078,039,615,315",20G-AM-1018-03,20G,AM,10182018,3,Adult,Gray,,Gray+,,Above Ground,12,in tree,TRUE,FALSE,FALSE,FALSE,FALSE,,TRUE,FALSE,FALSE,FALSE,FALSE,FALSE,FALSE,FALSE,,POINT (-73.9647605121306 40.7803961531517)
"-7,395,950,222,903","4,078,311,513,301",25I-PM-1007-02,25I,PM,10072018,2,Adult,Gray,White,Gray+White,white belly,Ground Plane,FALSE,,FALSE,FALSE,FALSE,FALSE,TRUE,,FALSE,FALSE,FALSE,TRUE,TRUE,FALSE,FALSE,TRUE,,POINT (-73.9595022290348 40.783115133007406)
"-7,395,373,561,458","4,079,172,737,735",35I-PM-1006-02,35I,PM,10062018,2,Adult,Gray,,Gray+,,Above Ground,6,,FALSE,FALSE,TRUE,TRUE,FALSE,,FALSE,FALSE,FALSE,FALSE,FALSE,FALSE,TRUE,FALSE,,POINT (-73.9537356145842 40.7917273773486)
"-7,396,002,043,282","4,078,287,729,136",24I-AM-1019-01,24I,AM,10192018,1,Adult,Gray,White,Gray+White,,Above Ground,10,,FALSE,FALSE,FALSE,TRUE,FALSE,,FALSE,FALSE,FALSE,FALSE,FALSE,FALSE,FALSE,FALSE,,POINT (-73.9600204328201 40.782877291358)
"-7,397,097,222,238","4,077,673,296,463",14D-AM-1014-06,14D,AM,10142018,6,Adult,Gray,"Cinnamon, White","Gray+Cinnamon, White",,Ground Plane,FALSE,,FALSE,FALSE,FALSE,FALSE,TRUE,,FALSE,FALSE,FALSE,FALSE,FALSE,FALSE,TRUE,FALSE,,POINT (-73.9709722223794 40.7767329646325)
"-7,395,862,528,759","4,078,520,275,862",27I-AM-1007-03,27I,AM,10072018,3,Adult,Gray,Cinnamon,Gray+Cinnamon,had .5 of a tail,Above Ground,20,,FALSE,FALSE,TRUE,FALSE,TRUE,,FALSE,FALSE,FALSE,FALSE,FALSE,FALSE,TRUE,FALSE,,POINT (-73.9586252875856 40.7852027586217)
"-7,396,649,864,463","4,077,830,833,432",17G-PM-1017-02,17G,PM,10172018,2,Adult,Gray,,Gray+,,Above Ground,15,,TRUE,FALSE,TRUE,FALSE,FALSE,,FALSE,FALSE,FALSE,FALSE,FALSE,FALSE,FALSE,TRUE,,POINT (-73.9664986446294 40.778308334318)
"-7,397,553,219,985","407,668,311,576",2F-PM-1014-01,02F,PM,10142018,1,Adult,Gray,,Gray+,,Ground Plane,FALSE,,TRUE,FALSE,FALSE,FALSE,FALSE,,FALSE,FALSE,FALSE,FALSE,FALSE,FALSE,TRUE,FALSE,,POINT (-73.97553219985421 40.7668311576007)
"-7,396,661,135,986","4,077,526,625,503",14H-PM-1012-05,14H,PM,10122018,5,Adult,Gray,,Gray+,,Ground Plane,FALSE,,FALSE,FALSE,FALSE,TRUE,FALSE,,FALSE,FALSE,FALSE,FALSE,FALSE,TRUE,FALSE,FALSE,approaches (someone was feeding it),POINT (-73.9666113598566 40.7752662550312)
"-7,397,065,331,311","4,076,890,203,382",6I-AM-1006-01,06I,AM,10062018,1,Adult,Gray,Cinnamon,Gray+Cinnamon,,Above Ground,,,TRUE,FALSE,TRUE,TRUE,TRUE,,FALSE,FALSE,FALSE,FALSE,FALSE,FALSE,FALSE,TRUE,runs from (someone sneezed),POINT (-73.9706533131129 40.768902033819)
"-7,397,080,470,944","4,077,586,111,112",13E-PM-1008-01,13E,PM,10082018,1,Adult,Gray,White,Gray+White,,Ground Plane,FALSE,,FALSE,FALSE,FALSE,TRUE,FALSE,,FALSE,FALSE,FALSE,FALSE,TRUE,FALSE,TRUE,FALSE,,POINT (-73.970804709441 40.7758611111219)
"-7,396,019,189,307","4,079,441,346,834",35C-AM-1007-01,35C,AM,10072018,1,Juvenile,Gray,Cinnamon,Gray+Cinnamon,,Above Ground,20,(white oak),FALSE,FALSE,FALSE,FALSE,FALSE,sitting still,FALSE,FALSE,FALSE,FALSE,FALSE,FALSE,FALSE,FALSE,,POINT (-73.9601918930677 40.7944134683406)
"-7,396,325,778,502","4,079,311,283,902",33A-AM-1008-01,33A,AM,10082018,1,Adult,Gray,"Cinnamon, White","Gray+Cinnamon, White",,Ground Plane,FALSE,,FALSE,FALSE,FALSE,FALSE,TRUE,,FALSE,FALSE,FALSE,FALSE,FALSE,FALSE,FALSE,FALSE,acknowledged,POINT (-73.9632577850183 40.793112839016)
"-7,395,740,774,976","4,080,011,851,849",42B-AM-1014-01,42B,AM,10142018,1,Adult,Gray,,Gray+,,Above Ground,3,,FALSE,FALSE,TRUE,FALSE,FALSE,,FALSE,FALSE,FALSE,FALSE,FALSE,FALSE,TRUE,FALSE,,POINT (-73.9574077497624 40.8001185184892)
"-7,397,607,497,529","4,077,032,848,944",5D-PM-1018-02,05D,PM,10182018,2,Adult,Gray,,Gray+,,Above Ground,2,On low fence,FALSE,FALSE,FALSE,TRUE,FALSE,,FALSE,FALSE,FALSE,FALSE,FALSE,FALSE,FALSE,TRUE,,POINT (-73.9760749752948 40.7703284894392)
"-7,395,825,344,329","4,079,177,722,968",34F-PM-1012-01,34F,PM,10122018,1,Adult,Gray,White,Gray+White,,Ground Plane,FALSE,,FALSE,FALSE,FALSE,FALSE,TRUE,,FALSE,FALSE,FALSE,FALSE,FALSE,FALSE,TRUE,FALSE,,POINT (-73.9582534432858 40.7917772296796)
"-7,397,667,795,857","4,076,696,737,781",2E-AM-1010-04,02E,AM,10102018,4,Juvenile,Gray,"Cinnamon, White","Gray+Cinnamon, White",,Ground Plane,FALSE,,FALSE,FALSE,FALSE,TRUE,FALSE,,TRUE,FALSE,FALSE,FALSE,FALSE,FALSE,TRUE,FALSE,,POINT (-73.9766779585686 40.7669673778105)
"-7,397,212,798,087","4,076,611,586,639",3I-PM-1013-02,03I,PM,10132018,2,Adult,Cinnamon,Gray,Cinnamon+Gray,,Ground Plane,FALSE,,FALSE,FALSE,FALSE,FALSE,TRUE,,FALSE,FALSE,FALSE,FALSE,FALSE,FALSE,TRUE,FALSE,,POINT (-73.9721279808683 40.7661158663901)
"-7,397,168,547,522","4,077,066,684,659",7G-PM-1018-07,07G,PM,10182018,7,Adult,Gray,,Gray+,,Ground Plane,FALSE,,FALSE,FALSE,FALSE,FALSE,TRUE,,FALSE,FALSE,FALSE,FALSE,FALSE,FALSE,TRUE,FALSE,,POINT (-73.971685475224 40.7706668465923)
"-7,397,296,451,904","4,077,233,101,508",9E-AM-1008-02,09E,AM,10082018,2,Adult,Gray,White,Gray+White,,Ground Plane,FALSE,,FALSE,FALSE,FALSE,TRUE,FALSE,,FALSE,FALSE,FALSE,FALSE,FALSE,FALSE,TRUE,FALSE,,POINT (-73.9729645190377 40.7723310150843)
"-7,397,486,692,052","407,743,879,232",10B-AM-1006-01,10B,AM,10062018,1,Adult,Gray,Cinnamon,Gray+Cinnamon,,Ground Plane,FALSE,,TRUE,FALSE,FALSE,FALSE,FALSE,,FALSE,FALSE,FALSE,FALSE,FALSE,FALSE,FALSE,TRUE,,POINT (-73.9748669205206 40.7743879232016)
"-7,396,133,564,974","4,078,188,768,678",23H-PM-1019-01,23H,PM,10192018,1,Adult,Gray,,Gray+,,Ground Plane,FALSE,,TRUE,FALSE,FALSE,FALSE,FALSE,,FALSE,FALSE,FALSE,FALSE,FALSE,FALSE,FALSE,FALSE,,POINT (-73.961335649743 40.7818876867842)
"-7,396,124,195,342","407,941,677,113",35B-PM-1013-07,35B,PM,10132018,7,Adult,Gray,,Gray+,,Ground Plane,FALSE,,TRUE,FALSE,TRUE,TRUE,FALSE,"got fed twice by grandpa,grabbed from grass and ate in tree",FALSE,FALSE,FALSE,FALSE,FALSE,TRUE,TRUE,TRUE,"approaches (grandpa with food),runs from (kid),kid was slowly creeping up on it; it eventually climbed up.",POINT (-73.961241953418 40.7941677113011)
"-7,397,285,115,315","4,077,826,548,406",14B-PM-1014-03,14B,PM,10142018,3,Adult,Gray,Cinnamon,Gray+Cinnamon,,Ground Plane,FALSE,,FALSE,FALSE,FALSE,FALSE,TRUE,,FALSE,FALSE,FALSE,FALSE,FALSE,FALSE,FALSE,TRUE,,POINT (-73.9728511531484 40.7782654840595)
"-7,397,638,523,724","4,076,887,624,856",4D-AM-1012-02,04D,AM,10122018,2,Adult,Gray,Cinnamon,Gray+Cinnamon,,Ground Plane,FALSE,,FALSE,FALSE,TRUE,TRUE,FALSE,,FALSE,FALSE,FALSE,FALSE,FALSE,FALSE,TRUE,FALSE,,POINT (-73.9763852372393 40.768876248561)
"-7,396,961,968,401","4,078,364,310,983",21A-AM-1019-09,21A,AM,10192018,9,Adult,Gray,,Gray+,,Ground Plane,FALSE,,FALSE,FALSE,FALSE,FALSE,TRUE,,FALSE,FALSE,FALSE,FALSE,FALSE,FALSE,TRUE,FALSE,,POINT (-73.9696196840065 40.7836431098335)
"-7,397,752,388,478","4,076,757,926,836",2D-AM-1007-05,02D,AM,10072018,5,Adult,Gray,,Gray+,,Above Ground,100,,TRUE,FALSE,FALSE,FALSE,FALSE,,FALSE,FALSE,FALSE,FALSE,FALSE,FALSE,FALSE,FALSE,,POINT (-73.9775238847836 40.7675792683587)
"-739,601,968,065","4,079,358,318,365",34C-PM-1012-03,34C,PM,10122018,3,Adult,Gray,Cinnamon,Gray+Cinnamon,,Ground Plane,FALSE,,TRUE,FALSE,FALSE,FALSE,TRUE,,FALSE,FALSE,FALSE,FALSE,FALSE,FALSE,TRUE,FALSE,,POINT (-73.9601968065017 40.79358318364821)
"-7,397,728,100,737","4,076,935,775,404",4C-PM-1010-03,04C,PM,10102018,3,Adult,Cinnamon,Gray,Cinnamon+Gray,,Ground Plane,FALSE,,FALSE,TRUE,FALSE,FALSE,TRUE,,FALSE,FALSE,FALSE,FALSE,FALSE,FALSE,TRUE,FALSE,,POINT (-73.9772810073685 40.7693577540392)
"-7,395,611,248,921","4,079,494,406,486",37E-AM-1013-04,37E,AM,10132018,4,Adult,Gray,"Cinnamon, White","Gray+Cinnamon, White",,Above Ground,8,,FALSE,FALSE,TRUE,TRUE,FALSE,,TRUE,FALSE,FALSE,FALSE,FALSE,FALSE,FALSE,TRUE,,POINT (-73.9561124892063 40.7949440648632)
"-7,395,808,131,193","407,905,538,237",32F-PM-1008-04,32F,PM,10082018,4,Adult,Gray,,Gray+,,Ground Plane,FALSE,,FALSE,FALSE,FALSE,FALSE,TRUE,,FALSE,FALSE,FALSE,FALSE,FALSE,FALSE,FALSE,FALSE,,POINT (-73.9580813119325 40.7905538237042)
"-7,396,453,651,955","4,077,815,310,213",18H-AM-1018-02,18H,AM,10182018,2,Adult,Gray,Cinnamon,Gray+Cinnamon,,Above Ground,,Tree,TRUE,TRUE,FALSE,FALSE,FALSE,playing?,FALSE,FALSE,FALSE,FALSE,FALSE,FALSE,FALSE,FALSE,,POINT (-73.9645365195454 40.7781531021263)
"-7,396,419,899,146","4,078,908,104,451",28B-AM-1007-01,28B,AM,10072018,1,Adult,Gray,Cinnamon,Gray+Cinnamon,,Ground Plane,FALSE,,FALSE,FALSE,FALSE,FALSE,TRUE,wresting w/ branch,FALSE,FALSE,FALSE,FALSE,FALSE,FALSE,FALSE,FALSE,,POINT (-73.9641989914569 40.789081044511)
"-7,395,558,560,741","4,079,694,576,857",40E-AM-1014-04,40E,AM,10142018,4,Adult,Gray,White,Gray+White,,Ground Plane,FALSE,on rocks/bushy rocks,TRUE,FALSE,FALSE,FALSE,FALSE,hiding from bird,FALSE,TRUE,FALSE,FALSE,TRUE,FALSE,TRUE,FALSE,,POINT (-73.9555856074105 40.79694576856771)
"-7,397,538,188,299","4,076,978,409,862",5D-PM-1018-06,05D,PM,10182018,6,Adult,Gray,,Gray+,,Ground Plane,FALSE,,FALSE,FALSE,FALSE,FALSE,TRUE,,FALSE,FALSE,FALSE,FALSE,FALSE,FALSE,TRUE,FALSE,,POINT (-73.9753818829907 40.7697840986163)
"-7,397,156,211,346","4,076,959,187,175",7H-AM-1006-02,07H,AM,10062018,2,Adult,Gray,Cinnamon,Gray+Cinnamon,,Ground Plane,FALSE,,TRUE,FALSE,FALSE,FALSE,TRUE,"running (along ground,up tree)",FALSE,FALSE,FALSE,FALSE,FALSE,FALSE,TRUE,FALSE,,POINT (-73.9715621134573 40.76959187175131)
"-7,397,142,424,265","4,077,445,357,981",11E-PM-1012-05,11E,PM,10122018,5,Adult,Gray,White,Gray+White,,Ground Plane,FALSE,,TRUE,FALSE,FALSE,TRUE,TRUE,"foraging (foraged,ran to tree root,munched)",FALSE,FALSE,FALSE,FALSE,FALSE,FALSE,TRUE,FALSE,,POINT (-73.9714242426496 40.7744535798123)
"-7,396,977,446,628","407,755,950,429",13F-AM-1007-04,13F,AM,10072018,4,Adult,Cinnamon,Gray,Cinnamon+Gray,,Ground Plane,FALSE,,FALSE,FALSE,FALSE,TRUE,TRUE,,FALSE,FALSE,FALSE,FALSE,FALSE,FALSE,TRUE,FALSE,,POINT (-73.9697744662785 40.7755950428973)
"-7,395,450,371,934","4,079,002,250,554",33I-PM-1006-04,33I,PM,10062018,4,Adult,Gray,,Gray+,,Ground Plane,FALSE,,TRUE,FALSE,FALSE,FALSE,FALSE,,FALSE,FALSE,FALSE,FALSE,FALSE,FALSE,TRUE,FALSE,,POINT (-73.9545037193355 40.7900225055417)
"-7,395,638,478,673","4,079,060,122,612",33G-AM-1013-03,33G,AM,10132018,3,?,,,+,Only peeked head out,Above Ground,13,,FALSE,FALSE,FALSE,FALSE,FALSE,"peeking out of tree,did *not* come out",FALSE,FALSE,FALSE,FALSE,FALSE,FALSE,FALSE,FALSE,,POINT (-73.9563847867316 40.7906012261163)
"-7,397,143,299,793","4,077,418,733,889",11E-PM-1012-04,11E,PM,10122018,4,Adult,Gray,White,Gray+White,,Ground Plane,FALSE,,FALSE,FALSE,FALSE,FALSE,TRUE,,FALSE,FALSE,FALSE,FALSE,FALSE,FALSE,TRUE,FALSE,,POINT (-73.9714329979305 40.7741873388945)
"-7,395,692,690,934","4,079,653,232,625",39D-PM-1012-03,39D,PM,10122018,3,Adult,Gray,White,Gray+White,,Ground Plane,FALSE,,TRUE,FALSE,FALSE,FALSE,FALSE,,FALSE,FALSE,FALSE,FALSE,FALSE,FALSE,FALSE,TRUE,,POINT (-73.956926909344 40.7965323262487)
"-7,395,840,642,038","4,079,122,724,555",33F-PM-1012-04,33F,PM,10122018,4,Adult,Gray,"Cinnamon, White","Gray+Cinnamon, White",,Ground Plane,FALSE,,TRUE,FALSE,FALSE,TRUE,TRUE,,FALSE,FALSE,FALSE,FALSE,TRUE,FALSE,FALSE,TRUE,,POINT (-73.9584064203778 40.7912272455454)
"-7,396,300,972,764","4,079,366,584,463",33A-PM-1018-04,33A,PM,10182018,4,Adult,Gray,Cinnamon,Gray+Cinnamon,,Ground Plane,FALSE,,FALSE,FALSE,FALSE,FALSE,TRUE,,FALSE,FALSE,FALSE,FALSE,FALSE,FALSE,TRUE,FALSE,,POINT (-73.9630097276366 40.79366584462511)
"-7,395,320,745,731","4,079,346,694,649",37H-PM-1006-06,37H,PM,10062018,6,Adult,Gray,Cinnamon,Gray+Cinnamon,,Above Ground,40,tree,TRUE,FALSE,TRUE,FALSE,FALSE,,FALSE,FALSE,FALSE,FALSE,FALSE,FALSE,FALSE,FALSE,,POINT (-73.9532074573139 40.7934669464908)
"-7,397,202,898,637","4,077,637,495,616",13C-PM-1019-03,13C,PM,10192018,3,Adult,Gray,White,Gray+White,,Ground Plane,FALSE,,TRUE,FALSE,FALSE,TRUE,FALSE,,FALSE,FALSE,FALSE,FALSE,FALSE,FALSE,FALSE,TRUE,,POINT (-73.97202898636661 40.7763749561607)
"-7,396,511,776,577","4,078,124,081,038",20F-PM-1007-05,20F,PM,10072018,5,Juvenile,Gray,White,Gray+White,white tail,Above Ground,20,,FALSE,FALSE,TRUE,FALSE,FALSE,,FALSE,FALSE,FALSE,FALSE,FALSE,FALSE,FALSE,TRUE,,POINT (-73.9651177657676 40.781240810382506)
"-7,396,846,572,855","4,078,401,135,737",22B-AM-1013-05,22B,AM,10132018,5,Adult,Gray,Cinnamon,Gray+Cinnamon,,Above Ground,,tree,FALSE,FALSE,TRUE,FALSE,FALSE,,FALSE,FALSE,FALSE,FALSE,FALSE,FALSE,FALSE,FALSE,looked down on me like her imperial subject,POINT (-73.9684657285532 40.7840113573723)
"-7,396,405,889,194","4,079,004,409,846",29B-PM-1010-04,29B,PM,10102018,4,Adult,Gray,"Cinnamon, White","Gray+Cinnamon, White",,Ground Plane,FALSE,,FALSE,FALSE,FALSE,TRUE,TRUE,,FALSE,FALSE,FALSE,FALSE,FALSE,FALSE,TRUE,FALSE,,POINT (-73.9640588919446 40.790044098464)
"-739,704,831,177","4,076,998,789,957",7H-AM-1006-10,07H,AM,10062018,10,Adult,Gray,Cinnamon,Gray+Cinnamon,,Ground Plane,FALSE,,TRUE,FALSE,FALSE,FALSE,FALSE,,FALSE,FALSE,FALSE,FALSE,FALSE,FALSE,TRUE,FALSE,,POINT (-73.9704831177035 40.7699878995692)
"-7,397,248,065,806","4,077,100,772,061",7F-AM-1008-15,07F,AM,10082018,15,Juvenile,Gray,,Gray+,,Ground Plane,FALSE,,TRUE,FALSE,FALSE,FALSE,FALSE,,FALSE,FALSE,FALSE,FALSE,FALSE,FALSE,TRUE,FALSE,,POINT (-73.9724806580638 40.7710077206132)
"-7,396,149,024,293","4,078,912,820,176",30D-AM-1017-01,30D,AM,10172018,1,Adult,Gray,,Gray+,,Ground Plane,FALSE,,FALSE,FALSE,FALSE,FALSE,TRUE,,FALSE,FALSE,FALSE,FALSE,FALSE,FALSE,TRUE,FALSE,,POINT (-73.9614902429282 40.7891282017625)
"-7,396,986,119,712","407,753,915,552",13F-PM-1008-02,13F,PM,10082018,2,Adult,Gray,Cinnamon,Gray+Cinnamon,,Ground Plane,FALSE,,FALSE,FALSE,FALSE,TRUE,TRUE,,FALSE,FALSE,FALSE,FALSE,FALSE,FALSE,FALSE,TRUE,,POINT (-73.9698611971209 40.7753915552001)
"-7,395,840,641,909","4,079,129,928,524",33F-PM-1012-03,33F,PM,10122018,3,Adult,Black,Gray,Black+Gray,,Ground Plane,FALSE,,FALSE,FALSE,FALSE,TRUE,TRUE,,FALSE,FALSE,FALSE,FALSE,TRUE,FALSE,TRUE,FALSE,,POINT (-73.9584064190878 40.7912992852442)
"-7,398,019,714,656","4,076,970,817,498",3A-PM-1017-04,03A,PM,10172018,4,Adult,Gray,Cinnamon,Gray+Cinnamon,,Ground Plane,FALSE,,FALSE,FALSE,FALSE,FALSE,TRUE,,FALSE,FALSE,FALSE,FALSE,FALSE,TRUE,FALSE,FALSE,,POINT (-73.9801971465604 40.7697081749827)
"-7,396,867,781,675","4,077,656,252,569",14F-PM-1012-04,14F,PM,10122018,4,,,,+,,,,,FALSE,FALSE,FALSE,FALSE,FALSE,,TRUE,TRUE,FALSE,FALSE,FALSE,FALSE,FALSE,FALSE,,POINT (-73.96867781674841 40.7765625256946)
"-739,766,094,865","4,077,178,329,225",7C-PM-1020-04,07C,PM,10202018,4,Adult,Gray,,Gray+,,Above Ground,1,,FALSE,FALSE,TRUE,FALSE,FALSE,,FALSE,FALSE,FALSE,FALSE,FALSE,FALSE,FALSE,TRUE,,POINT (-73.976609486498 40.7717832922535)
"-7,395,896,353,264","4,079,517,486,738",37C-AM-1012-02,37C,AM,10122018,2,Adult,Gray,Cinnamon,Gray+Cinnamon,"Cinnamon flanks, light band across nose",Ground Plane,FALSE,,FALSE,FALSE,FALSE,FALSE,TRUE,caching,FALSE,FALSE,FALSE,FALSE,FALSE,FALSE,TRUE,FALSE,,POINT (-73.9589635326362 40.7951748673846)
"-7,396,763,709,852","4,078,698,886,394",25A-AM-1013-01,25A,AM,10132018,1,,Gray,White,Gray+White,White Belly,Ground Plane,FALSE,,FALSE,FALSE,FALSE,TRUE,FALSE,staring at me,FALSE,FALSE,FALSE,FALSE,FALSE,FALSE,TRUE,FALSE,,POINT (-73.96763709851662 40.7869888639434)
"-7,397,074,984,304","407,723,724,481",10G-PM-1017-09,10G,PM,10172018,9,Adult,Gray,,Gray+,,Ground Plane,FALSE,,FALSE,TRUE,FALSE,FALSE,FALSE,,FALSE,FALSE,FALSE,FALSE,FALSE,FALSE,TRUE,FALSE,,POINT (-73.9707498430394 40.7723724480959)
"-7,396,285,255,338","407,938,449,345",34A-PM-1013-02,34A,PM,10132018,2,Adult,Gray,Cinnamon,Gray+Cinnamon,,Ground Plane,FALSE,,FALSE,FALSE,TRUE,TRUE,TRUE,eating upside down on tree trunk,FALSE,FALSE,FALSE,FALSE,FALSE,FALSE,FALSE,FALSE,,POINT (-73.9628525533831 40.7938449345017)
"-7,395,388,671,864","407,941,409,434",38G-PM-1020-03,38G,PM,10202018,3,Adult,Gray,Cinnamon,Gray+Cinnamon,,Ground Plane,FALSE,,TRUE,FALSE,FALSE,FALSE,FALSE,,FALSE,FALSE,FALSE,TRUE,FALSE,FALSE,TRUE,FALSE,,POINT (-73.9538867186376 40.7941409434007)
"-7,395,886,101,957","4,079,452,699,366",36C-AM-1014-02,36C,AM,10142018,2,Juvenile,Gray,White,Gray+White,,Ground Plane,FALSE,Crossing path,FALSE,FALSE,FALSE,TRUE,TRUE,,FALSE,FALSE,FALSE,FALSE,FALSE,FALSE,TRUE,FALSE,,POINT (-73.9588610195699 40.7945269936639)
"-7,395,457,735,791","4,078,986,846,357",33I-AM-1008-05,33I,AM,10082018,5,Adult,,,+,,Above Ground,100,,FALSE,FALSE,TRUE,FALSE,TRUE,,FALSE,FALSE,FALSE,FALSE,FALSE,FALSE,TRUE,FALSE,nearly dropped shell on my head!,POINT (-73.9545773579075 40.7898684635744)
"-7,397,167,365,574","4,077,493,334,943",12E-AM-1017-07,12E,AM,10172018,7,Adult,Gray,Cinnamon,Gray+Cinnamon,,Ground Plane,FALSE,,TRUE,FALSE,TRUE,FALSE,FALSE,,FALSE,FALSE,FALSE,FALSE,TRUE,FALSE,FALSE,TRUE,,POINT (-73.9716736557408 40.7749333494336)
"-73,979,108,535","4,076,770,253,426",2C-PM-1013-12,02C,PM,10132018,12,Adult,Gray,White,Gray+White,,Ground Plane,FALSE,,FALSE,FALSE,FALSE,FALSE,TRUE,,FALSE,FALSE,FALSE,FALSE,FALSE,TRUE,FALSE,FALSE,,POINT (-73.9791085350047 40.7677025342633)
"-7,395,458,077,499","4,079,005,075,376",33I-PM-1006-02,33I,PM,10062018,2,Adult,Black,,Black+,,Ground Plane,FALSE,,FALSE,FALSE,FALSE,FALSE,TRUE,,FALSE,FALSE,FALSE,FALSE,FALSE,FALSE,FALSE,TRUE,,POINT (-73.9545807749923 40.7900507537649)
"-7,396,539,465,596","4,077,631,367,917",15I-PM-1012-05,15I,PM,10122018,5,Adult,Gray,,Gray+,,Above Ground,2,,TRUE,FALSE,TRUE,FALSE,TRUE,burying the food on ground,FALSE,FALSE,FALSE,FALSE,FALSE,FALSE,FALSE,FALSE,look at us and continue hiding the food,POINT (-73.965394655961 40.7763136791661)
"-7,396,766,927,725","4,077,647,266,889",15G-AM-1008-03,15G,AM,10082018,3,Adult,Gray,,Gray+,,Ground Plane,FALSE,,FALSE,TRUE,FALSE,FALSE,FALSE,,TRUE,FALSE,FALSE,FALSE,FALSE,FALSE,FALSE,FALSE,,POINT (-73.9676692772518 40.7764726688908)
"-7,396,900,726,471","4,077,377,122,675",12G-AM-1012-02,12G,AM,10122018,2,Adult,Gray,,Gray+,,Ground Plane,FALSE,,FALSE,FALSE,FALSE,FALSE,TRUE,,FALSE,FALSE,FALSE,FALSE,TRUE,FALSE,TRUE,FALSE,,POINT (-73.9690072647093 40.7737712267463)
"-7,395,017,625,275","4,079,755,340,861",42H-PM-1014-05,42H,PM,10142018,5,Adult,Gray,White,Gray+White,,Above Ground,15,,TRUE,TRUE,FALSE,FALSE,FALSE,,FALSE,FALSE,FALSE,FALSE,FALSE,FALSE,FALSE,TRUE,,POINT (-73.9501762527462 40.7975534086077)
"-7,397,274,056,795","4,077,826,775,545",14B-PM-1014-01,14B,PM,10142018,1,Adult,Gray,Cinnamon,Gray+Cinnamon,,Ground Plane,FALSE,,FALSE,FALSE,FALSE,FALSE,TRUE,,FALSE,FALSE,FALSE,FALSE,FALSE,FALSE,FALSE,FALSE,,POINT (-73.9727405679487 40.7782677554482)
"-7,397,130,702,171","4,077,537,950,148",12E-AM-1017-05,12E,AM,10172018,5,Adult,Gray,Cinnamon,Gray+Cinnamon,,Ground Plane,FALSE,,FALSE,FALSE,FALSE,TRUE,FALSE,,FALSE,FALSE,FALSE,FALSE,FALSE,FALSE,TRUE,FALSE,,POINT (-73.9713070217071 40.7753795014815)
"-7,398,070,785,152","4,076,833,352,926",2A-AM-1010-04,02A,AM,10102018,4,Adult,Cinnamon,Gray,Cinnamon+Gray,,Ground Plane,FALSE,,FALSE,FALSE,FALSE,TRUE,TRUE,,FALSE,FALSE,FALSE,FALSE,TRUE,FALSE,TRUE,FALSE,,POINT (-73.9807078515193 40.7683335292642)
"-7,396,847,906,579","4,078,388,187,179",22B-AM-1013-01,22B,AM,10132018,1,Adult,Gray,Cinnamon,Gray+Cinnamon,,Ground Plane,FALSE,,FALSE,FALSE,FALSE,FALSE,TRUE,,FALSE,FALSE,FALSE,FALSE,FALSE,FALSE,FALSE,FALSE,"looked at me,standing on back feet",POINT (-73.9684790657851 40.7838818717863)
"-7,395,257,524,082","4,079,549,154,176",39H-AM-1007-03,39H,AM,10072018,3,Juvenile,Gray,White,Gray+White,,Ground Plane,FALSE,,FALSE,FALSE,FALSE,TRUE,TRUE,,FALSE,FALSE,FALSE,FALSE,FALSE,FALSE,FALSE,FALSE,,POINT (-73.9525752408169 40.7954915417553)
"-7,397,351,371,784","4,076,910,989,529",5F-AM-1007-06,05F,AM,10072018,6,Adult,Gray,,Gray+,,Above Ground,2,branch,FALSE,FALSE,FALSE,TRUE,FALSE,,FALSE,FALSE,FALSE,FALSE,FALSE,FALSE,FALSE,FALSE,,POINT (-73.9735137178369 40.769109895294)
"-73,961,550,051","4,079,207,992,637",32C-PM-1013-05,32C,PM,10132018,5,Adult,Gray,,Gray+,,Ground Plane,FALSE,,TRUE,FALSE,FALSE,FALSE,FALSE,,FALSE,FALSE,FALSE,FALSE,FALSE,FALSE,FALSE,FALSE,,POINT (-73.9615500510038 40.7920799263699)
"-7,397,222,614,956","4,076,905,420,726",6G-PM-1020-03,06G,PM,10202018,3,Adult,Gray,,Gray+,,Ground Plane,FALSE,,FALSE,FALSE,FALSE,FALSE,TRUE,,FALSE,FALSE,FALSE,FALSE,FALSE,FALSE,TRUE,FALSE,,POINT (-73.9722261495647 40.7690542072646)
"-7,397,650,641,691","4,077,372,114,267",8B-AM-1007-06,08B,AM,10072018,6,Adult,Gray,White,Gray+White,,Ground Plane,FALSE,,FALSE,FALSE,FALSE,FALSE,TRUE,,FALSE,FALSE,FALSE,FALSE,TRUE,FALSE,TRUE,FALSE,,POINT (-73.9765064169087 40.7737211426714)
"-7,396,252,055,382","4,078,107,850,551",21H-AM-1017-01,21H,AM,10172018,1,Adult,Gray,Cinnamon,Gray+Cinnamon,,Ground Plane,FALSE,,FALSE,FALSE,FALSE,TRUE,FALSE,,FALSE,FALSE,FALSE,FALSE,FALSE,FALSE,FALSE,TRUE,,POINT (-73.9625205538171 40.7810785055136)
"-739,769,969,548","4,077,107,112,652",6C-AM-1007-01,06C,AM,10072018,1,Adult,Gray,White,Gray+White,vid!,Above Ground,15,,FALSE,FALSE,TRUE,FALSE,FALSE,,FALSE,FALSE,FALSE,FALSE,TRUE,FALSE,FALSE,FALSE,"curious,but wary",POINT (-73.97699695480242 40.7710711265211)
"-7,396,081,673,001","4,079,543,486,883",36A-PM-1013-05,36A,PM,10132018,5,,Gray,Cinnamon,Gray+Cinnamon,,Ground Plane,FALSE,EDGE OF WOODS,FALSE,FALSE,FALSE,FALSE,TRUE,,FALSE,FALSE,FALSE,FALSE,FALSE,FALSE,FALSE,TRUE,,POINT (-73.9608167300104 40.7954348688268)
"-739,705,254,801","4,077,636,064,943",13E-AM-1017-03,13E,AM,10172018,3,Adult,Gray,White,Gray+White,,Ground Plane,FALSE,,FALSE,FALSE,FALSE,TRUE,TRUE,,TRUE,FALSE,FALSE,FALSE,FALSE,FALSE,FALSE,TRUE,acknowledges,POINT (-73.9705254801 40.7763606494306)
"-7,397,321,932,906","4,077,487,914,477",11D-PM-1006-01,11D,PM,10062018,1,Adult,Gray,Cinnamon,Gray+Cinnamon,,Above Ground,20,,FALSE,FALSE,TRUE,FALSE,FALSE,,FALSE,FALSE,FALSE,FALSE,FALSE,FALSE,TRUE,FALSE,,POINT (-73.9732193290631 40.7748791447746)
"-739,706,586,108","4,077,963,574,445",17C-PM-1013-02,17C,PM,10132018,2,Adult,Gray,,Gray+,,Above Ground,20,in a tree,FALSE,FALSE,FALSE,TRUE,FALSE,,FALSE,FALSE,FALSE,FALSE,FALSE,FALSE,TRUE,FALSE,,POINT (-73.9706586108006 40.7796357444471)
"-739,733,461,335","4,076,843,142,852",5G-PM-1010-01,05G,PM,10102018,1,Adult,Cinnamon,Gray,Cinnamon+Gray,,Ground Plane,FALSE,,FALSE,FALSE,FALSE,TRUE,TRUE,,FALSE,FALSE,FALSE,FALSE,FALSE,FALSE,TRUE,FALSE,,POINT (-73.9733461334967 40.7684314285151)
"-7,397,283,397,573","407,782,891,208",14B-PM-1014-04,14B,PM,10142018,4,Adult,Gray,Cinnamon,Gray+Cinnamon,,Above Ground,20,running up and down,FALSE,FALSE,FALSE,FALSE,FALSE,,FALSE,FALSE,FALSE,FALSE,FALSE,FALSE,FALSE,FALSE,,POINT (-73.9728339757306 40.7782891207966)
"-7,396,997,995,015","4,077,365,762,862",11F-AM-1013-02,11F,AM,10132018,2,Adult,Gray,,Gray+,,Above Ground,5,,FALSE,FALSE,TRUE,FALSE,FALSE,,FALSE,FALSE,FALSE,FALSE,FALSE,FALSE,FALSE,TRUE,,POINT (-73.9699799501516 40.7736576286234)
"-7,396,938,943,058","407,756,906,748",13F-PM-1008-04,13F,PM,10082018,4,Adult,Gray,Cinnamon,Gray+Cinnamon,,Above Ground,20,,FALSE,FALSE,FALSE,FALSE,FALSE,,TRUE,FALSE,FALSE,FALSE,FALSE,FALSE,FALSE,FALSE,,POINT (-73.9693894305786 40.7756906748026)
"-7,395,564,500,157","407,967,188,058",39E-AM-1018-04,39E,AM,10182018,4,Adult,Gray,,Gray+,,Ground Plane,FALSE,,FALSE,TRUE,FALSE,FALSE,FALSE,,FALSE,FALSE,FALSE,TRUE,FALSE,FALSE,TRUE,FALSE,,POINT (-73.9556450015702 40.7967188058002)
"-739,655,670,885","4,077,637,288,906",16H-PM-1014-03,16H,PM,10142018,3,Adult,Gray,White,Gray+White,,Ground Plane,FALSE,,TRUE,FALSE,FALSE,FALSE,FALSE,,FALSE,FALSE,FALSE,FALSE,FALSE,TRUE,FALSE,FALSE,followed man across bridge,POINT (-73.9655670884957 40.7763728890554)
"-7,397,216,425,099","4,077,011,793,901",7G-AM-1010-01,07G,AM,10102018,1,Adult,Gray,Cinnamon,Gray+Cinnamon,,Ground Plane,FALSE,,TRUE,FALSE,FALSE,FALSE,FALSE,,FALSE,FALSE,FALSE,FALSE,TRUE,FALSE,TRUE,FALSE,,POINT (-73.9721642509914 40.7701179390078)
"-7,397,338,823,646","4,076,830,787,066",5G-AM-1006-01,05G,AM,10062018,1,Adult,Gray,Black,Gray+Black,,Above Ground,20,,FALSE,FALSE,TRUE,FALSE,FALSE,,FALSE,FALSE,FALSE,FALSE,FALSE,FALSE,FALSE,FALSE,made eye contact with me,POINT (-73.9733882364574 40.7683078706597)
"-7,396,624,099,976","4,078,910,429,354",28A-PM-1007-03,28A,PM,10072018,3,Adult,Cinnamon,Gray,Cinnamon+Gray,,Ground Plane,FALSE,,FALSE,TRUE,FALSE,TRUE,TRUE,chasing #2 took #2 food wrapper and is foraging through it,FALSE,FALSE,FALSE,FALSE,FALSE,FALSE,TRUE,FALSE,,POINT (-73.9662409997642 40.7891042935432)
"-7,395,480,061,617","407,945,503,341",38G-PM-1020-08,38G,PM,10202018,8,Adult,Gray,"Cinnamon, White","Gray+Cinnamon, White",,Ground Plane,FALSE,,FALSE,FALSE,FALSE,TRUE,TRUE,,TRUE,FALSE,FALSE,TRUE,FALSE,FALSE,TRUE,FALSE,,POINT (-73.9548006161673 40.7945503341011)
"-7,395,303,265,773","4,079,569,223,864",39G-PM-1013-02,39G,PM,10132018,2,Adult,Gray,Cinnamon,Gray+Cinnamon,,Ground Plane,FALSE,,TRUE,FALSE,FALSE,FALSE,FALSE,,FALSE,FALSE,FALSE,FALSE,FALSE,FALSE,FALSE,FALSE,,POINT (-73.9530326577312 40.795692238639504)
"-7,396,253,837,953","4,078,838,623,317",28D-AM-1012-03,28D,AM,10122018,3,Adult,Black,,Black+,,Above Ground,30,,TRUE,FALSE,FALSE,FALSE,FALSE,,FALSE,FALSE,FALSE,FALSE,FALSE,FALSE,TRUE,FALSE,,POINT (-73.9625383795297 40.7883862331728)
"-7,397,004,108,519","4,078,344,275,803",21A-AM-1019-07,21A,AM,10192018,7,Adult,Gray,,Gray+,,Above Ground,25,,TRUE,FALSE,TRUE,FALSE,FALSE,,FALSE,FALSE,FALSE,FALSE,FALSE,FALSE,TRUE,FALSE,,POINT (-73.970041085185 40.783442758031306)
"-7,396,322,658,326","4,078,169,144,755",22G-AM-1018-04,22G,AM,10182018,4,Adult,Gray,Cinnamon,Gray+Cinnamon,,Above Ground,3,,FALSE,FALSE,TRUE,FALSE,FALSE,,FALSE,FALSE,FALSE,FALSE,FALSE,FALSE,FALSE,FALSE,,POINT (-73.9632265832593 40.78169144754611)
"-739,717,302,773","4,077,488,054,394",11D-PM-1006-05,11D,PM,10062018,5,Adult,Gray,"Cinnamon, White","Gray+Cinnamon, White",,Ground Plane,FALSE,,FALSE,FALSE,FALSE,TRUE,TRUE,,FALSE,FALSE,FALSE,FALSE,TRUE,FALSE,TRUE,FALSE,,POINT (-73.971730277301 40.7748805439381)
"-7,396,802,132,695","4,077,788,076,924",16F-PM-1013-06,16F,PM,10132018,6,Adult,Gray,Cinnamon,Gray+Cinnamon,,Ground Plane,FALSE,Big rock in meadow,FALSE,FALSE,FALSE,FALSE,TRUE,,FALSE,FALSE,FALSE,FALSE,FALSE,FALSE,FALSE,TRUE,,POINT (-73.968021326951 40.7778807692445)
"-7,397,239,229,041","407,729,164,833",9E-AM-1008-01,09E,AM,10082018,1,Adult,Gray,Cinnamon,Gray+Cinnamon,,Ground Plane,FALSE,,FALSE,FALSE,FALSE,FALSE,TRUE,,FALSE,FALSE,FALSE,FALSE,FALSE,TRUE,FALSE,FALSE,,POINT (-73.9723922904119 40.7729164833027)
"-7,395,389,705,545","4,079,551,967,935",39G-PM-1013-03,39G,PM,10132018,3,Adult,Gray,Cinnamon,Gray+Cinnamon,,Above Ground,15,,FALSE,FALSE,TRUE,FALSE,FALSE,,FALSE,FALSE,FALSE,FALSE,FALSE,FALSE,FALSE,FALSE,,POINT (-73.9538970554532 40.7955196793479)
"-7,396,731,038,815","4,078,742,674,096",26A-PM-1006-01,26A,PM,10062018,1,Juvenile,Gray,Cinnamon,Gray+Cinnamon,,Ground Plane,FALSE,,FALSE,FALSE,FALSE,FALSE,TRUE,,FALSE,FALSE,FALSE,TRUE,FALSE,FALSE,FALSE,TRUE,,POINT (-73.9673103881521 40.7874267409618)
"-7,397,259,615,083","407,795,720,445",16A-PM-1019-06,16A,PM,10192018,6,Juvenile,Gray,,Gray+,,Ground Plane,FALSE,,TRUE,FALSE,FALSE,FALSE,FALSE,,FALSE,FALSE,FALSE,FALSE,TRUE,FALSE,FALSE,TRUE,,POINT (-73.9725961508316 40.7795720444974)
"-7,397,271,159,154","4,077,829,293,206",14B-PM-1014-02,14B,PM,10142018,2,Adult,Gray,Cinnamon,Gray+Cinnamon,,Ground Plane,FALSE,,FALSE,TRUE,FALSE,FALSE,TRUE,,FALSE,FALSE,FALSE,FALSE,FALSE,FALSE,FALSE,FALSE,,POINT (-73.9727115915422 40.7782929320632)
"-7,396,209,645,765","4,079,173,320,017",32C-PM-1013-01,32C,PM,10132018,1,Adult,Gray,,Gray+,,Ground Plane,FALSE,,FALSE,FALSE,FALSE,FALSE,TRUE,,FALSE,FALSE,FALSE,FALSE,FALSE,FALSE,FALSE,FALSE,,POINT (-73.9620964576469 40.7917332001738)
"-7,397,021,660,515","4,077,029,606,673",8H-PM-1014-08,08H,PM,10142018,8,Adult,Gray,,Gray+,,Above Ground,5,,FALSE,TRUE,FALSE,FALSE,FALSE,"chasing (#7),playing?",FALSE,FALSE,FALSE,FALSE,FALSE,FALSE,TRUE,FALSE,,POINT (-73.970216605149 40.7702960667277)
"-7,396,901,042,451","4,078,533,581,937",23A-AM-1018-02,23A,AM,10182018,2,Juvenile,Black,,Black+,,Ground Plane,FALSE,,FALSE,FALSE,FALSE,TRUE,FALSE,,FALSE,FALSE,FALSE,FALSE,FALSE,FALSE,TRUE,FALSE,,POINT (-73.9690104245067 40.7853358193723)
"-7,396,924,014,211","4,077,071,288,957",8I-AM-1006-04,08I,AM,10062018,4,Adult,Gray,White,Gray+White,,Ground Plane,FALSE,,TRUE,FALSE,FALSE,FALSE,TRUE,,FALSE,FALSE,FALSE,TRUE,FALSE,FALSE,TRUE,FALSE,,POINT (-73.9692401421068 40.7707128895661)
"-7,396,893,059,788","4,078,181,524,963",19C-PM-1018-06,19C,PM,10182018,6,Adult,Gray,Cinnamon,Gray+Cinnamon,,Above Ground,2,Climbed fence,TRUE,FALSE,TRUE,FALSE,FALSE,climbing (fence),FALSE,FALSE,FALSE,FALSE,FALSE,FALSE,TRUE,FALSE,,POINT (-73.9689305978751 40.7818152496266)
"-7,396,303,814,001","4,078,075,718,273",21H-PM-1018-02,21H,PM,10182018,2,Juvenile,Gray,Cinnamon,Gray+Cinnamon,,Ground Plane,FALSE,,FALSE,TRUE,FALSE,FALSE,FALSE,,FALSE,FALSE,FALSE,TRUE,FALSE,FALSE,TRUE,FALSE,,POINT (-73.9630381400083 40.7807571827321)
"-7,397,792,631,146","4,076,826,818,554",3D-PM-1010-08,03D,PM,10102018,8,Adult,Gray,White,Gray+White,,Ground Plane,FALSE,,TRUE,FALSE,FALSE,FALSE,TRUE,,FALSE,FALSE,FALSE,FALSE,FALSE,FALSE,FALSE,FALSE,,POINT (-73.9779263114572 40.7682681855369)
"-7,395,200,246,546","4,079,473,298,282",39I-PM-1013-04,39I,PM,10132018,4,Adult,Gray,Cinnamon,Gray+Cinnamon,Gray & Cinnamon selected as both Primary and Highlights. Made executive adjustments.,Ground Plane,FALSE,,FALSE,FALSE,FALSE,TRUE,FALSE,playing,FALSE,FALSE,FALSE,FALSE,FALSE,TRUE,FALSE,FALSE,,POINT (-73.95200246546021 40.7947329828155)
"-7,396,952,260,237","4,077,975,277,758",17D-AM-1008-01,17D,AM,10082018,1,Adult,Gray,White,Gray+White,,Ground Plane,FALSE,,FALSE,FALSE,TRUE,FALSE,FALSE,,FALSE,FALSE,FALSE,FALSE,FALSE,FALSE,FALSE,TRUE,,POINT (-73.9695226023739 40.7797527775804)
"-7,397,039,212,714","4,077,002,761,153",7H-PM-1006-06,07H,PM,10062018,6,Adult,Gray,,Gray+,,Above Ground,15,,FALSE,TRUE,TRUE,FALSE,FALSE,playing w/ #7,FALSE,FALSE,FALSE,FALSE,FALSE,FALSE,TRUE,FALSE,,POINT (-73.9703921271418 40.770027611531404)
"-7,397,461,284,513","4,077,009,570,467",6E-PM-1010-02,06E,PM,10102018,2,Adult,Cinnamon,White,Cinnamon+White,white back legs,Ground Plane,FALSE,small open area but w/ 7 large oak trees,FALSE,FALSE,FALSE,FALSE,TRUE,,FALSE,FALSE,FALSE,FALSE,FALSE,FALSE,TRUE,FALSE,,POINT (-73.9746128451271 40.7700957046709)
"-7,397,672,201,797","4,077,532,621,031",10A-PM-1014-03,10A,PM,10142018,3,Adult,Gray,"Black, Cinnamon, White","Gray+Black, Cinnamon, White",,Above Ground,,above my head in tree,FALSE,FALSE,FALSE,TRUE,FALSE,eating (in a tree),FALSE,FALSE,FALSE,FALSE,FALSE,FALSE,TRUE,FALSE,"indifferent (lots of people taking its picture,didn't bother it)",POINT (-73.9767220179725 40.7753262103123)
"-7,396,980,835,989","4,077,200,993,929",10H-AM-1014-01,10H,AM,10142018,1,Adult,Gray,Cinnamon,Gray+Cinnamon,,Ground Plane,FALSE,,FALSE,FALSE,FALSE,FALSE,TRUE,,FALSE,FALSE,FALSE,FALSE,FALSE,FALSE,FALSE,FALSE,,POINT (-73.9698083598887 40.7720099392886)
"-7,396,818,740,369","407,817,948,691",20C-PM-1018-02,20C,PM,10182018,2,Adult,Gray,,Gray+,,Ground Plane,FALSE,,TRUE,TRUE,FALSE,FALSE,FALSE,,FALSE,FALSE,FALSE,FALSE,FALSE,FALSE,FALSE,FALSE,,POINT (-73.9681874036914 40.7817948690964)
"-739,577,109,759","407,984,055,614",40B-AM-1019-06,40B,AM,10192018,6,Juvenile,Gray,White,Gray+White,,Ground Plane,FALSE,,FALSE,FALSE,FALSE,FALSE,TRUE,,FALSE,FALSE,FALSE,FALSE,FALSE,FALSE,FALSE,TRUE,,POINT (-73.957710975899 40.7984055614047)
"-7,397,116,179,978","4,077,612,128,781",13D-PM-1018-04,13D,PM,10182018,4,Adult,Gray,White,Gray+White,,Ground Plane,FALSE,,FALSE,FALSE,FALSE,FALSE,TRUE,digging,FALSE,FALSE,FALSE,FALSE,FALSE,FALSE,TRUE,FALSE,,POINT (-73.9711617997772 40.7761212878075)
"-7,396,087,672,805","4,079,035,724,537",31D-PM-1006-03,31D,PM,10062018,3,Adult,Gray,Cinnamon,Gray+Cinnamon,,Ground Plane,FALSE,,FALSE,FALSE,FALSE,FALSE,TRUE,,FALSE,FALSE,FALSE,FALSE,FALSE,FALSE,TRUE,FALSE,,POINT (-73.960876728048 40.79035724537)
"-7,397,139,064,928","4,077,500,613,101",12E-PM-1018-03,12E,PM,10182018,3,Adult,Cinnamon,,Cinnamon+,,Ground Plane,FALSE,,FALSE,FALSE,TRUE,FALSE,FALSE,,FALSE,FALSE,FALSE,FALSE,FALSE,FALSE,FALSE,TRUE,,POINT (-73.9713906492842 40.7750061310143)
"-7,396,421,112,831","4,077,777,139,853",18I-PM-1007-07,18I,PM,10072018,7,Adult,Gray,Cinnamon,Gray+Cinnamon,,Ground Plane,FALSE,,FALSE,FALSE,FALSE,FALSE,TRUE,,FALSE,FALSE,FALSE,FALSE,FALSE,FALSE,TRUE,FALSE,,POINT (-73.9642111283068 40.7777713985327)
"-7,396,692,078,091","4,077,927,678,501",18F-PM-1008-01,18F,PM,10082018,1,Adult,Gray,White,Gray+White,,Ground Plane,FALSE,,FALSE,FALSE,FALSE,TRUE,FALSE,,FALSE,FALSE,FALSE,FALSE,TRUE,FALSE,TRUE,FALSE,,POINT (-73.9669207809051 40.7792767850126)
"-7,397,642,262,492","4,077,358,183,873",8B-AM-1007-08,08B,AM,10072018,8,Adult,Gray,,Gray+,,Above Ground,6,,FALSE,FALSE,FALSE,TRUE,FALSE,holding nut,FALSE,FALSE,FALSE,FALSE,FALSE,FALSE,TRUE,FALSE,,POINT (-73.976422624924 40.7735818387346)
"-7,395,893,903,755","4,079,131,939,312",33E-PM-1012-04,33E,PM,10122018,4,Adult,Gray,White,Gray+White,,Ground Plane,FALSE,,FALSE,FALSE,FALSE,FALSE,TRUE,playing,FALSE,FALSE,FALSE,FALSE,FALSE,FALSE,FALSE,FALSE,,POINT (-73.958939037549 40.7913193931203)
"-7,397,900,445,065","4,076,894,694,792",3B-AM-1010-03,03B,AM,10102018,3,Juvenile,Gray,Cinnamon,Gray+Cinnamon,,Ground Plane,FALSE,,FALSE,TRUE,FALSE,FALSE,FALSE,chasing #2,FALSE,FALSE,FALSE,FALSE,FALSE,FALSE,FALSE,TRUE,,POINT (-73.9790044506465 40.7689469479245)
"-7,397,779,784,979","4,076,686,207,843",1D-AM-1006-01,01D,AM,10062018,1,Juvenile,Gray,White,Gray+White,,Ground Plane,FALSE,,TRUE,FALSE,TRUE,FALSE,TRUE,,FALSE,FALSE,FALSE,FALSE,TRUE,FALSE,FALSE,FALSE,,POINT (-73.9777978497894 40.7668620784309)
"-7,396,986,426,689","4,077,846,693,165",16D-PM-1010-10,16D,PM,10102018,10,Adult,Gray,,Gray+,,Ground Plane,FALSE,,FALSE,FALSE,FALSE,TRUE,TRUE,,FALSE,FALSE,FALSE,FALSE,FALSE,FALSE,TRUE,FALSE,,POINT (-73.9698642668906 40.7784669316504)
"-7,397,851,142,913","4,077,197,795,894",6A-PM-1012-03,06A,PM,10122018,3,Adult,Cinnamon,White,Cinnamon+White,,Ground Plane,FALSE,,TRUE,TRUE,TRUE,FALSE,FALSE,,FALSE,FALSE,FALSE,FALSE,FALSE,FALSE,FALSE,FALSE,,POINT (-73.9785114291288 40.7719779589449)
"-7,396,956,552,314","4,076,983,246,595",8I-PM-1013-02,08I,PM,10132018,2,Adult,Gray,"Cinnamon, White","Gray+Cinnamon, White",,Ground Plane,FALSE,,FALSE,FALSE,FALSE,TRUE,TRUE,,FALSE,FALSE,FALSE,FALSE,FALSE,FALSE,TRUE,FALSE,,POINT (-73.9695655231393 40.7698324659513)
"-739,690,645,326","4,077,738,221,161",15E-AM-1013-03,15E,AM,10132018,3,Adult,Gray,,Gray+,,Above Ground,2,on fallen log,FALSE,FALSE,FALSE,FALSE,FALSE,,FALSE,FALSE,FALSE,FALSE,TRUE,FALSE,FALSE,TRUE,,POINT (-73.9690645326017 40.7773822116124)
"-7,395,974,626,121","4,078,328,011,453",25I-PM-1007-06,25I,PM,10072018,6,,,,+,"Didn't see squirrel size, or colors",Above Ground,20,up in tree,FALSE,FALSE,FALSE,FALSE,FALSE,,FALSE,TRUE,FALSE,FALSE,FALSE,FALSE,FALSE,FALSE,,POINT (-73.9597462612063 40.7832801145306)
"-739,784,942,526","4,076,726,000,037",1D-AM-1006-06,01D,AM,10062018,6,Juvenile,Gray,"Cinnamon, White","Gray+Cinnamon, White",Gray & Cinnamon selected as Primary. White selected as Highlights. Made executive adjustments.,Ground Plane,FALSE,,TRUE,FALSE,FALSE,FALSE,FALSE,tumbling,FALSE,FALSE,FALSE,FALSE,FALSE,FALSE,FALSE,FALSE,,POINT (-73.9784942525972 40.7672600003683)
"-7,397,462,382,801","4,076,714,919,628",3F-AM-1006-06,03F,AM,10062018,6,Adult,Gray,Cinnamon,Gray+Cinnamon,Gray & Cinnamon selected as Primary. Nothing selected as Highlights. Made executive adjustments.,Ground Plane,FALSE,,FALSE,FALSE,FALSE,FALSE,TRUE,,FALSE,FALSE,FALSE,FALSE,FALSE,FALSE,TRUE,FALSE,,POINT (-73.9746238280116 40.7671491962844)
"-7,397,053,318,084","4,076,999,435,713",7H-AM-1006-09,07H,AM,10062018,9,Adult,Gray,Cinnamon,Gray+Cinnamon,,,,,FALSE,FALSE,FALSE,FALSE,TRUE,,FALSE,FALSE,FALSE,FALSE,FALSE,TRUE,FALSE,FALSE,,POINT (-73.9705331808443 40.7699943571296)
"-7,396,820,039,098","4,078,370,957,695",22B-AM-1013-02,22B,AM,10132018,2,Adult,Cinnamon,,Cinnamon+,,Ground Plane,FALSE,,FALSE,FALSE,FALSE,FALSE,TRUE,climbed tree,FALSE,FALSE,FALSE,FALSE,FALSE,FALSE,TRUE,FALSE,,POINT (-73.968200390984 40.7837095769482)
"-7,396,316,486,741","4,079,265,296,174",32A-PM-1013-08,32A,PM,10132018,8,Adult,Gray,White,Gray+White,,Ground Plane,FALSE,,FALSE,FALSE,FALSE,FALSE,TRUE,,FALSE,FALSE,FALSE,FALSE,FALSE,FALSE,TRUE,FALSE,,POINT (-73.9631648674122 40.7926529617419)
"-739,587,072,764","4,078,502,562,194",27I-AM-1007-01,27I,AM,10072018,1,Adult,Cinnamon,Gray,Cinnamon+Gray,,Above Ground,20,,FALSE,FALSE,TRUE,TRUE,FALSE,,FALSE,FALSE,FALSE,FALSE,FALSE,FALSE,FALSE,TRUE,,POINT (-73.9587072763996 40.7850256219415)
"-7,396,423,978,295","4,079,189,924,066",31A-PM-1017-02,31A,PM,10172018,2,Adult,Cinnamon,White,Cinnamon+White,,Ground Plane,FALSE,,FALSE,FALSE,FALSE,TRUE,FALSE,,FALSE,FALSE,FALSE,FALSE,FALSE,FALSE,FALSE,FALSE,,POINT (-73.96423978295472 40.7918992406575)
"-7,397,408,468,107","4,077,281,971,396",8D-AM-1007-06,08D,AM,10072018,6,Adult,Gray,,Gray+,,Ground Plane,FALSE,,TRUE,FALSE,FALSE,FALSE,FALSE,,FALSE,FALSE,FALSE,FALSE,FALSE,FALSE,FALSE,FALSE,,POINT (-73.974084681071 40.7728197139621)
"-739,676,270,671","4,077,639,144,315",15G-AM-1008-04,15G,AM,10082018,4,Adult,Gray,,Gray+,,Ground Plane,FALSE,,FALSE,TRUE,FALSE,FALSE,FALSE,,TRUE,FALSE,FALSE,FALSE,FALSE,FALSE,FALSE,FALSE,,POINT (-73.9676270670996 40.776391443152)
"-7,397,038,161,124","4,077,738,460,659",15D-PM-1017-02,15D,PM,10172018,2,Adult,Gray,Cinnamon,Gray+Cinnamon,,Above Ground,1,,FALSE,FALSE,TRUE,FALSE,TRUE,,FALSE,FALSE,FALSE,FALSE,FALSE,FALSE,TRUE,FALSE,,POINT (-73.9703816112358 40.7773846065919)
"-7,398,038,953,224","4,076,807,307,899",1B-AM-1012-13,01B,AM,10122018,13,Adult,Gray,Cinnamon,Gray+Cinnamon,,Ground Plane,FALSE,,TRUE,FALSE,FALSE,FALSE,TRUE,,FALSE,FALSE,FALSE,FALSE,FALSE,FALSE,TRUE,FALSE,,POINT (-73.9803895322385 40.7680730789944)
"-7,396,951,333,708","4,077,650,097,969",14E-AM-1008-16,14E,AM,10082018,16,Adult,Gray,,Gray+,,Above Ground,6,,FALSE,FALSE,TRUE,TRUE,TRUE,,FALSE,FALSE,FALSE,FALSE,FALSE,FALSE,TRUE,FALSE,,POINT (-73.9695133370801 40.7765009796853)
"-7,397,744,073,626","4,076,980,561,296",4C-PM-1010-12,04C,PM,10102018,12,Adult,Gray,Cinnamon,Gray+Cinnamon,,Ground Plane,FALSE,,TRUE,FALSE,FALSE,FALSE,TRUE,,FALSE,FALSE,FALSE,FALSE,FALSE,FALSE,FALSE,FALSE,,POINT (-73.9774407362587 40.7698056129554)
"-7,396,810,798,698","4,077,234,940,813",11I-PM-1012-05,11I,PM,10122018,5,Adult,Gray,,Gray+,,Above Ground,2,,TRUE,FALSE,TRUE,FALSE,TRUE,,FALSE,FALSE,FALSE,FALSE,FALSE,FALSE,FALSE,FALSE,,POINT (-73.9681079869821 40.7723494081345)
"-7,397,304,782,416","4,077,008,737,912",7F-AM-1008-03,07F,AM,10082018,3,Adult,Gray,,Gray+,,Above Ground,10,,FALSE,FALSE,TRUE,FALSE,FALSE,,FALSE,FALSE,FALSE,FALSE,FALSE,FALSE,TRUE,FALSE,,POINT (-73.973047824163 40.7700873791211)
"-7,396,628,648,848","4,078,910,623,383",28A-PM-1007-02,28A,PM,10072018,2,Adult,Gray,,Gray+,,Ground Plane,FALSE,,TRUE,FALSE,FALSE,FALSE,FALSE,running from #3,FALSE,FALSE,FALSE,FALSE,FALSE,FALSE,TRUE,FALSE,,POINT (-73.9662864884789 40.7891062338302)
"-7,396,731,290,103","407,778,169,846",16F-PM-1013-05,16F,PM,10132018,5,Adult,Gray,Cinnamon,Gray+Cinnamon,,Ground Plane,FALSE,Pine tree near utility shed,FALSE,FALSE,FALSE,TRUE,TRUE,,FALSE,FALSE,FALSE,FALSE,FALSE,FALSE,FALSE,TRUE,,POINT (-73.9673129010312 40.7778169845999)
"-7,395,401,970,796","4,079,803,926,098",41E-PM-1013-03,41E,PM,10132018,3,Adult,Cinnamon,"Gray, White","Cinnamon+Gray, White",Gray on legs,Above Ground,20,,FALSE,FALSE,FALSE,FALSE,TRUE,,FALSE,FALSE,FALSE,FALSE,FALSE,FALSE,FALSE,FALSE,,POINT (-73.9540197079615 40.798039260983)
"-7,395,956,135,488","4,078,380,575,273",25I-PM-1007-04,25I,PM,10072018,4,Adult,Gray,,Gray+,,Above Ground,25,,FALSE,FALSE,TRUE,FALSE,FALSE,,FALSE,FALSE,FALSE,FALSE,FALSE,FALSE,FALSE,FALSE,,POINT (-73.9595613548804 40.7838057527338)
"-7,395,618,409,358","4,079,920,378,215",42C-PM-1013-05,42C,PM,10132018,5,Adult,Gray,,Gray+,,Above Ground,20,,FALSE,FALSE,FALSE,TRUE,FALSE,,TRUE,FALSE,FALSE,FALSE,FALSE,FALSE,TRUE,FALSE,,POINT (-73.9561840935803 40.7992037821497)
"-7,397,031,693,739","4,077,006,588,239",7H-AM-1006-13,07H,AM,10062018,13,Adult,Gray,,Gray+,,Above Ground,10,,TRUE,FALSE,FALSE,FALSE,FALSE,running (up tree),FALSE,FALSE,FALSE,FALSE,FALSE,FALSE,TRUE,FALSE,,POINT (-73.9703169373939 40.7700658823854)
"-7,396,199,851,876","4,079,432,777,435",34A-AM-1012-02,34A,AM,10122018,2,Adult,Gray,"Cinnamon, White","Gray+Cinnamon, White",,Above Ground,10,chasing from tree to ground,TRUE,TRUE,TRUE,FALSE,FALSE,,FALSE,FALSE,FALSE,FALSE,FALSE,FALSE,TRUE,FALSE,,POINT (-73.9619985187616 40.7943277743532)
"-739,653,906,237","4,078,077,313,638",20F-PM-1007-08,20F,PM,10072018,8,Adult,Cinnamon,White,Cinnamon+White,white tail/belly,Ground Plane,FALSE,,FALSE,FALSE,FALSE,FALSE,TRUE,,FALSE,FALSE,FALSE,FALSE,FALSE,FALSE,FALSE,TRUE,,POINT (-73.965390623703 40.7807731363782)
"-7,397,352,989,433","4,077,149,399,936",8E-AM-1013-02,08E,AM,10132018,2,Adult,Gray,Cinnamon,Gray+Cinnamon,,Ground Plane,FALSE,,FALSE,FALSE,FALSE,FALSE,TRUE,,FALSE,FALSE,FALSE,FALSE,TRUE,FALSE,TRUE,FALSE,,POINT (-73.9735298943321 40.7714939993589)
"-7,397,683,095,561","4,077,178,037,061",6B-AM-1012-01,06B,AM,10122018,1,Adult,Gray,Cinnamon,Gray+Cinnamon,,Ground Plane,FALSE,"Started in field, crossed busy street, ran up tree",TRUE,FALSE,FALSE,FALSE,TRUE,,FALSE,FALSE,FALSE,FALSE,FALSE,FALSE,TRUE,FALSE,,POINT (-73.97683095561271 40.7717803706095)
"-7,397,750,796,729","4,076,915,003,574",4C-PM-1010-07,04C,PM,10102018,7,Adult,Gray,White,Gray+White,,Ground Plane,FALSE,,FALSE,FALSE,FALSE,FALSE,TRUE,,FALSE,FALSE,FALSE,FALSE,FALSE,FALSE,TRUE,FALSE,,POINT (-73.9775079672882 40.7691500357424)
"-7,397,157,754,108","407,776,249,964",14C-PM-1006-01,14C,PM,10062018,1,Adult,Gray,Cinnamon,Gray+Cinnamon,,Above Ground,10,,FALSE,FALSE,TRUE,FALSE,FALSE,,FALSE,TRUE,FALSE,FALSE,FALSE,FALSE,FALSE,TRUE,,POINT (-73.97157754108 40.7776249963967)
"-7,398,040,652,542","4,076,814,811,833",1B-PM-1019-08,01B,PM,10192018,8,Adult,Gray,White,Gray+White,,Ground Plane,FALSE,,FALSE,FALSE,FALSE,TRUE,FALSE,,FALSE,FALSE,FALSE,FALSE,FALSE,FALSE,TRUE,FALSE,,POINT (-73.9804065254162 40.7681481183296)
"-7,397,010,303,935","4,078,389,530,636",21A-AM-1019-04,21A,AM,10192018,4,Juvenile,Gray,Black,Gray+Black,,Ground Plane,FALSE,,FALSE,FALSE,FALSE,FALSE,TRUE,,FALSE,FALSE,FALSE,FALSE,FALSE,FALSE,TRUE,FALSE,,POINT (-73.9701030393506 40.7838953063625)
"-7,395,813,106,025","407,960,214,727",38C-PM-1014-05,38C,PM,10142018,5,Adult,Gray,"Cinnamon, White","Gray+Cinnamon, White",,Ground Plane,FALSE,,FALSE,TRUE,FALSE,FALSE,FALSE,chasing (#4),FALSE,FALSE,FALSE,FALSE,FALSE,FALSE,FALSE,TRUE,,POINT (-73.9581310602492 40.7960214726964)
"-7,396,113,123,553","4,079,501,308,639",36A-PM-1013-04,36A,PM,10132018,4,,Gray,White,Gray+White,,Ground Plane,FALSE,ON ROCK NEAR POND,FALSE,FALSE,FALSE,FALSE,FALSE,sitting,FALSE,FALSE,FALSE,FALSE,TRUE,FALSE,TRUE,FALSE,,POINT (-73.9611312355348 40.7950130863913)
"-7,397,141,500,904","4,077,749,764,239",14C-PM-1006-03,14C,PM,10062018,3,Adult,Gray,Cinnamon,Gray+Cinnamon,,Ground Plane,FALSE,,FALSE,FALSE,FALSE,TRUE,FALSE,,FALSE,FALSE,FALSE,FALSE,TRUE,FALSE,TRUE,FALSE,,POINT (-73.9714150090362 40.7774976423922)
"-7,398,055,177,655","4,076,830,446,932",2B-PM-1013-05,02B,PM,10132018,5,Adult,Gray,White,Gray+White,,Ground Plane,FALSE,,TRUE,FALSE,TRUE,FALSE,FALSE,climbing fence!,FALSE,FALSE,FALSE,FALSE,FALSE,FALSE,FALSE,FALSE,snuck into bike cart!,POINT (-73.9805517765469 40.7683044693163)
"-7,396,932,098,519","4,077,074,500,428",8I-AM-1006-01,08I,AM,10062018,1,Adult,Gray,White,Gray+White,,Ground Plane,FALSE,,TRUE,TRUE,FALSE,FALSE,FALSE,,TRUE,FALSE,FALSE,FALSE,FALSE,FALSE,TRUE,FALSE,,POINT (-73.9693209851947 40.7707450042769)
"-7,395,670,620,234","407,974,828,652",40C-PM-1006-02,40C,PM,10062018,2,Adult,Gray,,Gray+,,Ground Plane,FALSE,,FALSE,FALSE,TRUE,FALSE,FALSE,,FALSE,FALSE,FALSE,FALSE,FALSE,FALSE,FALSE,FALSE,,POINT (-73.9567062023419 40.797482865196)
"-7,396,103,880,592","4,079,395,293,584",34B-PM-1007-01,34B,PM,10072018,1,Adult,Gray,White,Gray+White,,Ground Plane,FALSE,,TRUE,FALSE,FALSE,FALSE,FALSE,,FALSE,FALSE,FALSE,FALSE,FALSE,FALSE,TRUE,FALSE,,POINT (-73.9610388059192 40.79395293584)
"-7,395,762,233,901","4,079,797,466,396",40B-AM-1019-04,40B,AM,10192018,4,Juvenile,Gray,"Cinnamon, White","Gray+Cinnamon, White",,Ground Plane,FALSE,,FALSE,FALSE,TRUE,FALSE,TRUE,,FALSE,FALSE,FALSE,FALSE,FALSE,TRUE,TRUE,FALSE,,POINT (-73.9576223390082 40.79797466396471)
"-7,395,755,179,124","4,078,891,582,682",31H-PM-1008-05,31H,PM,10082018,5,Adult,Gray,"Cinnamon, White","Gray+Cinnamon, White",,Above Ground,,,FALSE,FALSE,TRUE,FALSE,FALSE,,FALSE,FALSE,FALSE,FALSE,FALSE,FALSE,FALSE,TRUE,,POINT (-73.9575517912392 40.7889158268192)
"-7,396,765,396,887","4,077,772,299,341",16F-AM-1008-02,16F,AM,10082018,2,Adult,Gray,"Cinnamon, White","Gray+Cinnamon, White",,Ground Plane,FALSE,near fence,FALSE,FALSE,FALSE,FALSE,TRUE,,FALSE,FALSE,FALSE,FALSE,TRUE,FALSE,FALSE,FALSE,,POINT (-73.9676539688726 40.7777229934129)
"-739,778,730,763","4,077,082,725,155",5B-PM-1013-05,05B,PM,10132018,5,Adult,Gray,,Gray+,,Above Ground,3,,TRUE,FALSE,TRUE,FALSE,FALSE,,FALSE,FALSE,FALSE,FALSE,FALSE,FALSE,FALSE,TRUE,,POINT (-73.9778730762957 40.770827251547)
"-7,397,546,963,122","4,076,819,164,709",4E-AM-1020-02,04E,AM,10202018,2,Adult,Gray,"Cinnamon, White","Gray+Cinnamon, White",White selected as Primary. Cinnamon selected as Highlights. Made executive adjustments.,Above Ground,15,,FALSE,FALSE,TRUE,FALSE,TRUE,foraging (on the tree itself),FALSE,FALSE,FALSE,FALSE,FALSE,FALSE,TRUE,FALSE,,POINT (-73.9754696312232 40.768191647092)
"-7,396,669,451,239","4,078,399,564,932",22C-PM-1006-11,22C,PM,10062018,11,Juvenile,Gray,,Gray+,,Above Ground,13,,FALSE,FALSE,TRUE,FALSE,FALSE,,TRUE,FALSE,FALSE,FALSE,FALSE,FALSE,FALSE,FALSE,,POINT (-73.9666945123922 40.7839956493194)
"-7,397,894,014,486","4,076,973,731,415",4B-AM-1010-04,04B,AM,10102018,4,Adult,Gray,Cinnamon,Gray+Cinnamon,,Ground Plane,FALSE,,FALSE,FALSE,FALSE,TRUE,TRUE,,FALSE,FALSE,FALSE,FALSE,FALSE,TRUE,FALSE,FALSE,,POINT (-73.9789401448556 40.7697373141498)
"-7,397,268,284,601","4,077,057,076,948",7F-AM-1008-08,07F,AM,10082018,8,Adult,Gray,,Gray+,,Above Ground,20,,FALSE,FALSE,TRUE,FALSE,FALSE,playing w/ #9,FALSE,FALSE,FALSE,FALSE,FALSE,FALSE,TRUE,FALSE,,POINT (-73.9726828460055 40.7705707694822)
"-7,397,826,033,487","407,705,790,258",5B-PM-1013-06,05B,PM,10132018,6,Adult,Gray,,Gray+,,Above Ground,5,,TRUE,FALSE,TRUE,FALSE,FALSE,,FALSE,FALSE,FALSE,FALSE,FALSE,FALSE,FALSE,FALSE,,POINT (-73.9782603348665 40.7705790257951)
"-739,753,093,777","4,076,666,738,976",2F-AM-1006-04,02F,AM,10062018,4,Adult,Gray,"Cinnamon, White","Gray+Cinnamon, White",Beautiful white puff at the end of its tail,Ground Plane,FALSE,,TRUE,FALSE,FALSE,FALSE,FALSE,,FALSE,FALSE,FALSE,FALSE,TRUE,FALSE,TRUE,FALSE,,POINT (-73.97530937770001 40.7666673897583)
"-7,395,442,782,702","4,079,878,273,165",42D-PM-1013-02,42D,PM,10132018,2,Adult,Cinnamon,Gray,Cinnamon+Gray,"Gray tail, Cinnamon feet",Ground Plane,FALSE,,FALSE,TRUE,FALSE,FALSE,TRUE,"chasing (chased by #1),found a nut,buried it",FALSE,FALSE,FALSE,FALSE,FALSE,FALSE,TRUE,FALSE,,POINT (-73.9544278270221 40.7987827316512)
"-7,397,288,367,273","407,708,158,506",7F-AM-1008-10,07F,AM,10082018,10,Adult,Gray,,Gray+,,Ground Plane,FALSE,,TRUE,FALSE,FALSE,FALSE,FALSE,,FALSE,FALSE,FALSE,FALSE,FALSE,FALSE,TRUE,FALSE,,POINT (-73.9728836727349 40.770815850599)
"-7,395,459,292,422","4,079,869,401,687",42D-AM-1014-02,42D,AM,10142018,2,Adult,Gray,"Cinnamon, White","Gray+Cinnamon, White",Gray & Cinnamon selected as Primary. White selected as Highlights. Made executive adjustments.,Ground Plane,FALSE,,FALSE,FALSE,FALSE,TRUE,TRUE,,FALSE,FALSE,FALSE,FALSE,FALSE,FALSE,TRUE,FALSE,,POINT (-73.9545929242174 40.7986940168685)
"-7,397,346,444,708","4,077,827,664,869",14A-PM-1014-05,14A,PM,10142018,5,Adult,Gray,White,Gray+White,,Ground Plane,FALSE,,TRUE,FALSE,FALSE,FALSE,FALSE,,FALSE,FALSE,FALSE,FALSE,FALSE,FALSE,TRUE,FALSE,,POINT (-73.97346444707661 40.7782766486921)
"-7,396,903,623,846","4,077,671,628,244",14F-PM-1012-09,14F,PM,10122018,9,Adult,Cinnamon,"Gray, White","Cinnamon+Gray, White",,Ground Plane,FALSE,,FALSE,FALSE,FALSE,TRUE,TRUE,,FALSE,FALSE,FALSE,FALSE,FALSE,FALSE,TRUE,FALSE,,POINT (-73.9690362384597 40.7767162824413)
"-7,396,289,327,979","4,079,231,163,964",32B-PM-1010-05,32B,PM,10102018,5,Adult,Gray,,Gray+,,Ground Plane,FALSE,,TRUE,FALSE,FALSE,FALSE,TRUE,,FALSE,FALSE,FALSE,FALSE,FALSE,FALSE,FALSE,FALSE,,POINT (-73.9628932797886 40.7923116396365)
"-739,770,508,585","4,077,107,693,013",6C-AM-1007-02,06C,AM,10072018,2,Adult,,,+,,Above Ground,15,,FALSE,FALSE,TRUE,FALSE,FALSE,pulling things off branches,FALSE,FALSE,FALSE,FALSE,FALSE,FALSE,FALSE,FALSE,,POINT (-73.9770508584979 40.7710769301257)
"-7,395,454,255,209","407,956,853,416",39F-PM-1006-04,39F,PM,10062018,4,Adult,Gray,Cinnamon,Gray+Cinnamon,,Above Ground,35,in tree,FALSE,FALSE,TRUE,FALSE,FALSE,climbing down,FALSE,FALSE,FALSE,FALSE,FALSE,FALSE,FALSE,TRUE,ran when saw me,POINT (-73.9545425520879 40.7956853415959)
"-7,396,390,249,881","4,077,769,530,658",18I-PM-1007-01,18I,PM,10072018,1,Adult,Gray,Cinnamon,Gray+Cinnamon,,Above Ground,25,,FALSE,FALSE,TRUE,TRUE,TRUE,hanging upside down,FALSE,FALSE,FALSE,FALSE,FALSE,FALSE,TRUE,FALSE,,POINT (-73.9639024988123 40.7776953065849)
"-7,396,070,566,115","4,078,897,861,039",30E-AM-1008-03,30E,AM,10082018,3,Adult,Gray,,Gray+,,Above Ground,6,,FALSE,FALSE,TRUE,FALSE,FALSE,,FALSE,FALSE,FALSE,FALSE,FALSE,FALSE,TRUE,FALSE,,POINT (-73.9607056611532 40.7889786103871)
"-7,396,552,385,398","4,078,156,339,477",21E-AM-1017-03,21E,AM,10172018,3,Adult,Gray,,Gray+,,Above Ground,7,,FALSE,TRUE,FALSE,FALSE,FALSE,,FALSE,FALSE,FALSE,FALSE,FALSE,FALSE,TRUE,FALSE,,POINT (-73.9655238539833 40.7815633947684)
"-7,397,460,490,885","4,077,287,768,874",8C-AM-1007-01,08C,AM,10072018,1,Adult,Gray,,Gray+,,Ground Plane,FALSE,"behind fence, safe",TRUE,FALSE,FALSE,FALSE,TRUE,,FALSE,FALSE,FALSE,FALSE,FALSE,FALSE,TRUE,FALSE,,POINT (-73.9746049088475 40.7728776887397)
"-7,395,992,022,335","4,079,725,999,302",38A-AM-1019-02,38A,AM,10192018,2,Adult,Gray,,Gray+,,Above Ground,3,,TRUE,TRUE,TRUE,FALSE,FALSE,,FALSE,FALSE,FALSE,FALSE,FALSE,FALSE,TRUE,FALSE,,POINT (-73.9599202233536 40.7972599930224)
"-7,398,067,182,584","407,692,776,897",2A-AM-1010-07,02A,AM,10102018,7,Adult,Gray,Cinnamon,Gray+Cinnamon,,Ground Plane,FALSE,,FALSE,FALSE,FALSE,TRUE,TRUE,,FALSE,FALSE,FALSE,FALSE,TRUE,FALSE,FALSE,FALSE,couldn't get near,POINT (-73.9806718258385 40.76927768969951)
"-7,395,642,156,898","4,079,575,394,441",38E-AM-1010-01,38E,AM,10102018,1,Adult,Gray,Cinnamon,Gray+Cinnamon,,Ground Plane,FALSE,,FALSE,FALSE,FALSE,FALSE,TRUE,,FALSE,FALSE,FALSE,FALSE,FALSE,FALSE,TRUE,FALSE,,POINT (-73.9564215689843 40.7957539444068)
"-7,396,426,660,132","4,078,103,848,674",21G-PM-1007-03,21G,PM,10072018,3,Adult,Gray,Cinnamon,Gray+Cinnamon,,Ground Plane,FALSE,,FALSE,FALSE,FALSE,FALSE,TRUE,,FALSE,FALSE,FALSE,TRUE,FALSE,FALSE,TRUE,FALSE,,POINT (-73.96426660132072 40.7810384867375)
"-7,397,520,295,136","4,076,717,346,674",3F-AM-1006-04,03F,AM,10062018,4,Adult,Cinnamon,White,Cinnamon+White,,Ground Plane,FALSE,on a rock,FALSE,FALSE,FALSE,FALSE,TRUE,,FALSE,FALSE,FALSE,FALSE,FALSE,FALSE,FALSE,TRUE,,POINT (-73.9752029513644 40.7671734667361)
"-739,755,836,828","407,670,239,328",2F-PM-1014-02,02F,PM,10142018,2,Adult,Gray,,Gray+,,Ground Plane,FALSE,,FALSE,FALSE,FALSE,FALSE,TRUE,,FALSE,FALSE,FALSE,FALSE,FALSE,FALSE,TRUE,FALSE,,POINT (-73.9755836827968 40.7670239327996)
"-7,397,445,553,485","4,077,284,981,064",8D-PM-1007-03,08D,PM,10072018,3,Adult,Cinnamon,Gray,Cinnamon+Gray,,,,,FALSE,FALSE,FALSE,FALSE,TRUE,,FALSE,FALSE,FALSE,FALSE,FALSE,FALSE,FALSE,TRUE,,POINT (-73.9744555348544 40.7728498106357)
"-7,396,356,061,998","4,078,220,697,062",22G-AM-1018-03,22G,AM,10182018,3,Juvenile,Gray,Cinnamon,Gray+Cinnamon,,Ground Plane,FALSE,,FALSE,FALSE,FALSE,TRUE,FALSE,,FALSE,FALSE,FALSE,FALSE,FALSE,FALSE,FALSE,TRUE,,POINT (-73.9635606199784 40.782206970617)
"-7,397,349,693,209","4,077,227,545,999",8E-AM-1013-01,08E,AM,10132018,1,Adult,Gray,Cinnamon,Gray+Cinnamon,,Ground Plane,FALSE,,FALSE,FALSE,FALSE,TRUE,FALSE,,FALSE,FALSE,FALSE,FALSE,FALSE,FALSE,FALSE,TRUE,,POINT (-73.9734969320943 40.7722754599865)
"-7,396,150,901,493","4,079,451,501,739",35A-PM-1013-09,35A,PM,10132018,9,,Gray,Cinnamon,Gray+Cinnamon,,Ground Plane,FALSE,,FALSE,FALSE,FALSE,TRUE,TRUE,,FALSE,FALSE,FALSE,FALSE,FALSE,FALSE,FALSE,TRUE,,POINT (-73.9615090149261 40.7945150173918)
"-739,770,119,133","40,773,294,909",8A-AM-1013-04,08A,AM,10132018,4,Juvenile,,,+,,Above Ground,4,fence,TRUE,TRUE,FALSE,TRUE,TRUE,playing tag together,FALSE,FALSE,FALSE,FALSE,FALSE,TRUE,FALSE,FALSE,,POINT (-73.9770119133023 40.7732949090005)
"-739,737,060,044","407,725,660,225",8D-AM-1007-05,08D,AM,10072018,5,Adult,Gray,,Gray+,,Above Ground,15,,FALSE,FALSE,FALSE,TRUE,FALSE,,FALSE,FALSE,FALSE,FALSE,FALSE,FALSE,FALSE,FALSE,,POINT (-73.9737060043988 40.7725660224983)
"-739,736,873,018","4,076,491,066,771",1I-PM-1012-02,01I,PM,10122018,2,Juvenile,Gray,"Black, Cinnamon, White","Gray+Black, Cinnamon, White","Gray, Black, & Cinnamon selected as Primary. Gray, Cinnamon, & White selected as Highlights. Made executive adjustments.",Above Ground,1,tree,FALSE,FALSE,TRUE,FALSE,FALSE,,TRUE,FALSE,FALSE,FALSE,FALSE,FALSE,FALSE,TRUE,,POINT (-73.9736873018042 40.7649106677138)
"-7,396,175,190,953","4,079,471,790,714",35A-PM-1013-04,35A,PM,10132018,4,Adult,Gray,,Gray+,,Ground Plane,FALSE,In the weeds by the pool,FALSE,FALSE,FALSE,FALSE,TRUE,,FALSE,FALSE,FALSE,FALSE,FALSE,FALSE,FALSE,TRUE,,POINT (-73.9617519095277 40.7947179071388)
"-7,395,943,917,591","4,078,411,569,767",26I-PM-1010-03,26I,PM,10102018,3,Adult,Gray,"Black, Cinnamon, White","Gray+Black, Cinnamon, White",black in tail,Above Ground,15,tree,FALSE,FALSE,TRUE,TRUE,TRUE,,FALSE,FALSE,FALSE,FALSE,TRUE,FALSE,TRUE,FALSE,,POINT (-73.9594391759139 40.784115697669)
"-7,397,136,652,496","407,697,178,648",7H-AM-1006-01,07H,AM,10062018,1,Adult,Gray,Cinnamon,Gray+Cinnamon,,Ground Plane,FALSE,,TRUE,FALSE,FALSE,FALSE,FALSE,nut in mouth,FALSE,FALSE,FALSE,FALSE,FALSE,FALSE,TRUE,FALSE,,POINT (-73.9713665249614 40.7697178648002)
"-7,397,594,280,062","4,077,150,818,173",7C-PM-1020-06,07C,PM,10202018,6,Adult,Gray,,Gray+,,Ground Plane,FALSE,,FALSE,TRUE,FALSE,FALSE,FALSE,,FALSE,TRUE,FALSE,FALSE,FALSE,FALSE,FALSE,FALSE,,POINT (-73.9759428006237 40.7715081817329)
"-7,397,100,254,845","407,792,529,489",16C-AM-1014-01,16C,AM,10142018,1,Juvenile,Gray,,Gray+,,Above Ground,40,,FALSE,FALSE,TRUE,FALSE,FALSE,,FALSE,FALSE,FALSE,FALSE,FALSE,FALSE,TRUE,FALSE,,POINT (-73.9710025484537 40.7792529489016)
"-7,395,271,967,166","4,079,236,382,683",36I-PM-1007-11,36I,PM,10072018,11,Juvenile,Cinnamon,Gray,Cinnamon+Gray,,Above Ground,3,,FALSE,FALSE,TRUE,FALSE,FALSE,,FALSE,FALSE,FALSE,FALSE,FALSE,FALSE,FALSE,TRUE,me!,POINT (-73.9527196716568 40.792363826828)
"-7,395,923,926,925","4,079,618,699,518",37B-AM-1018-02,37B,AM,10182018,2,Adult,Gray,,Gray+,,Ground Plane,FALSE,,FALSE,FALSE,FALSE,TRUE,FALSE,,FALSE,FALSE,FALSE,FALSE,FALSE,FALSE,FALSE,TRUE,,POINT (-73.9592392692535 40.7961869951798)
"-7,397,470,601,437","4,077,285,281,649",8C-AM-1007-02,08C,AM,10072018,2,Adult,Gray,,Gray+,,Ground Plane,FALSE,,FALSE,FALSE,FALSE,FALSE,TRUE,,FALSE,FALSE,FALSE,FALSE,FALSE,FALSE,FALSE,FALSE,peeps out from behind tree at cooing tourists,POINT (-73.9747060143742 40.7728528164878)
"-739,726,459,774","4,076,563,574,337",2I-AM-1006-02,02I,AM,10062018,2,Adult,Gray,,Gray+,,Ground Plane,FALSE,,FALSE,FALSE,FALSE,FALSE,TRUE,,FALSE,FALSE,FALSE,FALSE,FALSE,FALSE,TRUE,FALSE,,POINT (-73.9726459773995 40.7656357433691)
"-7,395,607,317,387","4,079,803,360,186",41D-PM-1014-02,41D,PM,10142018,2,Adult,Gray,Cinnamon,Gray+Cinnamon,,Ground Plane,FALSE,,TRUE,FALSE,FALSE,FALSE,FALSE,,FALSE,FALSE,FALSE,FALSE,FALSE,FALSE,FALSE,TRUE,,POINT (-73.9560731738677 40.7980336018554)
"-7,397,014,086,231","4,076,955,117,185",7I-PM-1013-04,07I,PM,10132018,4,Adult,Cinnamon,Gray,Cinnamon+Gray,,Ground Plane,FALSE,Grass,TRUE,FALSE,FALSE,TRUE,FALSE,,FALSE,FALSE,FALSE,TRUE,FALSE,FALSE,FALSE,FALSE,,POINT (-73.9701408623121 40.7695511718541)
"-7,396,995,131,518","407,722,062,991",10G-PM-1017-05,10G,PM,10172018,5,Juvenile,Gray,,Gray+,,Ground Plane,FALSE,,FALSE,FALSE,FALSE,TRUE,TRUE,,FALSE,FALSE,FALSE,FALSE,FALSE,FALSE,TRUE,FALSE,,POINT (-73.9699513151755 40.7722062991044)
"-739,770,628,333","4,077,285,673,649",7B-AM-1008-06,07B,AM,10082018,6,Adult,Gray,,Gray+,,Ground Plane,FALSE,,FALSE,FALSE,FALSE,FALSE,TRUE,,FALSE,FALSE,FALSE,FALSE,FALSE,FALSE,TRUE,FALSE,,POINT (-73.9770628333002 40.7728567364852)
"-7,397,368,005,756","4,077,830,697,358",14A-PM-1014-04,14A,PM,10142018,4,Adult,Gray,"Cinnamon, White","Gray+Cinnamon, White",,Ground Plane,FALSE,,FALSE,TRUE,FALSE,FALSE,FALSE,chasing (#3),FALSE,FALSE,FALSE,FALSE,TRUE,FALSE,TRUE,FALSE,,POINT (-73.9736800575584 40.7783069735758)
"-7,395,646,322,394","407,904,807,428",33G-AM-1013-01,33G,AM,10132018,1,Adult,Cinnamon,,Cinnamon+,,Above Ground,13,shelter in hole in tree,FALSE,FALSE,TRUE,FALSE,FALSE,,FALSE,FALSE,FALSE,FALSE,FALSE,FALSE,TRUE,TRUE,,POINT (-73.9564632239432 40.7904807427954)
"-7,396,531,352,771","4,078,174,340,702",21E-PM-1012-01,21E,PM,10122018,1,Adult,Gray,,Gray+,,Above Ground,20,in tree,FALSE,FALSE,TRUE,FALSE,FALSE,,FALSE,FALSE,FALSE,FALSE,FALSE,FALSE,FALSE,FALSE,,POINT (-73.9653135277149 40.7817434070169)
"-7,397,088,608,795","4,077,683,766,561",14D-PM-1019-15,14D,PM,10192018,15,Adult,Gray,,Gray+,,Ground Plane,FALSE,,FALSE,FALSE,FALSE,FALSE,TRUE,,FALSE,FALSE,FALSE,FALSE,FALSE,FALSE,FALSE,FALSE,,POINT (-73.9708860879459 40.7768376656119)
"-7,395,305,356,248","4,079,298,091,443",37I-AM-1010-02,37I,AM,10102018,2,Adult,Gray,,Gray+,,Ground Plane,FALSE,,TRUE,FALSE,FALSE,FALSE,FALSE,,FALSE,FALSE,FALSE,FALSE,FALSE,FALSE,FALSE,TRUE,,POINT (-73.9530535624781 40.7929809144271)
"-739,734,654,671","4,077,159,887,117",8E-PM-1008-06,08E,PM,10082018,6,Adult,Gray,White,Gray+White,,Ground Plane,FALSE,"5, 6, 7 all at same tree trunk base",FALSE,TRUE,TRUE,FALSE,FALSE,,FALSE,FALSE,FALSE,FALSE,FALSE,FALSE,FALSE,FALSE,,POINT (-73.9734654671008 40.7715988711659)
"-7,396,196,733,171","407,924,176,673",33B-PM-1010-08,33B,PM,10102018,8,Juvenile,Gray,,Gray+,,Above Ground,,running up tree,FALSE,FALSE,TRUE,FALSE,FALSE,,FALSE,FALSE,FALSE,FALSE,FALSE,FALSE,FALSE,TRUE,,POINT (-73.9619673317128 40.7924176673037)
"-7,396,697,828,327","4,078,411,667,272",22C-PM-1006-13,22C,PM,10062018,13,Juvenile,Gray,,Gray+,,Ground Plane,FALSE,,TRUE,FALSE,FALSE,FALSE,FALSE,,FALSE,FALSE,FALSE,FALSE,FALSE,FALSE,FALSE,FALSE,,POINT (-73.9669782832746 40.7841166727168)
"-7,397,955,853,385","4,076,889,589,323",3B-PM-1007-08,03B,PM,10072018,8,Juvenile,Gray,,Gray+,,Ground Plane,FALSE,,FALSE,FALSE,FALSE,TRUE,TRUE,,FALSE,FALSE,FALSE,FALSE,FALSE,FALSE,TRUE,FALSE,,POINT (-73.9795585338537 40.768895893226)
"-739,790,263,372","4,076,835,137,149",2C-PM-1013-07,02C,PM,10132018,7,Adult,Gray,White,Gray+White,,,,,TRUE,FALSE,FALSE,FALSE,TRUE,,FALSE,FALSE,FALSE,FALSE,FALSE,FALSE,FALSE,FALSE,,POINT (-73.9790263372004 40.7683513714892)
"-7,396,934,781,269","4,077,440,980,634",12G-PM-1007-02,12G,PM,10072018,2,,Gray,,Gray+,,Above Ground,,in tree,FALSE,TRUE,FALSE,FALSE,FALSE,,FALSE,FALSE,FALSE,FALSE,FALSE,FALSE,FALSE,FALSE,,POINT (-73.969347812694 40.7744098063421)
"-7,397,624,942,397","4,077,501,753,067",10A-AM-1006-01,10A,AM,10062018,1,Adult,Cinnamon,White,Cinnamon+White,,Ground Plane,FALSE,near Strawberry Fields,FALSE,FALSE,FALSE,TRUE,FALSE,eating (a peanut),FALSE,FALSE,FALSE,FALSE,FALSE,TRUE,FALSE,FALSE,,POINT (-73.9762494239719 40.7750175306716)
"-7,397,633,735,105","4,077,411,689,339",9B-PM-1013-09,09B,PM,10132018,9,Juvenile,Gray,,Gray+,,Ground Plane,FALSE,,FALSE,FALSE,FALSE,FALSE,TRUE,,FALSE,FALSE,FALSE,FALSE,TRUE,FALSE,FALSE,TRUE,runs from (people),POINT (-73.9763373510536 40.7741168933928)
"-7,394,984,217,462","4,079,693,974,242",42I-PM-1014-02,42I,PM,10142018,2,Adult,Cinnamon,White,Cinnamon+White,,Above Ground,8,,TRUE,FALSE,FALSE,FALSE,FALSE,,FALSE,FALSE,FALSE,FALSE,FALSE,FALSE,FALSE,TRUE,,POINT (-73.9498421746221 40.7969397424182)
"-7,396,958,810,751","407,842,441,292",21A-AM-1019-01,21A,AM,10192018,1,Juvenile,Gray,Black,Gray+Black,,Above Ground,3,,FALSE,FALSE,TRUE,FALSE,FALSE,,FALSE,FALSE,FALSE,FALSE,FALSE,FALSE,FALSE,FALSE,"keeps to tree,drops down on side away from people",POINT (-73.9695881075086 40.7842441291991)
"-739,766,342,125","4,077,154,371,471",6C-AM-1007-08,06C,AM,10072018,8,Adult,,,+,,Above Ground,35,,FALSE,FALSE,TRUE,FALSE,FALSE,dropping acorns,FALSE,FALSE,FALSE,FALSE,FALSE,FALSE,FALSE,FALSE,,POINT (-73.9766342125035 40.7715437147052)
"-7,396,957,001,272","4,078,165,015,169",19B-PM-1018-04,19B,PM,10182018,4,Adult,Gray,"Cinnamon, White","Gray+Cinnamon, White",Gray & Cinnamon selected as Primary. Gray & White selected as Highlights. Made executive adjustments.,Ground Plane,FALSE,,FALSE,FALSE,FALSE,FALSE,TRUE,,FALSE,FALSE,FALSE,FALSE,FALSE,FALSE,FALSE,FALSE,,POINT (-73.969570012716 40.7816501516863)
"-7,395,573,999,278","407,971,563,709",40D-PM-1013-07,40D,PM,10132018,7,Adult,Gray,Cinnamon,Gray+Cinnamon,,Ground Plane,FALSE,,TRUE,TRUE,FALSE,FALSE,FALSE,,FALSE,FALSE,FALSE,FALSE,FALSE,FALSE,FALSE,TRUE,,POINT (-73.9557399927792 40.7971563708988)
"-7,397,682,540,587","4,077,167,579,453",6C-PM-1020-03,06C,PM,10202018,3,Adult,Gray,,Gray+,,Ground Plane,FALSE,,FALSE,FALSE,FALSE,FALSE,TRUE,,FALSE,FALSE,FALSE,FALSE,TRUE,FALSE,FALSE,TRUE,,POINT (-73.9768254058709 40.7716757945251)
"-7,397,360,162,297","4,077,237,813,767",8D-AM-1007-03,08D,AM,10072018,3,Adult,Gray,,Gray+,,Ground Plane,FALSE,,FALSE,FALSE,FALSE,FALSE,TRUE,,FALSE,FALSE,FALSE,FALSE,FALSE,FALSE,FALSE,TRUE,ran up tree when approached,POINT (-73.9736016229655 40.77237813767141)
"-7,396,904,988,769","4,077,000,118,188",8I-AM-1006-07,08I,AM,10062018,7,Adult,Gray,White,Gray+White,White ring on short tail,Above Ground,20,,FALSE,FALSE,TRUE,FALSE,TRUE,,FALSE,FALSE,FALSE,FALSE,FALSE,FALSE,TRUE,FALSE,,POINT (-73.9690498876944 40.7700011818847)
"-739,800,499,498","4,077,021,810,996",4A-PM-1007-05,04A,PM,10072018,5,Adult,Gray,White,Gray+White,,Ground Plane,FALSE,At rock,FALSE,FALSE,FALSE,FALSE,TRUE,,FALSE,FALSE,FALSE,TRUE,TRUE,FALSE,TRUE,FALSE,,POINT (-73.9800499498034 40.770218109957305)
"-7,397,451,930,802","4,076,912,287,944",5E-AM-1008-02,05E,AM,10082018,2,Adult,Gray,Cinnamon,Gray+Cinnamon,,Above Ground,8,trellis,TRUE,FALSE,FALSE,FALSE,TRUE,,FALSE,FALSE,FALSE,FALSE,FALSE,TRUE,FALSE,FALSE,,POINT (-73.974519308015 40.7691228794395)
"-7,395,616,002,373","4,079,531,431,967",38E-AM-1010-10,38E,AM,10102018,10,Adult,Gray,Cinnamon,Gray+Cinnamon,,Above Ground,1,over a log across stream,FALSE,FALSE,FALSE,FALSE,FALSE,chillin',FALSE,FALSE,FALSE,FALSE,FALSE,FALSE,FALSE,TRUE,runs from leaf blower,POINT (-73.9561600237284 40.7953143196705)
"-7,396,967,203,626","4,077,918,515,982",17D-AM-1008-04,17D,AM,10082018,4,Adult,Gray,White,Gray+White,,Ground Plane,FALSE,,FALSE,FALSE,FALSE,FALSE,FALSE,,FALSE,FALSE,FALSE,FALSE,TRUE,FALSE,TRUE,FALSE,,POINT (-73.9696720362627 40.7791851598197)
"-7,397,291,429,122","4,077,240,911,467",9E-AM-1008-03,09E,AM,10082018,3,Adult,Gray,Cinnamon,Gray+Cinnamon,,Ground Plane,FALSE,,FALSE,FALSE,FALSE,TRUE,FALSE,,FALSE,FALSE,FALSE,FALSE,FALSE,FALSE,TRUE,FALSE,,POINT (-73.9729142912203 40.7724091146678)
"-7,395,839,443,534","4,079,796,898,468",39B-PM-1014-04,39B,PM,10142018,4,Adult,Gray,,Gray+,,Above Ground,10,,FALSE,FALSE,TRUE,FALSE,FALSE,,FALSE,FALSE,FALSE,FALSE,FALSE,FALSE,TRUE,TRUE,runs from (me—when i approached),POINT (-73.9583944353352 40.7979689846815)
"-7,396,494,654,769","4,078,227,083,627",22F-PM-1014-07,22F,PM,10142018,7,Adult,Gray,,Gray+,,Ground Plane,FALSE,,FALSE,TRUE,FALSE,FALSE,FALSE,,FALSE,FALSE,FALSE,FALSE,FALSE,FALSE,TRUE,FALSE,,POINT (-73.9649465476871 40.7822708362663)
"-7,396,459,890,036","4,077,821,574,592",18H-PM-1014-01,18H,PM,10142018,1,Adult,Gray,White,Gray+White,,Ground Plane,FALSE,,FALSE,FALSE,TRUE,TRUE,FALSE,,FALSE,FALSE,FALSE,FALSE,FALSE,FALSE,TRUE,FALSE,,POINT (-73.9645989003589 40.7782157459155)
"-7,397,469,348,107","4,076,594,318,842",2G-PM-1007-02,02G,PM,10072018,2,Adult,Gray,Cinnamon,Gray+Cinnamon,,Ground Plane,FALSE,,FALSE,FALSE,FALSE,FALSE,FALSE,burying nut,FALSE,FALSE,FALSE,FALSE,TRUE,FALSE,TRUE,FALSE,,POINT (-73.9746934810667 40.7659431884158)
"-7,396,918,212,069","4,077,632,031,643",14F-PM-1012-03,14F,PM,10122018,3,Adult,Gray,"Cinnamon, White","Gray+Cinnamon, White",,Ground Plane,FALSE,,FALSE,FALSE,FALSE,TRUE,TRUE,,FALSE,FALSE,FALSE,FALSE,FALSE,FALSE,FALSE,FALSE,,POINT (-73.9691821206863 40.7763203164339)
"-7,396,826,887,523","4,077,119,348,355",9I-PM-1010-06,09I,PM,10102018,6,Adult,Gray,Cinnamon,Gray+Cinnamon,,Ground Plane,FALSE,,FALSE,FALSE,FALSE,FALSE,TRUE,,FALSE,FALSE,FALSE,FALSE,FALSE,FALSE,TRUE,FALSE,,POINT (-73.9682688752331 40.7711934835539)
"-7,396,113,995,737","4,078,113,070,603",22I-AM-1007-01,22I,AM,10072018,1,Adult,Gray,White,Gray+White,,Ground Plane,FALSE,,FALSE,FALSE,FALSE,FALSE,TRUE,,FALSE,FALSE,FALSE,FALSE,FALSE,FALSE,TRUE,FALSE,,POINT (-73.9611399573659 40.781130706026005)
"-739,640,989,603","4,078,992,954,393",29B-PM-1010-03,29B,PM,10102018,3,Juvenile,Gray,White,Gray+White,,Ground Plane,FALSE,,FALSE,FALSE,FALSE,TRUE,TRUE,,FALSE,FALSE,FALSE,FALSE,FALSE,TRUE,FALSE,FALSE,,POINT (-73.9640989602986 40.7899295439265)
"-7,397,469,408,513","4,077,609,664,882",11B-PM-1014-02,11B,PM,10142018,2,Juvenile,Gray,,Gray+,,Above Ground,10,,FALSE,TRUE,FALSE,FALSE,FALSE,,FALSE,FALSE,FALSE,FALSE,FALSE,FALSE,FALSE,FALSE,,POINT (-73.9746940851342 40.7760966488186)
"-7,395,896,986,814","4,079,065,205,204",32E-PM-1017-06,32E,PM,10172018,6,Adult,Gray,,Gray+,,Ground Plane,FALSE,treed area,FALSE,FALSE,FALSE,TRUE,TRUE,,FALSE,FALSE,FALSE,FALSE,FALSE,FALSE,FALSE,TRUE,,POINT (-73.9589698681439 40.7906520520417)
"-7,397,774,976,458","4,076,773,447,092",2D-AM-1007-04,02D,AM,10072018,4,Adult,Gray,,Gray+,,Above Ground,100,,FALSE,FALSE,TRUE,FALSE,FALSE,,FALSE,FALSE,FALSE,FALSE,FALSE,FALSE,FALSE,FALSE,,POINT (-73.9777497645834 40.7677344709178)
"-7,395,666,869,402","4,079,492,439,796",37E-PM-1006-05,37E,PM,10062018,5,Adult,Gray,Cinnamon,Gray+Cinnamon,,Ground Plane,FALSE,,FALSE,FALSE,FALSE,FALSE,TRUE,,FALSE,FALSE,FALSE,FALSE,FALSE,FALSE,TRUE,FALSE,,POINT (-73.9566686940197 40.794924397955)
"-7,395,943,326,007","4,079,606,224,453",37B-PM-1013-02,37B,PM,10132018,2,Adult,Gray,Cinnamon,Gray+Cinnamon,,Ground Plane,FALSE,,FALSE,FALSE,FALSE,TRUE,TRUE,,FALSE,FALSE,FALSE,FALSE,FALSE,FALSE,TRUE,FALSE,,POINT (-73.9594332600733 40.7960622445291)
"-7,395,687,265,085","4,078,787,950,813",30I-PM-1006-03,30I,PM,10062018,3,Adult,Gray,,Gray+,,Ground Plane,FALSE,,FALSE,FALSE,FALSE,FALSE,TRUE,,FALSE,FALSE,FALSE,FALSE,FALSE,FALSE,FALSE,TRUE,up tree,POINT (-73.9568726508546 40.7878795081255)
"-7,395,453,991,024","4,078,986,462,677",33I-PM-1006-06,33I,PM,10062018,6,Adult,Gray,,Gray+,,Ground Plane,FALSE,,TRUE,FALSE,FALSE,FALSE,FALSE,,FALSE,FALSE,FALSE,FALSE,FALSE,FALSE,FALSE,TRUE,,POINT (-73.9545399102352 40.7898646267709)
"-7,396,381,672,483","4,077,764,856,794",18I-PM-1007-03,18I,PM,10072018,3,Adult,Cinnamon,Gray,Cinnamon+Gray,,Above Ground,25,,FALSE,FALSE,TRUE,FALSE,FALSE,,FALSE,FALSE,FALSE,FALSE,FALSE,FALSE,FALSE,FALSE,stared at me,POINT (-73.9638167248251 40.77764856793541)
"-7,396,381,419,238","4,078,292,253,263",23F-PM-1013-03,23F,PM,10132018,3,Adult,Gray,"Cinnamon, White","Gray+Cinnamon, White",,Ground Plane,FALSE,,FALSE,FALSE,FALSE,TRUE,TRUE,,FALSE,FALSE,FALSE,FALSE,TRUE,FALSE,TRUE,FALSE,"indifferent (noticed me,busy eating,foraging)",POINT (-73.9638141923763 40.7829225326288)
"-7,397,592,584,073","4,076,676,227,111",2F-PM-1014-05,02F,PM,10142018,5,Adult,Gray,,Gray+,,Ground Plane,FALSE,,TRUE,FALSE,FALSE,FALSE,FALSE,,FALSE,FALSE,FALSE,FALSE,FALSE,FALSE,TRUE,FALSE,,POINT (-73.9759258407288 40.7667622711142)
"-7,397,908,890,081","4,076,764,027,819",1C-PM-1013-01,01C,PM,10132018,1,Adult,Cinnamon,"Gray, White","Cinnamon+Gray, White",,Ground Plane,FALSE,,FALSE,FALSE,TRUE,FALSE,TRUE,,FALSE,FALSE,FALSE,FALSE,FALSE,TRUE,FALSE,FALSE,,POINT (-73.9790889008147 40.7676402781925)
"-7,396,378,247,566","4,079,047,371,108",30B-AM-1007-08,30B,AM,10072018,8,Adult,Gray,,Gray+,,Above Ground,40,,TRUE,FALSE,FALSE,TRUE,FALSE,,FALSE,FALSE,FALSE,FALSE,FALSE,FALSE,FALSE,FALSE,,POINT (-73.9637824756607 40.7904737110761)
"-7,396,788,229,833","4,078,029,609,856",18E-PM-1006-01,18E,PM,10062018,1,Juvenile,Gray,White,Gray+White,,Ground Plane,FALSE,,TRUE,FALSE,FALSE,FALSE,TRUE,,FALSE,FALSE,FALSE,FALSE,FALSE,FALSE,FALSE,FALSE,,POINT (-73.9678822983274 40.7802960985637)
"-7,395,933,730,938","407,982,428,508",39A-PM-1014-03,39A,PM,10142018,3,Adult,Gray,"Cinnamon, White","Gray+Cinnamon, White",Gray & Cinnamon selected as Primary. White selected as Higlights. Made executive adjustments.,Above Ground,6,Jumped from ground onto branch,FALSE,FALSE,FALSE,FALSE,TRUE,digging?,FALSE,FALSE,FALSE,FALSE,TRUE,FALSE,TRUE,FALSE,,POINT (-73.95933730937992 40.7982428507976)
"-7,397,547,909,646","4,076,833,638,852",4E-PM-1008-07,04E,PM,10082018,7,Adult,Gray,Cinnamon,Gray+Cinnamon,,Ground Plane,FALSE,,FALSE,FALSE,FALSE,TRUE,FALSE,,FALSE,FALSE,FALSE,FALSE,FALSE,FALSE,TRUE,FALSE,,POINT (-73.9754790964561 40.768336388516)
"-7,396,775,933,447","4,077,630,543,132",15G-PM-1019-07,15G,PM,10192018,7,Adult,,,+,,Above Ground,5,,FALSE,TRUE,FALSE,FALSE,FALSE,,FALSE,FALSE,FALSE,FALSE,TRUE,FALSE,FALSE,FALSE,,POINT (-73.9677593344667 40.7763054313195)
"-7,395,470,315,493","4,079,788,675,393",41E-PM-1013-01,41E,PM,10132018,1,Adult,Gray,White,Gray+White,,Ground Plane,FALSE,,TRUE,FALSE,FALSE,FALSE,FALSE,,FALSE,FALSE,FALSE,FALSE,FALSE,FALSE,TRUE,FALSE,,POINT (-73.9547031549299 40.7978867539322)
"-7,396,052,295,327","4,079,343,593,729",34C-PM-1012-04,34C,PM,10122018,4,Adult,Gray,,Gray+,,Ground Plane,FALSE,,TRUE,FALSE,FALSE,TRUE,TRUE,,FALSE,FALSE,FALSE,FALSE,FALSE,FALSE,TRUE,FALSE,,POINT (-73.96052295327 40.7934359372871)
"-7,397,037,050,087","4,078,185,861,738",19B-PM-1018-02,19B,PM,10182018,2,Adult,Gray,"Black, Cinnamon","Gray+Black, Cinnamon",Gray & Cinnamon selected as Primary. Black selected as Highlights. Made executive adjustments.,Ground Plane,FALSE,,FALSE,FALSE,FALSE,TRUE,FALSE,,FALSE,FALSE,FALSE,FALSE,FALSE,FALSE,TRUE,FALSE,,POINT (-73.9703705008688 40.7818586173755)
"-7,397,326,832,944","4,077,082,965,171",7E-AM-1006-05,07E,AM,10062018,5,Adult,Gray,,Gray+,,Above Ground,25,in tree,FALSE,FALSE,TRUE,FALSE,FALSE,,FALSE,FALSE,FALSE,FALSE,FALSE,FALSE,FALSE,FALSE,,POINT (-73.973268329435 40.7708296517073)
"-7,395,937,814,274","4,078,415,199,126",26I-AM-1010-02,26I,AM,10102018,2,Adult,Gray,,Gray+,,Above Ground,40,,FALSE,FALSE,FALSE,FALSE,TRUE,,FALSE,FALSE,FALSE,FALSE,FALSE,FALSE,FALSE,FALSE,,POINT (-73.95937814274122 40.7841519912635)
"-7,397,301,963,429","407,660,224,374",3H-PM-1014-06,03H,PM,10142018,6,Adult,Gray,,Gray+,,Ground Plane,FALSE,,FALSE,FALSE,FALSE,FALSE,TRUE,,FALSE,FALSE,FALSE,FALSE,FALSE,FALSE,TRUE,FALSE,,POINT (-73.9730196342874 40.766022437401)
"-7,396,040,838,914","4,079,102,841,069",32D-AM-1013-05,32D,AM,10132018,5,Adult,Gray,Cinnamon,Gray+Cinnamon,,Above Ground,10,,TRUE,FALSE,FALSE,TRUE,FALSE,,FALSE,FALSE,FALSE,FALSE,FALSE,FALSE,TRUE,FALSE,,POINT (-73.9604083891356 40.7910284106931)
"-7,396,945,916,677","407,766,518,222",14E-AM-1008-12,14E,AM,10082018,12,Adult,Gray,,Gray+,,Above Ground,2,,FALSE,FALSE,TRUE,TRUE,TRUE,,FALSE,FALSE,FALSE,FALSE,FALSE,FALSE,TRUE,FALSE,,POINT (-73.9694591667705 40.7766518221998)
"-7,395,686,109,434","4,079,359,595,846",36E-PM-1012-02,36E,PM,10122018,2,Adult,Gray,,Gray+,,Above Ground,28,on tree branch,FALSE,FALSE,TRUE,FALSE,TRUE,picking acorns off oak tree,FALSE,FALSE,FALSE,FALSE,FALSE,FALSE,TRUE,FALSE,,POINT (-73.95686109433942 40.7935959584643)
"-7,396,313,921,138","4,079,146,356,358",31B-PM-1007-02,31B,PM,10072018,2,Adult,Gray,Cinnamon,Gray+Cinnamon,,Above Ground,10,,FALSE,TRUE,TRUE,FALSE,FALSE,chasing #1 and climbing tree w/ #1,FALSE,FALSE,FALSE,FALSE,FALSE,FALSE,FALSE,TRUE,,POINT (-73.9631392113757 40.7914635635784)
"-7,397,069,687,089","4,078,214,991,358",19A-PM-1013-06,19A,PM,10132018,6,Adult,Gray,White,Gray+White,,Ground Plane,FALSE,,FALSE,FALSE,FALSE,FALSE,TRUE,,FALSE,FALSE,FALSE,FALSE,FALSE,FALSE,FALSE,TRUE,,POINT (-73.9706968708903 40.7821499135828)
"-7,396,567,579,103","4,078,873,100,585",27B-PM-1006-02,27B,PM,10062018,2,Adult,Gray,,Gray+,,Ground Plane,FALSE,By large tree chasing #1,FALSE,TRUE,FALSE,FALSE,TRUE,,FALSE,FALSE,FALSE,FALSE,FALSE,FALSE,FALSE,TRUE,,POINT (-73.965675791028 40.7887310058451)
"-7,397,016,347,686","4,077,786,914,332",15D-AM-1007-03,15D,AM,10072018,3,Adult,Gray,,Gray+,,Above Ground,10,,FALSE,FALSE,TRUE,TRUE,FALSE,,FALSE,FALSE,FALSE,FALSE,FALSE,FALSE,TRUE,FALSE,,POINT (-73.9701634768603 40.7778691433218)
"-7,397,526,995,075","4,076,880,691,841",4E-PM-1008-02,04E,PM,10082018,2,Adult,Gray,,Gray+,,Ground Plane,FALSE,,FALSE,FALSE,FALSE,FALSE,TRUE,,FALSE,FALSE,FALSE,FALSE,FALSE,FALSE,TRUE,FALSE,,POINT (-73.9752699507508 40.76880691840571)
"-7,395,699,850,261","4,079,481,174,281",37E-PM-1006-01,37E,PM,10062018,1,Adult,Gray,Cinnamon,Gray+Cinnamon,,Ground Plane,FALSE,,FALSE,FALSE,FALSE,TRUE,TRUE,,FALSE,FALSE,FALSE,FALSE,TRUE,FALSE,TRUE,FALSE,,POINT (-73.956998502609 40.7948117428147)
"-7,396,240,528,324","4,078,096,563,483",21H-PM-1018-04,21H,PM,10182018,4,Adult,Gray,Cinnamon,Gray+Cinnamon,,Ground Plane,FALSE,,FALSE,FALSE,FALSE,FALSE,TRUE,,FALSE,FALSE,FALSE,FALSE,TRUE,TRUE,FALSE,FALSE,,POINT (-73.9624052832372 40.7809656348254)
"-739,765,417,282","4,077,409,947,353",9A-AM-1013-05,09A,AM,10132018,5,Juvenile,Gray,Cinnamon,Gray+Cinnamon,,Ground Plane,FALSE,,FALSE,TRUE,FALSE,TRUE,FALSE,,FALSE,FALSE,FALSE,FALSE,FALSE,FALSE,TRUE,FALSE,,POINT (-73.9765417282001 40.7740994735325)
"-7,396,521,566,528","4,077,613,090,822",15I-PM-1012-02,15I,PM,10122018,2,Juvenile,Gray,,Gray+,,Ground Plane,FALSE,,TRUE,FALSE,FALSE,FALSE,TRUE,,FALSE,FALSE,FALSE,FALSE,FALSE,FALSE,FALSE,FALSE,,POINT (-73.965215665278 40.7761309082202)
"-7,396,045,242,712","4,079,566,243,287",36B-AM-1013-01,36B,AM,10132018,1,Adult,Gray,White,Gray+White,,Ground Plane,FALSE,,FALSE,FALSE,FALSE,TRUE,FALSE,,FALSE,FALSE,FALSE,FALSE,FALSE,FALSE,FALSE,TRUE,,POINT (-73.9604524271167 40.7956624328733)
"-7,396,184,864,593","4,079,463,658,108",35A-AM-1014-02,35A,AM,10142018,2,Adult,Gray,"Cinnamon, White","Gray+Cinnamon, White",,Ground Plane,FALSE,,FALSE,FALSE,FALSE,TRUE,FALSE,,FALSE,FALSE,FALSE,FALSE,FALSE,FALSE,TRUE,FALSE,,POINT (-73.9618486459307 40.7946365810826)
"-7,397,716,968,357","4,076,970,111,005",4C-AM-1006-04,04C,AM,10062018,4,Juvenile,Gray,White,Gray+White,,Ground Plane,FALSE,,FALSE,FALSE,FALSE,TRUE,TRUE,,FALSE,FALSE,FALSE,FALSE,TRUE,FALSE,TRUE,FALSE,,POINT (-73.9771696835698 40.7697011100487)
"-7,395,454,386,561","407,902,168,635",34I-AM-1012-04,34I,AM,10122018,4,Adult,Gray,"Cinnamon, White","Gray+Cinnamon, White",,Ground Plane,FALSE,,FALSE,FALSE,FALSE,FALSE,TRUE,,FALSE,FALSE,FALSE,FALSE,FALSE,FALSE,TRUE,FALSE,,POINT (-73.9545438656122 40.7902168635009)
"-7,397,583,679,914","4,076,915,934,285",4E-PM-1008-05,04E,PM,10082018,5,Adult,Gray,,Gray+,,Ground Plane,FALSE,,FALSE,FALSE,FALSE,FALSE,TRUE,,FALSE,FALSE,FALSE,FALSE,FALSE,FALSE,TRUE,FALSE,,POINT (-73.975836799137 40.769159342847104)
"-7,398,018,995,197","4,076,957,770,093",3A-PM-1017-02,03A,PM,10172018,2,Adult,Cinnamon,White,Cinnamon+White,,Ground Plane,FALSE,,FALSE,FALSE,FALSE,FALSE,TRUE,,FALSE,FALSE,FALSE,FALSE,FALSE,FALSE,FALSE,FALSE,,POINT (-73.9801899519657 40.7695777009264)
"-7,397,977,158,132","4,077,062,731,511",4A-AM-1007-01,04A,AM,10072018,1,Adult,Gray,,Gray+,,Ground Plane,FALSE,,FALSE,FALSE,FALSE,FALSE,TRUE,,FALSE,FALSE,FALSE,FALSE,TRUE,FALSE,TRUE,FALSE,,POINT (-73.97977158132 40.7706273151066)
"-7,397,635,427,803","4,077,365,313,036",9B-AM-1010-02,09B,AM,10102018,2,Juvenile,Gray,Cinnamon,Gray+Cinnamon,,Above Ground,1,in bush,FALSE,FALSE,TRUE,FALSE,TRUE,,FALSE,FALSE,FALSE,FALSE,TRUE,FALSE,FALSE,TRUE,froze,POINT (-73.9763542780331 40.773653130362206)
"-7,397,457,091,091","4,076,722,256,954",3G-AM-1008-03,03G,AM,10082018,3,Adult,Gray,,Gray+,,Above Ground,40,,TRUE,FALSE,TRUE,FALSE,FALSE,in tree,FALSE,FALSE,FALSE,FALSE,FALSE,FALSE,TRUE,FALSE,,POINT (-73.9745709109056 40.7672225695415)
"-7,397,974,252,625","4,076,791,202,464",1B-AM-1012-02,01B,AM,10122018,2,Adult,Cinnamon,Gray,Cinnamon+Gray,,Ground Plane,FALSE,,TRUE,FALSE,FALSE,FALSE,TRUE,,FALSE,FALSE,FALSE,FALSE,FALSE,FALSE,TRUE,FALSE,,POINT (-73.9797425262459 40.7679120246352)
"-7,397,149,520,928","4,077,480,632,818",12E-AM-1017-02,12E,AM,10172018,2,Adult,Gray,White,Gray+White,,Ground Plane,FALSE,,TRUE,FALSE,FALSE,FALSE,TRUE,,FALSE,FALSE,FALSE,FALSE,FALSE,FALSE,TRUE,FALSE,,POINT (-73.9714952092767 40.7748063281815)
"-7,396,826,762,377","4,077,726,535,902",15F-PM-1010-04,15F,PM,10102018,4,Adult,Gray,,Gray+,,Ground Plane,FALSE,on path,FALSE,FALSE,FALSE,FALSE,TRUE,,FALSE,FALSE,FALSE,FALSE,FALSE,FALSE,TRUE,FALSE,,POINT (-73.9682676237703 40.7772653590224)
"-7,395,542,997,099","4,079,781,686,299",40D-AM-1013-02,40D,AM,10132018,2,Adult,Gray,Cinnamon,Gray+Cinnamon,,Ground Plane,FALSE,,TRUE,FALSE,FALSE,FALSE,TRUE,,FALSE,FALSE,FALSE,FALSE,FALSE,FALSE,TRUE,FALSE,,POINT (-73.955429970986 40.7978168629875)
"-7,397,258,446,585","4,077,010,928,342",7F-PM-1012-02,07F,PM,10122018,2,Adult,Gray,Cinnamon,Gray+Cinnamon,,Ground Plane,FALSE,,FALSE,FALSE,FALSE,TRUE,TRUE,,FALSE,FALSE,FALSE,FALSE,FALSE,FALSE,FALSE,FALSE,observes,POINT (-73.9725844658514 40.7701092834201)
"-7,395,873,307,075","4,079,076,820,096",32F-AM-1012-02,32F,AM,10122018,2,Adult,Gray,"Cinnamon, White","Gray+Cinnamon, White",Gray patches on back legs,Ground Plane,FALSE,,FALSE,FALSE,FALSE,FALSE,FALSE,curious about me,FALSE,FALSE,FALSE,FALSE,FALSE,TRUE,FALSE,TRUE,,POINT (-73.9587330707463 40.7907682009641)
"-7,398,025,646,853","4,076,817,590,982",2B-AM-1010-05,02B,AM,10102018,5,Adult,Gray,Cinnamon,Gray+Cinnamon,,Ground Plane,FALSE,,FALSE,FALSE,FALSE,FALSE,TRUE,,FALSE,FALSE,FALSE,TRUE,FALSE,FALSE,TRUE,FALSE,,POINT (-73.9802564685265 40.7681759098199)
"-7,397,479,591,435","4,077,680,781,744",12A-AM-1008-01,12A,AM,10082018,1,Adult,Gray,,Gray+,,Above Ground,1,,FALSE,FALSE,TRUE,FALSE,FALSE,,FALSE,FALSE,FALSE,FALSE,FALSE,FALSE,TRUE,FALSE,,POINT (-73.9747959143543 40.7768078174366)
"-7,397,954,927,245","4,077,094,974,717",4A-AM-1007-02,04A,AM,10072018,2,Adult,Gray,,Gray+,,Ground Plane,FALSE,,FALSE,FALSE,FALSE,FALSE,TRUE,,FALSE,FALSE,FALSE,FALSE,FALSE,FALSE,TRUE,FALSE,,POINT (-73.9795492724533 40.7709497471738)
"-7,396,574,800,661","4,077,534,654,892",14I-PM-1018-04,14I,PM,10182018,4,Adult,Cinnamon,Gray,Cinnamon+Gray,,Ground Plane,FALSE,,FALSE,FALSE,FALSE,TRUE,TRUE,,FALSE,FALSE,FALSE,FALSE,TRUE,TRUE,FALSE,FALSE,,POINT (-73.9657480066074 40.7753465489231)
"-7,396,864,792,772","4,077,058,153,548",9I-AM-1014-08,09I,AM,10142018,8,Adult,Gray,Cinnamon,Gray+Cinnamon,,Ground Plane,FALSE,,FALSE,FALSE,FALSE,FALSE,TRUE,,FALSE,FALSE,FALSE,FALSE,FALSE,FALSE,FALSE,FALSE,,POINT (-73.9686479277215 40.7705815354769)
"-7,396,924,722,996","4,077,225,921,872",10H-PM-1007-01,10H,PM,10072018,1,Adult,Gray,White,Gray+White,dark gray,Above Ground,15,in tree,FALSE,FALSE,TRUE,FALSE,FALSE,,FALSE,FALSE,FALSE,FALSE,FALSE,FALSE,TRUE,FALSE,,POINT (-73.9692472299565 40.7722592187215)
"-7,397,878,468,802","4,076,825,459,035",2C-PM-1013-05,02C,PM,10132018,5,Adult,Gray,White,Gray+White,,Ground Plane,FALSE,,FALSE,FALSE,FALSE,FALSE,TRUE,,FALSE,FALSE,FALSE,FALSE,FALSE,FALSE,FALSE,FALSE,,POINT (-73.9787846880249 40.7682545903488)
"-739,765,046,109","4,077,366,741,247",8B-AM-1007-04,08B,AM,10072018,4,Adult,Gray,,Gray+,,Above Ground,2,,FALSE,FALSE,TRUE,FALSE,TRUE,,FALSE,FALSE,FALSE,FALSE,FALSE,FALSE,TRUE,FALSE,,POINT (-73.9765046109019 40.7736674124746)
"-7,397,961,428,483","4,077,021,178,983",4A-PM-1007-04,04A,PM,10072018,4,Adult,Gray,White,Gray+White,,Ground Plane,FALSE,,FALSE,FALSE,FALSE,FALSE,TRUE,,FALSE,FALSE,FALSE,FALSE,TRUE,FALSE,TRUE,FALSE,,POINT (-73.9796142848349 40.7702117898305)
"-7,396,928,463,266","4,078,410,490,085",22A-PM-1017-02,22A,PM,10172018,2,Juvenile,Gray,,Gray+,,Ground Plane,FALSE,,TRUE,FALSE,FALSE,FALSE,FALSE,,FALSE,FALSE,FALSE,FALSE,FALSE,FALSE,FALSE,FALSE,,POINT (-73.9692846326638 40.7841049008492)
"-7,397,671,414,073","4,077,373,132,516",8A-PM-1014-02,08A,PM,10142018,2,Juvenile,Gray,,Gray+,,Ground Plane,FALSE,,FALSE,FALSE,TRUE,TRUE,FALSE,,FALSE,FALSE,FALSE,FALSE,FALSE,FALSE,FALSE,TRUE,runs from (goes up a tree),POINT (-73.9767141407274 40.7737313251559)
"-7,397,563,458,677","4,076,755,405,176",3E-PM-1008-09,03E,PM,10082018,9,Adult,Gray,,Gray+,,Above Ground,5,,TRUE,FALSE,TRUE,FALSE,FALSE,,FALSE,FALSE,FALSE,FALSE,FALSE,FALSE,FALSE,TRUE,,POINT (-73.9756345867747 40.7675540517649)
"-7,395,241,322,957","4,079,337,775,534",37I-AM-1010-05,37I,AM,10102018,5,Adult,Gray,Cinnamon,Gray+Cinnamon,,Ground Plane,FALSE,,FALSE,FALSE,FALSE,TRUE,FALSE,,FALSE,FALSE,FALSE,FALSE,FALSE,FALSE,FALSE,TRUE,,POINT (-73.95241322956582 40.7933777553406)
"-7,395,636,523,032","407,955,127,874",38E-PM-1014-05,38E,PM,10142018,5,Adult,Gray,Cinnamon,Gray+Cinnamon,,Ground Plane,FALSE,on log,FALSE,FALSE,FALSE,FALSE,FALSE,statue,FALSE,FALSE,FALSE,FALSE,FALSE,FALSE,TRUE,FALSE,,POINT (-73.9563652303243 40.7955127873968)
"-7,397,438,735,496","4,077,454,260,514",10C-AM-1018-04,10C,AM,10182018,4,Adult,Gray,,Gray+,,Ground Plane,FALSE,,TRUE,FALSE,FALSE,FALSE,FALSE,,FALSE,FALSE,FALSE,FALSE,FALSE,FALSE,TRUE,FALSE,,POINT (-73.9743873549635 40.7745426051392)
"-7,396,407,416,405","4,078,072,745,814",20G-AM-1018-01,20G,AM,10182018,1,Juvenile,Gray,,Gray+,,Above Ground,7,Tree limb,FALSE,FALSE,FALSE,FALSE,FALSE,sitting still on limb,FALSE,FALSE,FALSE,FALSE,FALSE,FALSE,TRUE,FALSE,,POINT (-73.9640741640547 40.7807274581426)
"-7,396,797,558,622","4,077,356,830,443",12H-PM-1007-07,12H,PM,10072018,7,,Gray,Cinnamon,Gray+Cinnamon,,Ground Plane,FALSE,grass field,FALSE,FALSE,FALSE,FALSE,TRUE,,FALSE,FALSE,FALSE,FALSE,FALSE,FALSE,FALSE,TRUE,humans,POINT (-73.967975586222 40.7735683044313)
"-7,396,111,268,136","4,079,431,130,215",35B-AM-1010-03,35B,AM,10102018,3,Adult,Gray,Cinnamon,Gray+Cinnamon,,Ground Plane,FALSE,,TRUE,FALSE,FALSE,FALSE,FALSE,,FALSE,FALSE,FALSE,FALSE,FALSE,FALSE,TRUE,FALSE,,POINT (-73.9611126813593 40.7943113021522)
"-7,396,397,004,344","40,777,500,305",17I-AM-1014-01,17I,AM,10142018,1,Adult,Cinnamon,"Gray, White","Cinnamon+Gray, White",,Ground Plane,FALSE,Running across fence between statue & swings,TRUE,FALSE,TRUE,TRUE,FALSE,,FALSE,FALSE,FALSE,FALSE,FALSE,FALSE,TRUE,FALSE,,POINT (-73.9639700434449 40.7775003050028)
"-7,395,777,581,255","4,079,938,471,648",41B-AM-1010-10,41B,AM,10102018,10,Adult,Cinnamon,White,Cinnamon+White,,Ground Plane,FALSE,,TRUE,FALSE,FALSE,FALSE,FALSE,,FALSE,FALSE,FALSE,FALSE,FALSE,FALSE,FALSE,FALSE,,POINT (-73.9577758125518 40.799384716477)
"-7,397,369,955,522","4,077,227,125,186",8E-PM-1008-02,08E,PM,10082018,2,Adult,Black,Cinnamon,Black+Cinnamon,,Above Ground,10,in tree,TRUE,FALSE,TRUE,FALSE,FALSE,,FALSE,FALSE,FALSE,FALSE,FALSE,FALSE,FALSE,FALSE,,POINT (-73.9736995552241 40.7722712518637)
"-7,397,010,234,787","4,078,035,270,619",17C-PM-1013-04,17C,PM,10132018,4,Adult,Gray,,Gray+,,Ground Plane,FALSE,,FALSE,FALSE,FALSE,TRUE,FALSE,,FALSE,FALSE,FALSE,FALSE,FALSE,FALSE,TRUE,FALSE,,POINT (-73.9701023478746 40.7803527061859)
"-7,395,846,615,892","4,079,120,683,808",33F-PM-1012-01,33F,PM,10122018,1,Adult,Gray,"Cinnamon, White","Gray+Cinnamon, White",,Ground Plane,FALSE,,FALSE,FALSE,FALSE,TRUE,TRUE,,FALSE,FALSE,FALSE,FALSE,TRUE,FALSE,TRUE,FALSE,,POINT (-73.9584661589182 40.7912068380845)
"-7,396,884,380,587","4,077,030,143,257",8I-AM-1006-05,08I,AM,10062018,5,Adult,Gray,White,Gray+White,,Above Ground,20,tree,FALSE,FALSE,TRUE,FALSE,FALSE,,FALSE,FALSE,FALSE,FALSE,FALSE,FALSE,TRUE,FALSE,,POINT (-73.9688438058715 40.7703014325728)
"-7,396,034,711,619","4,079,060,033,117",32E-PM-1017-15,32E,PM,10172018,15,Adult,Gray,,Gray+,,Ground Plane,FALSE,,FALSE,FALSE,FALSE,FALSE,TRUE,,FALSE,FALSE,FALSE,FALSE,FALSE,FALSE,FALSE,TRUE,,POINT (-73.9603471161869 40.7906003311747)
"-7,396,657,637,976","4,077,613,164",15H-AM-1013-03,15H,AM,10132018,3,Adult,Gray,White,Gray+White,,Above Ground,10,,FALSE,FALSE,TRUE,FALSE,FALSE,,FALSE,FALSE,FALSE,FALSE,FALSE,FALSE,TRUE,FALSE,,POINT (-73.9665763797607 40.7761316400012)
"-7,395,571,032,754","4,079,745,107,976",40D-AM-1013-03,40D,AM,10132018,3,Adult,Gray,Cinnamon,Gray+Cinnamon,,Ground Plane,FALSE,,TRUE,FALSE,FALSE,FALSE,TRUE,,FALSE,FALSE,FALSE,FALSE,FALSE,FALSE,TRUE,FALSE,,POINT (-73.955710327539 40.7974510797567)
"-7,397,568,253,383","4,077,555,425,067",11A-PM-1013-02,11A,PM,10132018,2,Adult,Cinnamon,Gray,Cinnamon+Gray,,Ground Plane,FALSE,,TRUE,FALSE,FALSE,FALSE,TRUE,,FALSE,FALSE,FALSE,FALSE,FALSE,FALSE,TRUE,FALSE,,POINT (-73.9756825338299 40.7755542506699)
"-7,396,848,062,502","4,078,587,762,102",24A-PM-1007-03,24A,PM,10072018,3,Adult,Gray,,Gray+,,Ground Plane,FALSE,,TRUE,FALSE,FALSE,FALSE,FALSE,,FALSE,FALSE,FALSE,FALSE,FALSE,FALSE,TRUE,FALSE,,POINT (-73.9684806250183 40.7858776210151)
"-7,395,940,458,854","4,078,408,868,707",26I-AM-1010-01,26I,AM,10102018,1,Adult,Gray,,Gray+,,Above Ground,40,,FALSE,FALSE,FALSE,FALSE,TRUE,,FALSE,FALSE,FALSE,FALSE,FALSE,FALSE,FALSE,FALSE,,POINT (-73.9594045885402 40.7840886870652)
"-7,395,610,916,867","4,079,814,630,474",41D-AM-1014-04,41D,AM,10142018,4,Adult,Gray,,Gray+,,Ground Plane,FALSE,,TRUE,FALSE,FALSE,FALSE,FALSE,,FALSE,FALSE,FALSE,FALSE,FALSE,FALSE,TRUE,FALSE,,POINT (-73.9561091686663 40.7981463047425)
"-7,397,334,374,497","4,077,824,015,484",14B-PM-1014-07,14B,PM,10142018,7,Adult,Gray,Cinnamon,Gray+Cinnamon,,Ground Plane,FALSE,,FALSE,FALSE,FALSE,FALSE,TRUE,,FALSE,FALSE,FALSE,FALSE,FALSE,FALSE,FALSE,FALSE,,POINT (-73.9733437449715 40.7782401548362)
"-73,965,213,447","4,078,034,382,788",19F-PM-1017-05,19F,PM,10172018,5,Adult,Gray,Cinnamon,Gray+Cinnamon,,Ground Plane,FALSE,,TRUE,TRUE,TRUE,FALSE,FALSE,,FALSE,FALSE,FALSE,FALSE,TRUE,FALSE,FALSE,TRUE,,POINT (-73.9652134469963 40.7803438278765)
"-7,397,147,981,968","4,076,952,319,496",6H-PM-1020-02,06H,PM,10202018,2,Adult,,,+,,Above Ground,,Fence pole,FALSE,FALSE,TRUE,FALSE,FALSE,,FALSE,FALSE,FALSE,FALSE,FALSE,FALSE,FALSE,TRUE,runs from (me),POINT (-73.9714798196777 40.7695231949631)
"-7,397,550,412,768","4,076,782,138,576",3F-AM-1006-13,03F,AM,10062018,13,Juvenile,Gray,White,Gray+White,,Ground Plane,FALSE,,TRUE,FALSE,FALSE,FALSE,TRUE,,FALSE,FALSE,FALSE,FALSE,FALSE,TRUE,FALSE,FALSE,,POINT (-73.9755041276839 40.7678213857557)
"-7,396,015,610,645","4,079,005,139,335",31E-PM-1006-08,31E,PM,10062018,8,Adult,Gray,Cinnamon,Gray+Cinnamon,,Ground Plane,FALSE,,FALSE,FALSE,FALSE,FALSE,TRUE,,FALSE,FALSE,FALSE,FALSE,FALSE,FALSE,TRUE,FALSE,,POINT (-73.9601561064548 40.7900513933531)
"-7,395,812,418,702","4,079,610,575,361",38C-AM-1019-05,38C,AM,10192018,5,Adult,Gray,White,Gray+White,,Ground Plane,FALSE,,TRUE,FALSE,FALSE,FALSE,FALSE,,FALSE,FALSE,FALSE,FALSE,FALSE,FALSE,FALSE,TRUE,,POINT (-73.9581241870185 40.7961057536141)
"-7,395,762,195,709","4,079,633,512,257",38C-AM-1019-03,38C,AM,10192018,3,Juvenile,Gray,White,Gray+White,,Ground Plane,FALSE,,FALSE,FALSE,FALSE,FALSE,TRUE,,FALSE,FALSE,FALSE,FALSE,FALSE,FALSE,FALSE,TRUE,,POINT (-73.9576219570858 40.7963351225672)
"-7,395,970,725,338","4,079,055,818,538",32E-AM-1007-12,32E,AM,10072018,12,Adult,Gray,,Gray+,,Ground Plane,FALSE,,FALSE,TRUE,FALSE,FALSE,FALSE,,FALSE,FALSE,FALSE,FALSE,FALSE,FALSE,FALSE,FALSE,,POINT (-73.9597072533787 40.79055818537861)
"-7,395,753,079,704","4,079,831,764,195",40B-PM-1014-08,40B,PM,10142018,8,Adult,Gray,Cinnamon,Gray+Cinnamon,,Ground Plane,FALSE,,FALSE,FALSE,FALSE,FALSE,TRUE,,FALSE,FALSE,FALSE,FALSE,FALSE,FALSE,TRUE,FALSE,,POINT (-73.9575307970434 40.7983176419483)
"-7,397,691,068,382","4,076,744,148,707",2E-AM-1010-05,02E,AM,10102018,5,Juvenile,Gray,Cinnamon,Gray+Cinnamon,,Above Ground,33,,FALSE,FALSE,TRUE,FALSE,FALSE,,FALSE,FALSE,FALSE,FALSE,FALSE,FALSE,TRUE,FALSE,,POINT (-73.9769106838192 40.7674414870702)
"-7,397,682,863,496","4,076,870,128,271",3D-PM-1010-05,03D,PM,10102018,5,Adult,Cinnamon,,Cinnamon+,,Ground Plane,FALSE,,TRUE,FALSE,FALSE,FALSE,TRUE,,FALSE,FALSE,FALSE,FALSE,FALSE,FALSE,FALSE,FALSE,,POINT (-73.9768286349595 40.7687012827059)
"-7,395,348,783,165","4,079,789,519,817",41F-PM-1019-01,41F,PM,10192018,1,,,,+,,,,,FALSE,FALSE,FALSE,FALSE,FALSE,,FALSE,FALSE,FALSE,FALSE,FALSE,FALSE,FALSE,FALSE,,POINT (-73.9534878316472 40.7978951981698)
"-7,396,890,416,001","4,077,817,889,662",16E-AM-1014-07,16E,AM,10142018,7,Adult,Gray,,Gray+,,Above Ground,,,TRUE,FALSE,FALSE,FALSE,FALSE,,FALSE,FALSE,FALSE,FALSE,FALSE,FALSE,FALSE,TRUE,runs from (dog),POINT (-73.9689041600147 40.7781788966185)
"-7,397,275,776,557","4,076,542,855,101",2I-AM-1006-01,02I,AM,10062018,1,Adult,Gray,,Gray+,,Ground Plane,FALSE,,TRUE,FALSE,FALSE,TRUE,FALSE,,FALSE,FALSE,FALSE,FALSE,FALSE,FALSE,TRUE,FALSE,,POINT (-73.972757765574 40.7654285510067)
"-7,395,871,909,996","4,079,475,877,266",36C-AM-1014-04,36C,AM,10142018,4,,Gray,White,Gray+White,,Above Ground,15,Ground then tree to eat,TRUE,FALSE,TRUE,TRUE,FALSE,,FALSE,FALSE,FALSE,FALSE,FALSE,FALSE,FALSE,TRUE,,POINT (-73.958719099962 40.7947587726617)
"-739,773,696,455","4,076,872,418,667",3D-PM-1010-14,03D,PM,10102018,14,Juvenile,Gray,Cinnamon,Gray+Cinnamon,,Above Ground,10,,FALSE,FALSE,FALSE,FALSE,FALSE,crying out,TRUE,TRUE,FALSE,FALSE,FALSE,FALSE,FALSE,FALSE,,POINT (-73.9773696455031 40.7687241866704)
"-7,397,210,860,694","4,076,981,721,904",6G-AM-1008-06,06G,AM,10082018,6,Adult,Gray,"Cinnamon, White","Gray+Cinnamon, White",white at end of tail,Ground Plane,FALSE,grass,FALSE,FALSE,FALSE,FALSE,TRUE,,FALSE,FALSE,FALSE,FALSE,TRUE,FALSE,TRUE,FALSE,,POINT (-73.9721086069437 40.7698172190404)
"-7,397,281,709,808","4,077,035,578,304",7F-AM-1008-06,07F,AM,10082018,6,Adult,Gray,,Gray+,,Above Ground,28,in hole in tree,FALSE,FALSE,FALSE,FALSE,FALSE,sitting,FALSE,FALSE,FALSE,FALSE,FALSE,FALSE,TRUE,FALSE,,POINT (-73.9728170980779 40.770355783043705)
"-7,397,506,880,833","407,665,584,681",2F-PM-1014-07,02F,PM,10142018,7,Adult,Gray,,Gray+,,Ground Plane,FALSE,,FALSE,FALSE,FALSE,TRUE,FALSE,,FALSE,FALSE,FALSE,FALSE,FALSE,FALSE,TRUE,FALSE,,POINT (-73.9750688083336 40.7665584681025)
"-739,690,540,696","4,077,660,141,246",14F-PM-1012-08,14F,PM,10122018,8,Adult,Cinnamon,"Gray, White","Cinnamon+Gray, White",,Ground Plane,FALSE,,TRUE,TRUE,FALSE,TRUE,TRUE,,FALSE,FALSE,FALSE,FALSE,FALSE,FALSE,TRUE,FALSE,,POINT (-73.9690540696008 40.7766014124609)
"-7,396,689,094,819","407,841,298,584",22C-PM-1006-12,22C,PM,10062018,12,Adult,Gray,,Gray+,,Ground Plane,FALSE,,FALSE,FALSE,FALSE,TRUE,FALSE,,TRUE,FALSE,FALSE,FALSE,FALSE,FALSE,FALSE,FALSE,human friendly,POINT (-73.9668909481942 40.7841298584027)
"-7,395,196,524,793","4,079,381,676,281",38I-PM-1014-03,38I,PM,10142018,3,Adult,Cinnamon,"Gray, White","Cinnamon+Gray, White",,Ground Plane,FALSE,,FALSE,FALSE,FALSE,TRUE,FALSE,,FALSE,FALSE,FALSE,FALSE,FALSE,FALSE,TRUE,TRUE,,POINT (-73.951965247933 40.7938167628067)
"-7,395,623,508,203","407,913,464,148",34G-PM-1006-02,34G,PM,10062018,2,Adult,Gray,,Gray+,,Above Ground,6,,FALSE,FALSE,TRUE,TRUE,TRUE,eating bread it found on ground,FALSE,FALSE,FALSE,FALSE,FALSE,FALSE,FALSE,TRUE,,POINT (-73.9562350820255 40.7913464147989)
"-7,397,117,513,568","4,077,524,227,582",12E-AM-1017-06,12E,AM,10172018,6,Juvenile,Gray,Cinnamon,Gray+Cinnamon,,Above Ground,2,,FALSE,FALSE,FALSE,TRUE,TRUE,,FALSE,FALSE,FALSE,FALSE,FALSE,FALSE,TRUE,FALSE,,POINT (-73.9711751356843 40.7752422758202)
"-7,396,855,981,061","4,078,070,548,681",19D-PM-1008-02,19D,PM,10082018,2,,,,+,"unknown - cannot see, only hear",Above Ground,,,FALSE,FALSE,FALSE,FALSE,FALSE,,TRUE,FALSE,FALSE,FALSE,FALSE,FALSE,FALSE,FALSE,,POINT (-73.9685598106128 40.7807054868066)
"-7,396,955,603,769","4,077,088,351,035",9H-AM-1006-03,09H,AM,10062018,3,Adult,Gray,White,Gray+White,,Ground Plane,FALSE,,FALSE,FALSE,FALSE,FALSE,TRUE,,FALSE,FALSE,FALSE,FALSE,FALSE,FALSE,TRUE,FALSE,,POINT (-73.96955603769152 40.7708835103516)
"-7,396,409,456,094","4,079,105,130,414",30A-PM-1020-04,30A,PM,10202018,4,Adult,Gray,"Cinnamon, White","Gray+Cinnamon, White",Cinnamon back. Gray & Cinnamon selected as Primary. White selected as Highlights. Made executive adjustments.,Ground Plane,FALSE,Rock,TRUE,FALSE,FALSE,TRUE,FALSE,,FALSE,FALSE,FALSE,FALSE,FALSE,FALSE,FALSE,TRUE,,POINT (-73.9640945609381 40.7910513041359)
"-7,396,005,650,463","407,934,048,503",34C-PM-1012-02,34C,PM,10122018,2,Adult,Gray,Cinnamon,Gray+Cinnamon,,Ground Plane,FALSE,,TRUE,FALSE,FALSE,FALSE,TRUE,,FALSE,FALSE,FALSE,FALSE,FALSE,FALSE,TRUE,FALSE,,POINT (-73.96005650463 40.7934048502983)
"-7,395,491,338,724","4,079,468,710,369",38F-PM-1013-02,38F,PM,10132018,2,Juvenile,Gray,Cinnamon,Gray+Cinnamon,,Ground Plane,FALSE,,FALSE,FALSE,FALSE,FALSE,TRUE,,FALSE,FALSE,FALSE,FALSE,FALSE,FALSE,FALSE,FALSE,,POINT (-73.9549133872427 40.7946871036949)
"-7,397,300,010,805","407,678,719,219",4G-AM-1006-05,04G,AM,10062018,5,Juvenile,Gray,White,Gray+White,,Above Ground,20,,FALSE,FALSE,TRUE,FALSE,FALSE,climbing (tree),FALSE,FALSE,FALSE,FALSE,FALSE,FALSE,TRUE,FALSE,indifferent—was in front of my face (we were on a bridge)!,POINT (-73.9730001080547 40.7678719218983)
"-7,397,483,187,775","4,077,718,213,781",13A-AM-1017-05,13A,AM,10172018,5,Adult,Gray,White,Gray+White,,Ground Plane,FALSE,,FALSE,FALSE,FALSE,FALSE,TRUE,,FALSE,FALSE,FALSE,FALSE,FALSE,FALSE,TRUE,FALSE,,POINT (-73.9748318777506 40.7771821378056)
"-7,395,506,274,474","4,079,101,047,003",34H-PM-1006-02,34H,PM,10062018,2,,Gray,,Gray+,,Ground Plane,FALSE,,FALSE,FALSE,FALSE,FALSE,TRUE,,FALSE,FALSE,FALSE,FALSE,FALSE,FALSE,FALSE,FALSE,,POINT (-73.9550627447399 40.7910104700332)
"-7,397,094,074,565","4,077,642,352,209",14D-AM-1014-13,14D,AM,10142018,13,Adult,Gray,"Cinnamon, White","Gray+Cinnamon, White",,,,,FALSE,FALSE,FALSE,FALSE,TRUE,,FALSE,FALSE,FALSE,FALSE,FALSE,FALSE,TRUE,FALSE,,POINT (-73.9709407456459 40.776423522087)
"-7,397,203,653,277","407,762,329,714",13D-PM-1018-11,13D,PM,10182018,11,Adult,Gray,White,Gray+White,,Above Ground,15,,FALSE,FALSE,TRUE,TRUE,FALSE,,FALSE,FALSE,FALSE,FALSE,TRUE,FALSE,TRUE,FALSE,,POINT (-73.9720365327715 40.7762329714016)
"-7,396,855,670,754","4,077,037,977,231",8I-AM-1006-10,08I,AM,10062018,10,Adult,Gray,"Cinnamon, White","Gray+Cinnamon, White",,Above Ground,3,bush,FALSE,FALSE,TRUE,FALSE,FALSE,,FALSE,FALSE,FALSE,FALSE,FALSE,FALSE,FALSE,TRUE,,POINT (-73.96855670754131 40.7703797723105)
"-739,596,271,143","4,079,066,123,137",32E-PM-1017-12,32E,PM,10172018,12,Adult,Gray,,Gray+,,Ground Plane,FALSE,,FALSE,FALSE,FALSE,TRUE,TRUE,,FALSE,TRUE,FALSE,FALSE,FALSE,FALSE,FALSE,FALSE,,POINT (-73.9596271142953 40.7906612313673)
"-7,397,305,925,481","4,077,408,792,515",10D-AM-1008-04,10D,AM,10082018,4,Juvenile,Gray,,Gray+,,Above Ground,25,,FALSE,TRUE,TRUE,FALSE,FALSE,,FALSE,FALSE,FALSE,FALSE,FALSE,FALSE,FALSE,FALSE,,POINT (-73.9730592548116 40.7740879251541)
"-7,397,109,071,758","4,077,637,391,082",13D-AM-1014-07,13D,AM,10142018,7,Adult,Gray,"Cinnamon, White","Gray+Cinnamon, White",,Ground Plane,FALSE,,FALSE,FALSE,FALSE,FALSE,TRUE,,FALSE,FALSE,FALSE,FALSE,FALSE,FALSE,TRUE,FALSE,,POINT (-73.9710907175834 40.77637391082)
"-7,397,057,045,275","4,077,628,530,122",13E-AM-1017-06,13E,AM,10172018,6,Adult,Gray,,Gray+,,Ground Plane,FALSE,,TRUE,FALSE,FALSE,FALSE,FALSE,,FALSE,FALSE,FALSE,FALSE,FALSE,FALSE,FALSE,FALSE,,POINT (-73.9705704527481 40.7762853012151)
"-7,397,715,752,493","4,076,738,737,165",2E-AM-1010-07,02E,AM,10102018,7,Adult,Gray,"Cinnamon, White","Gray+Cinnamon, White",,Ground Plane,FALSE,,FALSE,FALSE,FALSE,FALSE,TRUE,,FALSE,FALSE,FALSE,FALSE,TRUE,FALSE,TRUE,FALSE,,POINT (-73.9771575249322 40.7673873716547)
"-7,397,579,123,505","4,077,475,986,215",10B-AM-1006-04,10B,AM,10062018,4,Adult,Gray,,Gray+,,Ground Plane,FALSE,,TRUE,FALSE,FALSE,FALSE,FALSE,,FALSE,FALSE,FALSE,FALSE,FALSE,FALSE,FALSE,TRUE,,POINT (-73.9757912350482 40.7747598621451)
"-7,396,800,435,234","4,077,266,692,783",11I-PM-1012-01,11I,PM,10122018,1,Adult,Gray,,Gray+,,Ground Plane,FALSE,,TRUE,FALSE,FALSE,TRUE,TRUE,,FALSE,FALSE,FALSE,TRUE,TRUE,FALSE,FALSE,FALSE,look at humans determining,POINT (-73.968004352343 40.7726669278308)
"-7,397,653,553,956","4,077,356,532,374",8B-AM-1007-03,08B,AM,10072018,3,Adult,Gray,,Gray+,,Above Ground,15,,FALSE,FALSE,TRUE,FALSE,FALSE,,FALSE,FALSE,FALSE,FALSE,FALSE,FALSE,TRUE,FALSE,,POINT (-73.97653553956222 40.7735653237366)
"-7,396,971,780,963","4,076,970,366,963",7I-PM-1013-07,07I,PM,10132018,7,Adult,Gray,"Cinnamon, White","Gray+Cinnamon, White",,Ground Plane,FALSE,Under the tree,FALSE,TRUE,FALSE,FALSE,FALSE,"playing,interacting with #6",FALSE,FALSE,FALSE,FALSE,TRUE,FALSE,FALSE,FALSE,,POINT (-73.9697178096275 40.769703669630104)
"-7,395,581,809,529","4,078,868,105,059",31I-PM-1019-03,31I,PM,10192018,3,Adult,Gray,Cinnamon,Gray+Cinnamon,,Ground Plane,FALSE,,FALSE,FALSE,FALSE,FALSE,TRUE,,FALSE,FALSE,FALSE,FALSE,FALSE,FALSE,FALSE,TRUE,,POINT (-73.9558180952889 40.7886810505944)
"-7,397,884,414,197","4,076,960,460,744",4B-AM-1010-05,04B,AM,10102018,5,Adult,Cinnamon,Gray,Cinnamon+Gray,,Above Ground,10,,FALSE,TRUE,FALSE,FALSE,FALSE,chasing squirrel #6,TRUE,TRUE,FALSE,FALSE,TRUE,FALSE,FALSE,FALSE,,POINT (-73.978844141973 40.7696046074378)
"-7,397,096,249,839","4,077,668,990,409",14D-AM-1014-05,14D,AM,10142018,5,Adult,Gray,"Cinnamon, White","Gray+Cinnamon, White",,Ground Plane,FALSE,,FALSE,FALSE,FALSE,FALSE,TRUE,,FALSE,FALSE,FALSE,FALSE,FALSE,FALSE,TRUE,FALSE,,POINT (-73.970962498391 40.7766899040856)
"-7,395,870,723,735","4,079,852,095,799",40B-AM-1019-01,40B,AM,10192018,1,Adult,Gray,White,Gray+White,,Ground Plane,FALSE,,FALSE,FALSE,FALSE,FALSE,TRUE,,FALSE,FALSE,FALSE,FALSE,TRUE,FALSE,TRUE,FALSE,,POINT (-73.9587072373474 40.7985209579925)
"-7,397,364,180,857","4,077,169,311,277",8E-PM-1008-04,08E,PM,10082018,4,Adult,Gray,White,Gray+White,,Ground Plane,FALSE,in grass by a grove of tall maples,FALSE,FALSE,FALSE,TRUE,TRUE,,FALSE,FALSE,FALSE,FALSE,FALSE,FALSE,TRUE,FALSE,there's a family playing soccer,POINT (-73.9736418085696 40.7716931127716)
"-7,395,880,768,047","4,079,129,426,073",33E-AM-1014-06,33E,AM,10142018,6,Adult,Gray,White,Gray+White,,Ground Plane,FALSE,,FALSE,FALSE,TRUE,FALSE,FALSE,,FALSE,FALSE,FALSE,FALSE,FALSE,FALSE,FALSE,TRUE,,POINT (-73.9588076804698 40.7912942607296)
"-7,398,077,710,643","4,076,816,357,263",1A-AM-1007-02,01A,AM,10072018,2,Adult,Gray,White,Gray+White,,Above Ground,11,,FALSE,FALSE,TRUE,FALSE,FALSE,,FALSE,FALSE,FALSE,FALSE,TRUE,FALSE,TRUE,FALSE,,POINT (-73.980777106431 40.7681635726316)
"-7,396,866,220,097","4,077,672,943,805",15F-PM-1010-02,15F,PM,10102018,2,Adult,Gray,,Gray+,,Ground Plane,FALSE,,FALSE,FALSE,FALSE,FALSE,TRUE,,FALSE,FALSE,FALSE,FALSE,FALSE,FALSE,TRUE,FALSE,,POINT (-73.9686622009739 40.7767294380502)
"-7,395,903,285,271","4,079,122,144,176",33E-PM-1012-06,33E,PM,10122018,6,Adult,Gray,White,Gray+White,,Ground Plane,FALSE,,FALSE,FALSE,FALSE,FALSE,FALSE,playing,FALSE,FALSE,FALSE,FALSE,FALSE,FALSE,FALSE,FALSE,,POINT (-73.9590328527128 40.7912214417577)
"-7,396,575,046,436","4,078,312,108,136",22D-PM-1012-02,22D,PM,10122018,2,Adult,Gray,"Black, White","Gray+Black, White",No Primary Fur Color selected. Made executive adjustment based on other squirrels.,Ground Plane,FALSE,,FALSE,FALSE,FALSE,FALSE,TRUE,,FALSE,FALSE,FALSE,FALSE,FALSE,FALSE,TRUE,FALSE,,POINT (-73.9657504643585 40.7831210813592)
"-7,395,813,662,149","4,079,889,640,927",40B-PM-1014-02,40B,PM,10142018,2,Adult,Gray,,Gray+,,Above Ground,20,,FALSE,FALSE,TRUE,FALSE,FALSE,,TRUE,TRUE,FALSE,FALSE,FALSE,FALSE,FALSE,TRUE,,POINT (-73.9581366214863 40.7988964092722)
"-739,698,870,647","4,078,265,109,855",20B-AM-1007-02,20B,AM,10072018,2,Adult,Cinnamon,Gray,Cinnamon+Gray,,Ground Plane,FALSE,,FALSE,FALSE,FALSE,FALSE,TRUE,,FALSE,FALSE,FALSE,TRUE,TRUE,TRUE,FALSE,FALSE,,POINT (-73.9698870647042 40.7826510985538)
"-7,396,901,686,738","4,077,776,120,439",15E-AM-1013-04,15E,AM,10132018,4,Adult,Gray,Cinnamon,Gray+Cinnamon,,Ground Plane,FALSE,,FALSE,FALSE,FALSE,FALSE,TRUE,,FALSE,FALSE,FALSE,FALSE,FALSE,FALSE,FALSE,TRUE,,POINT (-73.9690168673844 40.7777612043914)
"-7,395,795,062,634","407,936,973,556",35E-AM-1020-01,35E,AM,10202018,1,Adult,Gray,"Cinnamon, White","Gray+Cinnamon, White",,Ground Plane,FALSE,,FALSE,FALSE,FALSE,FALSE,TRUE,,FALSE,FALSE,FALSE,FALSE,FALSE,FALSE,TRUE,FALSE,,POINT (-73.9579506263361 40.7936973555953)
"-7,397,880,881,654","4,076,901,530,259",3B-AM-1010-04,03B,AM,10102018,4,Juvenile,Gray,,Gray+,,Ground Plane,FALSE,,FALSE,FALSE,FALSE,FALSE,TRUE,,FALSE,FALSE,FALSE,FALSE,FALSE,FALSE,TRUE,FALSE,,POINT (-73.9788088165392 40.7690153025878)
"-7,395,900,740,249","4,079,070,594,247",32E-PM-1017-05,32E,PM,10172018,5,Adult,Gray,,Gray+,,Ground Plane,FALSE,treed area,FALSE,FALSE,FALSE,TRUE,TRUE,,FALSE,FALSE,FALSE,FALSE,FALSE,FALSE,FALSE,TRUE,,POINT (-73.9590074024938 40.7907059424675)
"-7,397,069,882,264","4,076,966,845,669",7H-AM-1006-16,07H,AM,10062018,16,Adult,Gray,Cinnamon,Gray+Cinnamon,,Ground Plane,FALSE,,FALSE,FALSE,FALSE,FALSE,TRUE,,FALSE,FALSE,FALSE,FALSE,FALSE,FALSE,TRUE,FALSE,,POINT (-73.9706988226435 40.7696684566926)
"-7,397,223,594,012","4,077,028,914,746",7G-AM-1010-07,07G,AM,10102018,7,Adult,Gray,White,Gray+White,,Ground Plane,FALSE,,FALSE,FALSE,FALSE,TRUE,FALSE,,FALSE,FALSE,FALSE,FALSE,FALSE,FALSE,FALSE,TRUE,,POINT (-73.9722359401242 40.7702891474555)
"-7,396,032,682,553","4,079,001,545,051",31E-PM-1006-06,31E,PM,10062018,6,Adult,Gray,Cinnamon,Gray+Cinnamon,,Ground Plane,FALSE,,FALSE,TRUE,FALSE,FALSE,FALSE,,FALSE,FALSE,FALSE,TRUE,FALSE,FALSE,TRUE,FALSE,,POINT (-73.9603268255317 40.7900154505092)
"-7,397,101,875,053","4,077,972,656,667",17B-AM-1010-02,17B,AM,10102018,2,Adult,Cinnamon,Gray,Cinnamon+Gray,,Ground Plane,FALSE,,FALSE,FALSE,FALSE,FALSE,TRUE,,FALSE,FALSE,FALSE,FALSE,TRUE,FALSE,TRUE,FALSE,,POINT (-73.9710187505339 40.7797265666746)
"-7,397,030,764,508","4,077,015,842,263",8H-PM-1014-07,08H,PM,10142018,7,Adult,Gray,,Gray+,,Above Ground,5,,FALSE,TRUE,FALSE,FALSE,FALSE,"chasing (#8),playing?",FALSE,FALSE,FALSE,FALSE,FALSE,FALSE,TRUE,FALSE,,POINT (-73.9703076450783 40.770158422629)
"-7,395,686,356,338","4,079,864,188,511",41C-AM-1017-01,41C,AM,10172018,1,Adult,Gray,,Gray+,,Ground Plane,FALSE,,FALSE,FALSE,FALSE,FALSE,TRUE,,FALSE,FALSE,FALSE,TRUE,FALSE,FALSE,TRUE,FALSE,,POINT (-73.95686356337902 40.7986418851147)
"-7,397,113,789,057","4,076,962,183,463",7H-AM-1006-03,07H,AM,10062018,3,Adult,Gray,,Gray+,,Ground Plane,FALSE,on rock (large),FALSE,FALSE,FALSE,FALSE,TRUE,,FALSE,FALSE,FALSE,FALSE,TRUE,FALSE,TRUE,FALSE,,POINT (-73.9711378905748 40.769621834633305)
"-7,395,463,374,469","4,078,987,725,796",33I-PM-1006-08,33I,PM,10062018,8,Adult,Gray,,Gray+,,Above Ground,6,,FALSE,FALSE,TRUE,FALSE,FALSE,,FALSE,FALSE,FALSE,FALSE,TRUE,FALSE,TRUE,FALSE,,POINT (-73.9546337446865 40.7898772579576)
"-7,396,763,140,685","4,077,880,304,069",17E-AM-1017-08,17E,AM,10172018,8,Adult,Gray,,Gray+,,Ground Plane,FALSE,,FALSE,TRUE,FALSE,FALSE,FALSE,,FALSE,FALSE,FALSE,FALSE,FALSE,FALSE,TRUE,FALSE,,POINT (-73.9676314068477 40.7788030406918)
"-7,397,750,992,909","4,076,976,090,631",4C-PM-1010-14,04C,PM,10102018,14,Juvenile,Cinnamon,Gray,Cinnamon+Gray,,Ground Plane,FALSE,,TRUE,TRUE,FALSE,FALSE,FALSE,chasing #15,FALSE,FALSE,FALSE,FALSE,FALSE,FALSE,FALSE,FALSE,,POINT (-73.9775099290913 40.7697609063137)
"-7,396,128,545,061","4,079,208,306,736",32C-PM-1013-04,32C,PM,10132018,4,Juvenile,Gray,,Gray+,,Above Ground,,,TRUE,FALSE,TRUE,FALSE,FALSE,,FALSE,FALSE,FALSE,FALSE,FALSE,FALSE,FALSE,FALSE,,POINT (-73.9612854506075 40.7920830673571)
"-739,617,250,054","407,925,390,432",33B-PM-1010-03,33B,PM,10102018,3,Adult,Gray,,Gray+,,Ground Plane,FALSE,,FALSE,FALSE,FALSE,FALSE,FALSE,,FALSE,FALSE,FALSE,FALSE,TRUE,FALSE,FALSE,TRUE,,POINT (-73.9617250054003 40.7925390432044)
"-7,396,242,097,997","4,079,102,009,728",31C-PM-1010-01,31C,PM,10102018,1,Adult,Gray,White,Gray+White,,Above Ground,3,,FALSE,FALSE,TRUE,FALSE,FALSE,,FALSE,FALSE,FALSE,FALSE,TRUE,FALSE,FALSE,TRUE,,POINT (-73.9624209799704 40.7910200972752)
"-7,397,075,421,899","4,077,170,329,869",9G-PM-1007-04,09G,PM,10072018,4,Adult,Gray,White,Gray+White,,Ground Plane,FALSE,,FALSE,FALSE,FALSE,TRUE,FALSE,,FALSE,FALSE,FALSE,FALSE,FALSE,FALSE,FALSE,FALSE,,POINT (-73.9707542189896 40.77170329868851)
"-7,397,797,608,744","4,076,982,309,366",4C-PM-1010-16,04C,PM,10102018,16,Adult,Gray,White,Gray+White,,Ground Plane,FALSE,,FALSE,FALSE,FALSE,TRUE,TRUE,,FALSE,FALSE,FALSE,FALSE,FALSE,FALSE,TRUE,FALSE,,POINT (-73.9779760874355 40.7698230936583)
"-7,396,829,651,977","4,078,053,789,639",18D-AM-1018-04,18D,AM,10182018,4,Adult,Gray,,Gray+,,Above Ground,2,,FALSE,FALSE,TRUE,FALSE,TRUE,,FALSE,FALSE,FALSE,FALSE,FALSE,FALSE,FALSE,FALSE,,POINT (-73.9682965197661 40.7805378963883)
"-7,397,469,658,949","4,076,643,517,243",2G-AM-1010-03,02G,AM,10102018,3,Adult,Gray,,Gray+,,Ground Plane,FALSE,,FALSE,FALSE,FALSE,TRUE,FALSE,,FALSE,FALSE,FALSE,FALSE,FALSE,FALSE,TRUE,FALSE,,POINT (-73.9746965894947 40.7664351724309)
"-7,395,180,081,496","4,079,537,380,936",40H-AM-1017-01,40H,AM,10172018,1,Adult,Gray,Cinnamon,Gray+Cinnamon,,Ground Plane,FALSE,base of tree,FALSE,FALSE,FALSE,FALSE,TRUE,,FALSE,FALSE,FALSE,FALSE,FALSE,FALSE,FALSE,TRUE,,POINT (-73.9518008149564 40.7953738093588)
"-7,397,468,775,193","4,077,614,028,081",11B-PM-1014-03,11B,PM,10142018,3,,Gray,,Gray+,,Above Ground,10,,FALSE,TRUE,FALSE,FALSE,FALSE,,FALSE,FALSE,FALSE,FALSE,FALSE,FALSE,FALSE,FALSE,,POINT (-73.9746877519291 40.7761402808083)
"-7,396,931,599,347","4,078,312,123,383",21B-PM-1017-03,21B,PM,10172018,3,Juvenile,Cinnamon,White,Cinnamon+White,,Above Ground,1,,FALSE,TRUE,FALSE,FALSE,FALSE,,FALSE,FALSE,FALSE,FALSE,FALSE,FALSE,FALSE,FALSE,,POINT (-73.9693159934697 40.7831212338295)
"-7,396,251,649,465","4,078,847,689,899",28D-PM-1019-02,28D,PM,10192018,2,Adult,Black,,Black+,,Ground Plane,FALSE,,FALSE,FALSE,FALSE,FALSE,TRUE,,FALSE,FALSE,FALSE,FALSE,FALSE,FALSE,FALSE,TRUE,,POINT (-73.962516494651 40.7884768989902)
"-7,397,390,388,322","4,077,303,548,906",9D-AM-1008-03,09D,AM,10082018,3,Adult,Gray,,Gray+,,Ground Plane,FALSE,,FALSE,FALSE,FALSE,FALSE,TRUE,,FALSE,FALSE,FALSE,FALSE,FALSE,FALSE,TRUE,FALSE,,POINT (-73.9739038832156 40.7730354890554)
"-7,395,620,685,376","4,079,673,328,532",39D-AM-1008-01,39D,AM,10082018,1,Adult,Gray,,Gray+,,Ground Plane,FALSE,,FALSE,TRUE,FALSE,FALSE,FALSE,,FALSE,FALSE,FALSE,FALSE,FALSE,FALSE,FALSE,FALSE,,POINT (-73.9562068537632 40.7967332853238)
"-7,397,510,567,148","4,077,320,600,352",8C-PM-1013-03,08C,PM,10132018,3,Juvenile,Gray,White,Gray+White,,Ground Plane,FALSE,,FALSE,FALSE,FALSE,TRUE,FALSE,,FALSE,FALSE,FALSE,TRUE,FALSE,FALSE,TRUE,FALSE,,POINT (-73.9751056714758 40.7732060035215)
"-739,710,288,101","40,771,577,711",9G-PM-1007-01,09G,PM,10072018,1,Adult,Gray,,Gray+,,Above Ground,2,,FALSE,FALSE,TRUE,FALSE,FALSE,climbing (down tree),FALSE,FALSE,FALSE,FALSE,FALSE,FALSE,FALSE,FALSE,,POINT (-73.9710288101006 40.7715777109992)
"-7,396,559,255,274","4,077,600,491,711",15H-PM-1008-05,15H,PM,10082018,5,Adult,Gray,,Gray+,,Ground Plane,FALSE,lawn,FALSE,FALSE,FALSE,FALSE,TRUE,,FALSE,FALSE,FALSE,FALSE,FALSE,FALSE,TRUE,FALSE,,POINT (-73.9655925527354 40.7760049171097)
"-7,397,332,225,313","4,076,499,753,715",1I-PM-1012-01,01I,PM,10122018,1,Juvenile,Gray,"Black, Cinnamon, White","Gray+Black, Cinnamon, White","Gray, Black, & Cinnamon selected as Primary. Gray, Cinnamon, & White selected as Highlights. Made executive adjustments.",Ground Plane,FALSE,,TRUE,FALSE,FALSE,FALSE,FALSE,,FALSE,FALSE,FALSE,FALSE,TRUE,FALSE,FALSE,TRUE,,POINT (-73.9733222531339 40.7649975371546)
"-739,635,412,641","4,079,025,293,546",30B-AM-1007-11,30B,AM,10072018,11,Adult,Gray,,Gray+,,Ground Plane,FALSE,,FALSE,FALSE,FALSE,TRUE,FALSE,,FALSE,FALSE,FALSE,FALSE,FALSE,FALSE,TRUE,FALSE,,POINT (-73.9635412640983 40.7902529354639)
"-7,398,063,779,676","4,076,810,971,683",1B-AM-1012-15,01B,AM,10122018,15,Adult,Gray,,Gray+,,Above Ground,5,,FALSE,FALSE,TRUE,TRUE,FALSE,,FALSE,FALSE,FALSE,FALSE,FALSE,FALSE,TRUE,FALSE,,POINT (-73.9806377967573 40.7681097168268)
"-7,395,328,046,501","4,079,345,793,333",37H-PM-1006-05,37H,PM,10062018,5,,,,+,,Above Ground,,tree,FALSE,FALSE,FALSE,FALSE,FALSE,,FALSE,FALSE,FALSE,FALSE,FALSE,FALSE,FALSE,FALSE,,POINT (-73.9532804650089 40.7934579333341)
"-7,396,859,402,621","4,077,693,210,201",15F-AM-1007-07,15F,AM,10072018,7,Adult,Cinnamon,Black,Cinnamon+Black,,Ground Plane,FALSE,,FALSE,FALSE,FALSE,FALSE,TRUE,,FALSE,FALSE,FALSE,FALSE,FALSE,FALSE,TRUE,FALSE,,POINT (-73.9685940262068 40.776932102013)
"-7,396,820,620,127","4,078,649,843,619",24A-AM-1014-02,24A,AM,10142018,2,Adult,Gray,Cinnamon,Gray+Cinnamon,Blonde? in Highlights,Ground Plane,FALSE,,TRUE,FALSE,FALSE,FALSE,FALSE,,FALSE,FALSE,FALSE,FALSE,FALSE,FALSE,FALSE,FALSE,,POINT (-73.9682062012675 40.786498436192)
"-739,626,560,807","4,078,846,330,499",28D-AM-1012-05,28D,AM,10122018,5,Juvenile,Black,,Black+,,Above Ground,30,,FALSE,FALSE,TRUE,FALSE,FALSE,,FALSE,FALSE,FALSE,FALSE,FALSE,FALSE,FALSE,FALSE,,POINT (-73.9626560807032 40.7884633049896)
"-7,396,533,111,366","4,078,019,349,034",19F-PM-1017-07,19F,PM,10172018,7,Adult,Cinnamon,Gray,Cinnamon+Gray,,Ground Plane,FALSE,,FALSE,FALSE,FALSE,TRUE,FALSE,,FALSE,FALSE,FALSE,FALSE,FALSE,FALSE,TRUE,FALSE,,POINT (-73.9653311136561 40.78019349034301)
"-7,397,822,839,218","4,076,679,326,021",1D-PM-1007-02,01D,PM,10072018,2,Adult,Gray,"Cinnamon, White","Gray+Cinnamon, White",,Ground Plane,FALSE,,FALSE,TRUE,FALSE,FALSE,FALSE,,FALSE,FALSE,FALSE,FALSE,FALSE,FALSE,TRUE,FALSE,,POINT (-73.9782283921819 40.7667932602077)
"-7,396,040,944,813","4,079,514,514,788",36B-PM-1013-01,36B,PM,10132018,1,Adult,Gray,"Cinnamon, White","Gray+Cinnamon, White",,Ground Plane,FALSE,,FALSE,FALSE,FALSE,FALSE,TRUE,,FALSE,FALSE,FALSE,FALSE,TRUE,FALSE,TRUE,FALSE,,POINT (-73.9604094481336 40.7951451478793)
"-7,397,884,363,684","407,691,104,999",3B-AM-1010-05,03B,AM,10102018,5,Adult,Gray,White,Gray+White,,Ground Plane,FALSE,,FALSE,FALSE,FALSE,FALSE,TRUE,,FALSE,FALSE,FALSE,FALSE,FALSE,FALSE,TRUE,FALSE,,POINT (-73.9788436368415 40.7691104998969)
"-7,397,580,936,252","4,077,347,027,378",8B-PM-1012-09,08B,PM,10122018,9,Adult,Gray,Cinnamon,Gray+Cinnamon,,Above Ground,,tree,TRUE,FALSE,TRUE,FALSE,FALSE,,FALSE,FALSE,FALSE,FALSE,FALSE,FALSE,FALSE,TRUE,,POINT (-73.975809362521 40.7734702737835)
"-7,396,236,214,125","407,814,673,556",22H-PM-1007-03,22H,PM,10072018,3,Adult,Gray,White,Gray+White,,Above Ground,4,chased squirrel #2 away,FALSE,FALSE,TRUE,FALSE,TRUE,,FALSE,FALSE,FALSE,FALSE,FALSE,FALSE,TRUE,FALSE,,POINT (-73.9623621412501 40.7814673556041)
"-7,397,921,614,692","4,076,792,854,363",2C-PM-1013-10,02C,PM,10132018,10,Adult,Gray,White,Gray+White,,Ground Plane,FALSE,,FALSE,FALSE,FALSE,FALSE,FALSE,,FALSE,FALSE,FALSE,FALSE,FALSE,FALSE,FALSE,FALSE,,POINT (-73.9792161469158 40.7679285436253)
"-7,397,212,103,729","4,076,679,714,761",4I-AM-1006-02,04I,AM,10062018,2,Adult,Gray,Cinnamon,Gray+Cinnamon,,Ground Plane,FALSE,,FALSE,FALSE,FALSE,TRUE,TRUE,,FALSE,FALSE,FALSE,FALSE,FALSE,FALSE,TRUE,FALSE,,POINT (-73.9721210372896 40.7667971476099)
"-7,396,180,763,594","4,079,478,087,182",35A-PM-1013-05,35A,PM,10132018,5,Adult,Gray,,Gray+,,Above Ground,3,in tree,FALSE,FALSE,TRUE,FALSE,FALSE,,FALSE,FALSE,FALSE,FALSE,FALSE,FALSE,FALSE,FALSE,,POINT (-73.9618076359384 40.7947808718203)
"-7,397,918,261,971","4,076,857,784,475",2B-AM-1010-08,02B,AM,10102018,8,Juvenile,Cinnamon,"Gray, White","Cinnamon+Gray, White",,Ground Plane,FALSE,,FALSE,FALSE,FALSE,TRUE,TRUE,,FALSE,FALSE,FALSE,FALSE,FALSE,FALSE,TRUE,FALSE,,POINT (-73.9791826197108 40.768577844752)
"-7,397,829,402,311","4,076,942,360,972",4B-PM-1018-05,04B,PM,10182018,5,Adult,Gray,,Gray+,,Ground Plane,FALSE,,FALSE,FALSE,FALSE,TRUE,FALSE,,FALSE,FALSE,FALSE,FALSE,FALSE,FALSE,TRUE,FALSE,,POINT (-73.9782940231149 40.7694236097224)
"-7,397,287,975,314","4,077,867,331,487",15B-PM-1017-01,15B,PM,10172018,1,,Gray,,Gray+,,Above Ground,20,in tree,FALSE,FALSE,TRUE,FALSE,TRUE,,FALSE,FALSE,FALSE,FALSE,FALSE,FALSE,TRUE,FALSE,,POINT (-73.9728797531377 40.7786733148687)
"-7,397,420,107,261","4,076,915,016,993",5F-AM-1007-03,05F,AM,10072018,3,Adult,Gray,Cinnamon,Gray+Cinnamon,,Ground Plane,FALSE,,FALSE,FALSE,FALSE,FALSE,TRUE,,FALSE,FALSE,FALSE,FALSE,FALSE,FALSE,FALSE,FALSE,,POINT (-73.9742010726136 40.769150169929006)
"-7,396,811,468,302","4,077,367,722,794",12H-PM-1007-06,12H,PM,10072018,6,Adult,Gray,Cinnamon,Gray+Cinnamon,,Ground Plane,FALSE,,FALSE,FALSE,FALSE,FALSE,TRUE,,FALSE,FALSE,FALSE,FALSE,FALSE,FALSE,FALSE,FALSE,,POINT (-73.9681146830162 40.7736772279412)
"-7,397,671,001,013","407,675,779,952",2E-PM-1014-03,02E,PM,10142018,3,Adult,Gray,White,Gray+White,,Ground Plane,FALSE,,FALSE,FALSE,FALSE,FALSE,FALSE,,FALSE,FALSE,FALSE,FALSE,FALSE,FALSE,TRUE,FALSE,,POINT (-73.9767100101318 40.7675779951996)
"-7,397,555,625,268","4,076,788,210,295",3E-AM-1006-07,03E,AM,10062018,7,Adult,Gray,Cinnamon,Gray+Cinnamon,,Ground Plane,FALSE,,FALSE,FALSE,FALSE,FALSE,FALSE,burying nuts,FALSE,FALSE,FALSE,FALSE,FALSE,FALSE,FALSE,FALSE,,POINT (-73.9755562526811 40.7678821029525)
"-7,397,648,512,318","4,077,157,368,629",6C-AM-1007-07,06C,AM,10072018,7,Adult,Gray,Cinnamon,Gray+Cinnamon,,Ground Plane,FALSE,,FALSE,FALSE,TRUE,FALSE,FALSE,ambling,FALSE,FALSE,FALSE,FALSE,FALSE,TRUE,FALSE,TRUE,trucks,POINT (-73.9764851231754 40.7715736862861)
"-739,682,830,511","4,078,101,510,873",19D-PM-1008-03,19D,PM,10082018,3,Adult,Gray,"Cinnamon, White","Gray+Cinnamon, White",may be same squirrel as #1 - male,Above Ground,5,on branch of dead tree,FALSE,FALSE,FALSE,TRUE,FALSE,,FALSE,FALSE,FALSE,FALSE,FALSE,FALSE,TRUE,FALSE,,POINT (-73.9682830510954 40.7810151087286)
"-7,396,943,449,563","4,077,428,692,769",12G-PM-1007-01,12G,PM,10072018,1,,Gray,,Gray+,,Above Ground,40,in tree,FALSE,TRUE,FALSE,FALSE,FALSE,,FALSE,FALSE,FALSE,FALSE,FALSE,FALSE,FALSE,FALSE,,POINT (-73.9694344956258 40.7742869276902)
"-7,395,581,188,871","4,079,688,571,344",39E-PM-1013-01,39E,PM,10132018,1,Adult,Gray,Cinnamon,Gray+Cinnamon,Cinnamon head,Ground Plane,FALSE,,FALSE,FALSE,FALSE,FALSE,TRUE,,FALSE,FALSE,FALSE,FALSE,FALSE,FALSE,FALSE,TRUE,,POINT (-73.9558118887106 40.796885713436005)
"-7,396,360,276,644","4,079,007,596,659",30B-PM-1019-01,30B,PM,10192018,1,Adult,Gray,"Cinnamon, White","Gray+Cinnamon, White",,Ground Plane,FALSE,,TRUE,FALSE,FALSE,TRUE,TRUE,,FALSE,FALSE,FALSE,FALSE,TRUE,FALSE,FALSE,TRUE,,POINT (-73.9636027664439 40.790075966587)
"-7,397,452,041,691","4,077,362,828,685",9C-AM-1006-01,09C,AM,10062018,1,Adult,Gray,,Gray+,,Above Ground,40,Tree,TRUE,FALSE,FALSE,FALSE,FALSE,,FALSE,FALSE,FALSE,FALSE,TRUE,FALSE,FALSE,FALSE,,POINT (-73.9745204169071 40.7736282868469)
"-7,397,122,650,228","4,077,837,909,912",15C-PM-1017-04,15C,PM,10172018,4,Adult,Gray,Cinnamon,Gray+Cinnamon,,Ground Plane,FALSE,,FALSE,FALSE,FALSE,TRUE,TRUE,,FALSE,FALSE,FALSE,FALSE,FALSE,TRUE,FALSE,FALSE,,POINT (-73.9712265022781 40.7783790991192)
"-7,397,182,482,735","40,780,199,897",17A-PM-1013-01,17A,PM,10132018,1,Adult,Gray,,Gray+,,Ground Plane,FALSE,,FALSE,FALSE,FALSE,FALSE,TRUE,crossing path,FALSE,FALSE,FALSE,FALSE,FALSE,FALSE,TRUE,FALSE,,POINT (-73.9718248273522 40.78019989700291)
"-7,395,421,186,148","4,079,391,713,955",37G-AM-1014-06,37G,AM,10142018,6,Adult,Gray,White,Gray+White,White tail,Ground Plane,FALSE,,FALSE,FALSE,FALSE,FALSE,TRUE,,FALSE,FALSE,FALSE,FALSE,FALSE,FALSE,TRUE,FALSE,,POINT (-73.95421186147692 40.7939171395463)
"-7,397,483,673,444","407,693,513",5E-PM-1012-06,05E,PM,10122018,6,Adult,Cinnamon,"Gray, White","Cinnamon+Gray, White",,Above Ground,10,oak tree at end of ramp from Chess House,TRUE,FALSE,FALSE,FALSE,FALSE,,FALSE,FALSE,FALSE,FALSE,FALSE,FALSE,FALSE,TRUE,,POINT (-73.9748367344424 40.7693513000034)
"-7,396,139,989,679","4,079,124,372,357",32C-PM-1013-02,32C,PM,10132018,2,Adult,Gray,,Gray+,,Ground Plane,FALSE,,FALSE,TRUE,FALSE,FALSE,FALSE,,FALSE,FALSE,FALSE,FALSE,TRUE,FALSE,FALSE,FALSE,,POINT (-73.9613998967903 40.7912437235667)
"-7,395,575,430,068","4,079,568,139,974",38E-PM-1014-02,38E,PM,10142018,2,Adult,Gray,White,Gray+White,,Ground Plane,FALSE,,FALSE,FALSE,FALSE,FALSE,TRUE,,FALSE,FALSE,FALSE,FALSE,FALSE,FALSE,TRUE,FALSE,,POINT (-73.955754300682 40.79568139974)
"-7,396,573,273,328","407,747,554,569",14I-PM-1018-03,14I,PM,10182018,3,Juvenile,Gray,Black,Gray+Black,,Above Ground,4,,FALSE,FALSE,TRUE,FALSE,FALSE,,FALSE,FALSE,FALSE,FALSE,FALSE,FALSE,TRUE,FALSE,,POINT (-73.9657327332849 40.7747554568985)
"-7,395,274,305,102","4,079,248,079,506",36I-PM-1007-12,36I,PM,10072018,12,Juvenile,Gray,Cinnamon,Gray+Cinnamon,Tiny! So tiny!,Above Ground,2,,FALSE,FALSE,FALSE,FALSE,TRUE,,FALSE,FALSE,FALSE,FALSE,FALSE,FALSE,FALSE,FALSE,,POINT (-73.9527430510248 40.7924807950552)
"-7,397,359,899,155","407,783,020,017",14A-PM-1014-03,14A,PM,10142018,3,Adult,Gray,"Cinnamon, White","Gray+Cinnamon, White",,Ground Plane,FALSE,,FALSE,TRUE,FALSE,FALSE,FALSE,chasing (#4),FALSE,FALSE,FALSE,FALSE,FALSE,FALSE,TRUE,FALSE,,POINT (-73.973598991549 40.7783020016983)
"-7,395,244,907,791","4,079,360,032,195",38I-AM-1019-01,38I,AM,10192018,1,Adult,Gray,Cinnamon,Gray+Cinnamon,,Ground Plane,FALSE,,TRUE,FALSE,FALSE,FALSE,FALSE,,FALSE,FALSE,FALSE,FALSE,FALSE,FALSE,TRUE,FALSE,,POINT (-73.9524490779105 40.7936003219524)
"-7,397,612,239,193","4,076,859,982,759",4E-PM-1008-06,04E,PM,10082018,6,Adult,Gray,Cinnamon,Gray+Cinnamon,,,,,FALSE,FALSE,FALSE,TRUE,TRUE,,FALSE,FALSE,FALSE,FALSE,FALSE,FALSE,TRUE,FALSE,,POINT (-73.9761223919286 40.7685998275864)
"-7,397,019,267,363","4,077,785,876,874",15D-AM-1007-02,15D,AM,10072018,2,Adult,Gray,,Gray+,,Ground Plane,FALSE,,TRUE,FALSE,FALSE,FALSE,FALSE,,FALSE,FALSE,FALSE,FALSE,FALSE,FALSE,FALSE,TRUE,,POINT (-73.9701926736281 40.7778587687376)
"-7,395,623,628,168","407,950,457,219",38E-AM-1010-08,38E,AM,10102018,8,Adult,Gray,Cinnamon,Gray+Cinnamon,,Ground Plane,FALSE,,FALSE,FALSE,FALSE,FALSE,TRUE,,FALSE,FALSE,FALSE,FALSE,FALSE,FALSE,TRUE,FALSE,,POINT (-73.9562362816756 40.7950457218996)
"-739,674,984,567","4,077,459,382,687",13H-PM-1010-04,13H,PM,10102018,4,Adult,Gray,,Gray+,,Ground Plane,FALSE,,FALSE,FALSE,FALSE,TRUE,FALSE,,FALSE,FALSE,FALSE,FALSE,FALSE,FALSE,TRUE,FALSE,,POINT (-73.9674984567017 40.7745938268705)
"-7,395,416,014,691","4,079,078,327,447",34I-PM-1010-04,34I,PM,10102018,4,Adult,Gray,,Gray+,,Ground Plane,FALSE,across the lawn and climb up a small tree,TRUE,FALSE,TRUE,FALSE,FALSE,grooming,FALSE,FALSE,FALSE,FALSE,FALSE,FALSE,FALSE,FALSE,,POINT (-73.9541601469123 40.79078327446891)
"-7,395,681,084,651","4,079,717,270,261",39D-AM-1008-05,39D,AM,10082018,5,Adult,Gray,,Gray+,,Ground Plane,FALSE,,FALSE,FALSE,FALSE,FALSE,FALSE,,FALSE,FALSE,FALSE,FALSE,FALSE,FALSE,FALSE,FALSE,,POINT (-73.95681084650862 40.7971727026108)
"-7,397,338,984,873","4,076,669,751,315",3H-PM-1014-02,03H,PM,10142018,2,Adult,Gray,Cinnamon,Gray+Cinnamon,,Ground Plane,FALSE,,TRUE,FALSE,FALSE,FALSE,FALSE,,FALSE,FALSE,FALSE,FALSE,TRUE,FALSE,FALSE,TRUE,,POINT (-73.9733898487296 40.7666975131518)
"-7,395,941,746,056","4,079,731,286,538",38B-AM-1019-02,38B,AM,10192018,2,Juvenile,Gray,"Cinnamon, White","Gray+Cinnamon, White",,Ground Plane,FALSE,,FALSE,FALSE,FALSE,TRUE,TRUE,,FALSE,FALSE,FALSE,FALSE,TRUE,FALSE,TRUE,FALSE,,POINT (-73.9594174605642 40.7973128653773)
"-7,395,680,691,399","4,079,877,369,009",41C-AM-1017-06,41C,AM,10172018,6,Adult,Gray,,Gray+,,Above Ground,4,,FALSE,FALSE,TRUE,FALSE,FALSE,,TRUE,FALSE,FALSE,FALSE,FALSE,FALSE,TRUE,FALSE,,POINT (-73.956806913988 40.7987736900857)
"-7,395,861,842,329","4,079,931,538,329",41A-PM-1007-02,41A,PM,10072018,2,Adult,Black,,Black+,,Above Ground,15,,FALSE,FALSE,TRUE,FALSE,FALSE,jumping,FALSE,FALSE,FALSE,FALSE,FALSE,FALSE,FALSE,FALSE,stared at me,POINT (-73.9586184232889 40.7993153832942)
"-7,396,739,190,758","4,077,868,457,692",17F-PM-1020-05,17F,PM,10202018,5,Adult,Gray,,Gray+,,Ground Plane,FALSE,,TRUE,FALSE,FALSE,FALSE,FALSE,,FALSE,FALSE,FALSE,FALSE,FALSE,FALSE,FALSE,FALSE,,POINT (-73.9673919075839 40.7786845769177)
"-7,396,793,197,583","4,078,211,548,024",20C-PM-1018-07,20C,PM,10182018,7,Juvenile,Cinnamon,White,Cinnamon+White,,Ground Plane,FALSE,,TRUE,FALSE,FALSE,FALSE,FALSE,,FALSE,FALSE,FALSE,FALSE,FALSE,FALSE,FALSE,FALSE,,POINT (-73.9679319758284 40.7821154802399)
"-7,397,877,230,828","407,713,655,754",5A-PM-1010-03,05A,PM,10102018,3,Adult,Gray,,Gray+,,Above Ground,30,,FALSE,FALSE,TRUE,FALSE,FALSE,,FALSE,FALSE,FALSE,FALSE,FALSE,FALSE,FALSE,FALSE,,POINT (-73.9787723082807 40.7713655754004)
"-7,397,496,415,759","4,076,733,050,563",3F-AM-1006-05,03F,AM,10062018,5,Adult,Cinnamon,Gray,Cinnamon+Gray,,Above Ground,3,,FALSE,FALSE,TRUE,TRUE,FALSE,,FALSE,FALSE,FALSE,FALSE,FALSE,FALSE,FALSE,TRUE,,POINT (-73.9749641575871 40.7673305056277)
"-739,745,908,988","4,076,551,915,123",1G-AM-1006-03,01G,AM,10062018,3,Adult,Black,Cinnamon,Black+Cinnamon,,Ground Plane,FALSE,,FALSE,TRUE,FALSE,FALSE,TRUE,,FALSE,FALSE,FALSE,FALSE,FALSE,TRUE,FALSE,FALSE,,POINT (-73.9745908987975 40.7655191512308)
"-7,397,081,083,123","4,077,739,757,761",14D-PM-1019-09,14D,PM,10192018,9,Adult,Gray,Cinnamon,Gray+Cinnamon,,Ground Plane,FALSE,,TRUE,FALSE,FALSE,FALSE,FALSE,,FALSE,FALSE,FALSE,FALSE,FALSE,FALSE,FALSE,TRUE,,POINT (-73.9708108312271 40.7773975776146)
"-7,396,997,808,573","4,076,887,060,469",6I-PM-1013-01,06I,PM,10132018,1,Adult,Gray,Black,Gray+Black,,Ground Plane,FALSE,,TRUE,FALSE,FALSE,FALSE,FALSE,,FALSE,FALSE,FALSE,FALSE,TRUE,FALSE,TRUE,FALSE,,POINT (-73.9699780857298 40.7688706046944)
"-7,395,469,965,964","4,079,513,088,569",38F-AM-1018-02,38F,AM,10182018,2,Adult,Gray,"Cinnamon, White","Gray+Cinnamon, White",,Ground Plane,FALSE,,TRUE,FALSE,FALSE,FALSE,FALSE,,FALSE,FALSE,FALSE,FALSE,FALSE,FALSE,TRUE,FALSE,,POINT (-73.954699659637 40.7951308856929)
"-7,397,399,807,737","4,077,390,291,339",10C-PM-1013-01,10C,PM,10132018,1,Adult,Gray,Cinnamon,Gray+Cinnamon,,Ground Plane,FALSE,,FALSE,FALSE,FALSE,FALSE,TRUE,,FALSE,FALSE,FALSE,FALSE,TRUE,FALSE,FALSE,TRUE,,POINT (-73.973998077367 40.7739029133911)
"-7,397,107,389,601","4,077,232,658,105",10F-PM-1019-07,10F,PM,10192018,7,Adult,Gray,Cinnamon,Gray+Cinnamon,,Above Ground,10,Same tree (as #6),FALSE,FALSE,TRUE,FALSE,FALSE,,FALSE,FALSE,FALSE,FALSE,FALSE,FALSE,TRUE,FALSE,,POINT (-73.97107389601 40.7723265810536)
"-7,397,212,630,505","4,076,987,638,462",7G-PM-1018-01,07G,PM,10182018,1,Adult,Gray,"Cinnamon, White","Gray+Cinnamon, White",,Ground Plane,FALSE,,FALSE,FALSE,FALSE,TRUE,FALSE,,FALSE,FALSE,FALSE,FALSE,FALSE,FALSE,TRUE,FALSE,,POINT (-73.9721263050502 40.7698763846186)
"-7,397,643,140,914","407,736,458,058",8B-AM-1007-02,08B,AM,10072018,2,Adult,Gray,,Gray+,,Above Ground,20,,FALSE,FALSE,TRUE,FALSE,FALSE,,FALSE,FALSE,FALSE,FALSE,FALSE,FALSE,TRUE,FALSE,,POINT (-73.9764314091366 40.773645805795205)
"-7,395,292,248,024","4,079,618,957,636",40G-PM-1013-05,40G,PM,10132018,5,Adult,Gray,,Gray+,,Ground Plane,FALSE,,TRUE,FALSE,FALSE,FALSE,FALSE,,FALSE,FALSE,FALSE,FALSE,FALSE,FALSE,FALSE,TRUE,runs from (to the tree),POINT (-73.9529224802393 40.7961895763649)
"-7,396,802,372,096","4,077,170,222,082",10I-AM-1010-04,10I,AM,10102018,4,Adult,Gray,White,Gray+White,,Ground Plane,FALSE,,FALSE,FALSE,FALSE,FALSE,TRUE,,FALSE,FALSE,FALSE,FALSE,FALSE,FALSE,TRUE,FALSE,,POINT (-73.9680237209555 40.7717022208225)
"-7,397,033,141,624","4,077,858,477,614",16D-PM-1010-12,16D,PM,10102018,12,Adult,Gray,,Gray+,,Ground Plane,FALSE,,FALSE,FALSE,FALSE,TRUE,TRUE,,FALSE,FALSE,FALSE,FALSE,FALSE,FALSE,TRUE,FALSE,,POINT (-73.9703314162405 40.778584776139)
"-7,397,013,798,061","4,077,852,348,124",16D-PM-1010-11,16D,PM,10102018,11,Adult,Gray,,Gray+,,Ground Plane,FALSE,,FALSE,FALSE,FALSE,FALSE,TRUE,,FALSE,FALSE,FALSE,FALSE,FALSE,FALSE,TRUE,FALSE,,POINT (-73.9701379806066 40.7785234812393)
"-7,396,840,584,769","4,077,539,598,338",13G-PM-1008-02,13G,PM,10082018,2,Juvenile,Gray,,Gray+,,Above Ground,15,willow oak tree,FALSE,FALSE,TRUE,FALSE,TRUE,,FALSE,FALSE,FALSE,FALSE,FALSE,FALSE,TRUE,FALSE,,POINT (-73.9684058476942 40.7753959833776)
"-7,396,919,687,485","4,077,658,629,962",14E-AM-1008-14,14E,AM,10082018,14,Adult,Gray,,Gray+,,Ground Plane,FALSE,,TRUE,FALSE,FALSE,FALSE,FALSE,,FALSE,FALSE,FALSE,FALSE,FALSE,FALSE,TRUE,FALSE,,POINT (-73.9691968748482 40.7765862996192)
"-7,397,000,666,591","4,077,440,288,202",12F-PM-1007-13,12F,PM,10072018,13,Adult,Gray,Cinnamon,Gray+Cinnamon,,Ground Plane,FALSE,,FALSE,FALSE,FALSE,TRUE,TRUE,,FALSE,FALSE,FALSE,FALSE,FALSE,FALSE,TRUE,FALSE,,POINT (-73.9700066659086 40.7744028820163)
"-739,689,227,468","4,078,375,416,075",21B-AM-1019-03,21B,AM,10192018,3,Juvenile,Gray,Cinnamon,Gray+Cinnamon,,Ground Plane,FALSE,,FALSE,FALSE,FALSE,FALSE,TRUE,,FALSE,FALSE,FALSE,FALSE,FALSE,FALSE,TRUE,FALSE,,POINT (-73.9689227467959 40.7837541607494)
"-7,395,883,455,469","407,991,830,272",40A-PM-1014-02,40A,PM,10142018,2,Adult,Gray,,Gray+,,Ground Plane,FALSE,,TRUE,FALSE,FALSE,FALSE,FALSE,,FALSE,FALSE,FALSE,FALSE,FALSE,FALSE,FALSE,TRUE,runs from (ran from base of tree into bushes),POINT (-73.9588345546879 40.7991830272008)
"-7,397,720,701,223","4,076,943,433,525",4C-PM-1010-02,04C,PM,10102018,2,Adult,Cinnamon,Gray,Cinnamon+Gray,,Ground Plane,FALSE,,TRUE,FALSE,FALSE,FALSE,TRUE,,FALSE,FALSE,FALSE,FALSE,FALSE,FALSE,TRUE,FALSE,,POINT (-73.97720701222511 40.7694343352509)
"-7,396,998,765,017","4,077,424,826,768",12F-PM-1007-06,12F,PM,10072018,6,Adult,Gray,"Cinnamon, White","Gray+Cinnamon, White",,Ground Plane,FALSE,,TRUE,TRUE,FALSE,FALSE,TRUE,,FALSE,FALSE,FALSE,TRUE,FALSE,FALSE,TRUE,FALSE,,POINT (-73.9699876501742 40.77424826767581)
"-7,395,289,376,605","4,079,229,190,745",36I-AM-1017-01,36I,AM,10172018,1,Adult,Gray,White,Gray+White,,Ground Plane,FALSE,,TRUE,FALSE,FALSE,TRUE,TRUE,,FALSE,FALSE,FALSE,FALSE,TRUE,FALSE,FALSE,TRUE,runs from (me!)—from a pretty big distance,POINT (-73.9528937660465 40.7922919074537)
"-7,396,980,649,011","4,078,425,381,158",21A-AM-1019-03,21A,AM,10192018,3,Adult,Gray,,Gray+,,Ground Plane,FALSE,Tree & ground,FALSE,TRUE,FALSE,FALSE,FALSE,,FALSE,FALSE,FALSE,FALSE,FALSE,FALSE,TRUE,FALSE,,POINT (-73.9698064901149 40.78425381158391)
"-7,397,746,308,219","4,076,806,266,741",3D-PM-1010-11,03D,PM,10102018,11,Adult,Gray,White,Gray+White,,Ground Plane,FALSE,,TRUE,FALSE,FALSE,FALSE,TRUE,,FALSE,FALSE,FALSE,FALSE,FALSE,FALSE,FALSE,FALSE,,POINT (-73.9774630821854 40.76806266740861)
"-7,395,887,144,133","4,078,957,871,154",31F-PM-1007-03,31F,PM,10072018,3,Adult,Gray,White,Gray+White,white belly,Ground Plane,FALSE,,FALSE,FALSE,FALSE,FALSE,TRUE,,FALSE,FALSE,FALSE,FALSE,TRUE,FALSE,FALSE,TRUE,,POINT (-73.9588714413332 40.7895787115444)
"-739,797,112,925","4,076,880,467,785",2B-PM-1013-09,02B,PM,10132018,9,Adult,Gray,White,Gray+White,,Above Ground,30,,TRUE,FALSE,FALSE,FALSE,FALSE,,FALSE,FALSE,FALSE,FALSE,FALSE,FALSE,FALSE,FALSE,,POINT (-73.9797112925048 40.7688046778472)
"-7,396,935,046,174","4,078,306,787,094",21B-PM-1017-02,21B,PM,10172018,2,Juvenile,Cinnamon,White,Cinnamon+White,,Above Ground,1,,FALSE,TRUE,FALSE,FALSE,FALSE,,FALSE,TRUE,FALSE,FALSE,FALSE,FALSE,FALSE,FALSE,stood on hind legs with front legs on the chest,POINT (-73.9693504617353 40.7830678709405)
"-7,396,278,191,127","4,078,868,773,604",29D-AM-1014-02,29D,AM,10142018,2,Adult,Gray,,Gray+,,Ground Plane,FALSE,,FALSE,FALSE,FALSE,FALSE,TRUE,,FALSE,FALSE,FALSE,FALSE,FALSE,FALSE,TRUE,FALSE,,POINT (-73.9627819112681 40.7886877360376)
"-7,396,328,661,428","4,078,900,432,944",29C-PM-1006-01,29C,PM,10062018,1,Adult,Gray,Cinnamon,Gray+Cinnamon,,Ground Plane,FALSE,,FALSE,FALSE,TRUE,FALSE,TRUE,,FALSE,FALSE,FALSE,FALSE,FALSE,FALSE,FALSE,FALSE,not too shy,POINT (-73.96328661428412 40.78900432944361)
"-7,396,374,408,471","4,078,914,274,194",29C-AM-1007-04,29C,AM,10072018,4,Adult,Gray,Cinnamon,Gray+Cinnamon,,Ground Plane,FALSE,,FALSE,FALSE,FALSE,FALSE,TRUE,,FALSE,FALSE,FALSE,FALSE,FALSE,TRUE,FALSE,FALSE,,POINT (-73.9637440847107 40.7891427419372)
"-7,395,453,837,192","4,078,997,112,638",33I-PM-1006-03,33I,PM,10062018,3,Adult,Gray,,Gray+,,Ground Plane,FALSE,,FALSE,FALSE,FALSE,FALSE,TRUE,,FALSE,FALSE,FALSE,FALSE,FALSE,FALSE,FALSE,TRUE,,POINT (-73.95453837191882 40.7899711263765)
"-7,397,562,782,402","4,076,695,237,014",2F-AM-1006-02,02F,AM,10062018,2,Adult,Gray,Cinnamon,Gray+Cinnamon,,Above Ground,5,in tree,FALSE,FALSE,TRUE,FALSE,FALSE,,FALSE,FALSE,FALSE,FALSE,FALSE,FALSE,TRUE,FALSE,,POINT (-73.9756278240233 40.7669523701372)
"-7,396,021,977,629","40,793,685,057",35C-PM-1013-07,35C,PM,10132018,7,Adult,Gray,,Gray+,,Ground Plane,FALSE,,FALSE,FALSE,FALSE,FALSE,TRUE,,FALSE,FALSE,FALSE,FALSE,FALSE,FALSE,FALSE,FALSE,,POINT (-73.9602197762862 40.7936850570022)
"-7,397,437,951,901","407,692,030,411",5E-AM-1008-05,05E,AM,10082018,5,Adult,Gray,Cinnamon,Gray+Cinnamon,,Above Ground,1,,FALSE,FALSE,FALSE,FALSE,TRUE,,FALSE,FALSE,FALSE,FALSE,FALSE,FALSE,TRUE,FALSE,,POINT (-73.9743795190073 40.7692030411004)
"-7,395,423,325,052","4,079,334,751,714",37G-AM-1014-01,37G,AM,10142018,1,Adult,Gray,White,Gray+White,White tail,Above Ground,5,,FALSE,FALSE,TRUE,FALSE,FALSE,,FALSE,FALSE,FALSE,FALSE,FALSE,FALSE,TRUE,FALSE,,POINT (-73.9542332505231 40.7933475171434)
"-7,395,813,898,706","4,079,930,811,225",41A-PM-1007-04,41A,PM,10072018,4,Adult,Gray,,Gray+,,Above Ground,20,,TRUE,FALSE,TRUE,FALSE,FALSE,laid down on the branch,FALSE,FALSE,FALSE,FALSE,FALSE,FALSE,FALSE,TRUE,,POINT (-73.9581389870644 40.799308112252305)
"-7,395,443,722,977","4,079,421,131,641",37G-PM-1007-02,37G,PM,10072018,2,Adult,Gray,,Gray+,,Ground Plane,FALSE,ran under dumpster w/ nut,FALSE,FALSE,FALSE,FALSE,FALSE,,FALSE,FALSE,FALSE,FALSE,FALSE,FALSE,FALSE,FALSE,,POINT (-73.9544372297722 40.7942113164104)
"-7,397,256,692,102","407,681,496,989",5H-AM-1007-01,05H,AM,10072018,1,Adult,Gray,Cinnamon,Gray+Cinnamon,,,,,FALSE,FALSE,FALSE,FALSE,TRUE,,FALSE,FALSE,FALSE,FALSE,FALSE,FALSE,FALSE,FALSE,,POINT (-73.9725669210177 40.7681496989029)
"-7,396,460,230,532","407,810,680,044",20F-PM-1007-14,20F,PM,10072018,14,Adult,Gray,White,Gray+White,,Ground Plane,FALSE,,FALSE,FALSE,FALSE,TRUE,FALSE,,FALSE,FALSE,FALSE,FALSE,FALSE,FALSE,TRUE,FALSE,,POINT (-73.9646023053207 40.78106800440241)
"-739,744,279,649","4,077,777,606,122",13A-PM-1014-01,13A,PM,10142018,1,Adult,Gray,,Gray+,,Ground Plane,FALSE,,FALSE,FALSE,FALSE,FALSE,FALSE,,FALSE,FALSE,FALSE,FALSE,FALSE,FALSE,TRUE,FALSE,,POINT (-73.9744279648953 40.7777760612191)
"-7,395,330,859,326","4,079,348,778,611",37H-PM-1006-03,37H,PM,10062018,3,,,,+,,Above Ground,43,tree,FALSE,FALSE,TRUE,FALSE,FALSE,,TRUE,FALSE,FALSE,FALSE,FALSE,FALSE,FALSE,FALSE,,POINT (-73.9533085932603 40.7934877861075)
"-7,396,169,725,573","4,079,538,728,294",36A-PM-1013-03,36A,PM,10132018,3,Juvenile,Cinnamon,,Cinnamon+,"COULD HAVE BEEN CHIPPY, DEEP BROWN",Ground Plane,FALSE,,TRUE,FALSE,FALSE,FALSE,FALSE,,FALSE,FALSE,FALSE,FALSE,FALSE,FALSE,FALSE,TRUE,,POINT (-73.9616972557304 40.7953872829374)
"-7,395,848,243,617","407,934,247,634",35D-PM-1013-02,35D,PM,10132018,2,Adult,Gray,White,Gray+White,,Above Ground,24,,FALSE,FALSE,TRUE,FALSE,FALSE,,FALSE,FALSE,FALSE,FALSE,FALSE,FALSE,TRUE,FALSE,,POINT (-73.9584824361655 40.7934247634031)
"-739,697,569,656","4,077,864,550,917",16D-PM-1010-02,16D,PM,10102018,2,Adult,Gray,,Gray+,,Ground Plane,FALSE,,FALSE,FALSE,FALSE,TRUE,TRUE,,FALSE,FALSE,FALSE,FALSE,FALSE,FALSE,TRUE,FALSE,,POINT (-73.969756965598 40.7786455091699)
"-7,396,752,688,774","4,077,504,096,817",13H-AM-1013-01,13H,AM,10132018,1,Adult,Gray,White,Gray+White,,Above Ground,5,,FALSE,FALSE,TRUE,FALSE,FALSE,,FALSE,FALSE,FALSE,FALSE,FALSE,FALSE,TRUE,FALSE,,POINT (-73.9675268877392 40.7750409681718)
"-7,396,679,115,652","407,793,219,011",18F-AM-1014-02,18F,AM,10142018,2,Adult,Gray,,Gray+,,Ground Plane,FALSE,In small tree by water,FALSE,FALSE,FALSE,TRUE,TRUE,,FALSE,TRUE,FALSE,FALSE,FALSE,FALSE,TRUE,FALSE,,POINT (-73.9667911565238 40.77932190109801)
"-7,395,655,494,853","407,989,823,715",41C-AM-1017-03,41C,AM,10172018,3,Adult,Gray,White,Gray+White,,Ground Plane,FALSE,,FALSE,FALSE,FALSE,FALSE,TRUE,,FALSE,FALSE,FALSE,FALSE,FALSE,FALSE,TRUE,FALSE,,POINT (-73.9565549485301 40.7989823714955)
"-7,395,401,518,288","4,079,200,661,706",35H-AM-1013-01,35H,AM,10132018,1,Adult,Cinnamon,Gray,Cinnamon+Gray,,Above Ground,15,Climbing up tree,FALSE,FALSE,TRUE,FALSE,FALSE,,FALSE,FALSE,FALSE,FALSE,TRUE,FALSE,FALSE,TRUE,,POINT (-73.9540151828782 40.7920066170587)
"-7,396,964,456,141","4,077,914,862,036",17D-AM-1008-05,17D,AM,10082018,5,Juvenile,Gray,,Gray+,,Above Ground,2,,FALSE,FALSE,TRUE,FALSE,FALSE,,FALSE,FALSE,FALSE,FALSE,FALSE,FALSE,TRUE,FALSE,,POINT (-73.9696445614055 40.7791486203627)
"-7,397,047,902,632","4,077,622,706,457",13E-AM-1017-01,13E,AM,10172018,1,Adult,Gray,,Gray+,,Ground Plane,FALSE,in middle of path,FALSE,FALSE,FALSE,FALSE,TRUE,,FALSE,FALSE,FALSE,FALSE,FALSE,FALSE,TRUE,FALSE,,POINT (-73.9704790263224 40.7762270645666)
"-7,396,249,054,313","4,079,353,890,388",33A-PM-1018-01,33A,PM,10182018,1,Adult,Gray,,Gray+,,Ground Plane,FALSE,,FALSE,FALSE,FALSE,FALSE,TRUE,,FALSE,FALSE,FALSE,FALSE,FALSE,FALSE,TRUE,FALSE,stopped to see what i would do 1st,POINT (-73.96249054313 40.7935389038787)
"-7,396,904,474,633","4,078,391,330,453",21B-AM-1019-06,21B,AM,10192018,6,Juvenile,Gray,,Gray+,,Above Ground,7,,FALSE,FALSE,TRUE,TRUE,FALSE,,FALSE,FALSE,FALSE,FALSE,FALSE,FALSE,TRUE,FALSE,,POINT (-73.9690447463294 40.78391330452901)
"-7,397,432,920,664","4,077,560,904,041",11B-AM-1007-05,11B,AM,10072018,5,Adult,Gray,,Gray+,,Ground Plane,FALSE,,FALSE,FALSE,FALSE,TRUE,TRUE,,FALSE,FALSE,FALSE,TRUE,FALSE,TRUE,FALSE,FALSE,,POINT (-73.9743292066413 40.7756090404121)
"-7,395,302,574,017","4,079,513,974,074",39G-PM-1013-01,39G,PM,10132018,1,Adult,Gray,Cinnamon,Gray+Cinnamon,,Ground Plane,FALSE,,TRUE,FALSE,FALSE,FALSE,FALSE,,FALSE,FALSE,FALSE,FALSE,FALSE,FALSE,FALSE,FALSE,,POINT (-73.9530257401736 40.79513974073701)
"-7,396,929,258,159","407,774,506,065",15E-PM-1008-11,15E,PM,10082018,11,Adult,Gray,,Gray+,,Ground Plane,FALSE,,FALSE,FALSE,FALSE,TRUE,TRUE,,FALSE,FALSE,FALSE,FALSE,FALSE,FALSE,TRUE,FALSE,,POINT (-73.9692925815903 40.7774506065008)
"-7,397,471,754,195","4,076,928,200,309",5E-PM-1012-05,05E,PM,10122018,5,Adult,Cinnamon,"Gray, White","Cinnamon+Gray, White",,Ground Plane,FALSE,,TRUE,FALSE,FALSE,FALSE,TRUE,,FALSE,FALSE,FALSE,FALSE,FALSE,TRUE,FALSE,FALSE,begging,POINT (-73.9747175419546 40.7692820030878)
"-7,397,384,100,698","4,076,916,861,565",5F-PM-1007-06,05F,PM,10072018,6,Adult,Gray,Cinnamon,Gray+Cinnamon,,Ground Plane,FALSE,,FALSE,FALSE,FALSE,FALSE,FALSE,jumping on fence,FALSE,FALSE,FALSE,FALSE,TRUE,FALSE,TRUE,FALSE,,POINT (-73.9738410069766 40.7691686156505)
"-7,396,053,622,688","4,079,394,705,993",35C-AM-1007-02,35C,AM,10072018,2,Adult,Gray,Cinnamon,Gray+Cinnamon,,Above Ground,13,,FALSE,FALSE,TRUE,FALSE,FALSE,,FALSE,FALSE,FALSE,FALSE,FALSE,FALSE,FALSE,TRUE,,POINT (-73.9605362268777 40.7939470599346)
"-7,396,430,161,168","4,079,047,962,161",30B-PM-1019-05,30B,PM,10192018,5,Adult,Gray,"Cinnamon, White","Gray+Cinnamon, White",,Ground Plane,FALSE,,FALSE,FALSE,FALSE,TRUE,TRUE,hiding a nut,FALSE,FALSE,FALSE,FALSE,TRUE,FALSE,FALSE,TRUE,,POINT (-73.9643016116839 40.7904796216068)
"-7,395,484,316,016","4,079,063,462,716",34I-PM-1010-02,34I,PM,10102018,2,Adult,Gray,,Gray+,,Above Ground,30,,FALSE,FALSE,TRUE,FALSE,FALSE,,FALSE,FALSE,FALSE,FALSE,FALSE,FALSE,FALSE,FALSE,,POINT (-73.9548431601579 40.7906346271566)
"-7,396,818,104,667","4,077,206,384,494",10I-PM-1013-01,10I,PM,10132018,1,Adult,Gray,"Cinnamon, White","Gray+Cinnamon, White",,Ground Plane,FALSE,,TRUE,FALSE,FALSE,FALSE,FALSE,,FALSE,FALSE,FALSE,FALSE,FALSE,FALSE,FALSE,TRUE,,POINT (-73.9681810466693 40.7720638449419)
"-7,396,449,741,968","4,078,100,202,926",20G-PM-1013-02,20G,PM,10132018,2,Adult,Gray,"Cinnamon, White","Gray+Cinnamon, White",,Ground Plane,FALSE,,FALSE,FALSE,FALSE,FALSE,TRUE,,FALSE,FALSE,FALSE,FALSE,FALSE,FALSE,FALSE,TRUE,,POINT (-73.96449741968071 40.7810020292593)
"-7,397,948,405,207","4,077,095,953,698",4A-PM-1007-02,04A,PM,10072018,2,Adult,Gray,"Cinnamon, White","Gray+Cinnamon, White",,Ground Plane,FALSE,,TRUE,FALSE,FALSE,FALSE,FALSE,,FALSE,FALSE,FALSE,FALSE,FALSE,FALSE,TRUE,FALSE,,POINT (-73.9794840520702 40.770959536980406)
"-7,396,065,593,099","4,078,895,276,298",30E-AM-1008-02,30E,AM,10082018,2,Adult,Gray,,Gray+,,Above Ground,5,,FALSE,TRUE,FALSE,FALSE,FALSE,,TRUE,FALSE,FALSE,FALSE,FALSE,FALSE,TRUE,FALSE,,POINT (-73.9606559309874 40.7889527629826)
"-7,398,089,749,771","4,076,905,787,098",2A-PM-1019-02,02A,PM,10192018,2,Adult,Gray,White,Gray+White,,Ground Plane,FALSE,,TRUE,FALSE,FALSE,FALSE,FALSE,,FALSE,FALSE,FALSE,TRUE,FALSE,FALSE,FALSE,FALSE,,POINT (-73.980897497712 40.7690578709841)
"-7,396,841,872,074","4,078,059,278,988",18D-AM-1018-01,18D,AM,10182018,1,Adult,Gray,,Gray+,,Ground Plane,FALSE,,FALSE,FALSE,FALSE,FALSE,TRUE,cleaning,FALSE,FALSE,FALSE,FALSE,FALSE,FALSE,FALSE,FALSE,,POINT (-73.9684187207423 40.780592789876)
"-7,396,931,200,901","4,077,109,610,201",9H-PM-1018-07,09H,PM,10182018,7,Adult,Gray,,Gray+,,,,,FALSE,FALSE,FALSE,FALSE,TRUE,,FALSE,FALSE,FALSE,FALSE,FALSE,FALSE,FALSE,FALSE,,POINT (-73.9693120090055 40.771096102012)
"-7,397,077,370,738","4,078,003,734,658",17B-PM-1012-02,17B,PM,10122018,2,Adult,Black,,Black+,,Ground Plane,FALSE,,TRUE,TRUE,FALSE,FALSE,TRUE,2/3 chasing each other,TRUE,TRUE,FALSE,TRUE,TRUE,FALSE,TRUE,FALSE,,POINT (-73.9707737073771 40.7800373465838)
"-7,397,301,589,137","4,077,013,107,073",6F-PM-1008-02,06F,PM,10082018,2,Adult,Gray,Cinnamon,Gray+Cinnamon,,Above Ground,10,,TRUE,TRUE,FALSE,FALSE,FALSE,chasing #2,FALSE,FALSE,FALSE,FALSE,FALSE,FALSE,FALSE,FALSE,,POINT (-73.9730158913661 40.7701310707272)
"-7,395,366,471,583","4,079,812,563,932",41E-PM-1013-04,41E,PM,10132018,4,Adult,Cinnamon,White,Cinnamon+White,,Ground Plane,FALSE,,TRUE,FALSE,FALSE,FALSE,TRUE,,FALSE,FALSE,FALSE,FALSE,TRUE,FALSE,TRUE,FALSE,,POINT (-73.953664715831 40.7981256393159)
"-739,647,318,357","4,077,609,361,753",15I-PM-1012-04,15I,PM,10122018,4,Adult,Gray,,Gray+,,Ground Plane,FALSE,,TRUE,FALSE,TRUE,FALSE,TRUE,,FALSE,FALSE,FALSE,FALSE,FALSE,FALSE,FALSE,FALSE,,POINT (-73.9647318357023 40.7760936175332)
"-7,396,515,918,614","4,078,118,382,886",20F-PM-1007-06,20F,PM,10072018,6,Juvenile,Gray,Cinnamon,Gray+Cinnamon,,Ground Plane,FALSE,,FALSE,FALSE,FALSE,TRUE,FALSE,,FALSE,FALSE,FALSE,FALSE,FALSE,FALSE,TRUE,FALSE,,POINT (-73.9651591861399 40.781183828857)
"-7,396,228,591,179","407,886,169,187",29D-AM-1014-06,29D,AM,10142018,6,Adult,Gray,,Gray+,,Ground Plane,FALSE,,FALSE,FALSE,FALSE,FALSE,TRUE,,FALSE,FALSE,FALSE,FALSE,FALSE,FALSE,TRUE,FALSE,,POINT (-73.9622859117854 40.7886169186966)
"-739,719,359,644","4,077,269,988,558",9F-PM-1014-01,09F,PM,10142018,1,Adult,Gray,Cinnamon,Gray+Cinnamon,,Ground Plane,FALSE,,FALSE,FALSE,FALSE,TRUE,FALSE,,FALSE,FALSE,FALSE,FALSE,FALSE,FALSE,FALSE,FALSE,he is fed every day by a woman who calls him "chiquita"! he ran right up to her.,POINT (-73.9719359643975 40.772699885583)
"-7,397,509,119,965","4,077,224,452,102",8C-PM-1013-06,08C,PM,10132018,6,,Cinnamon,Gray,Cinnamon+Gray,,Ground Plane,FALSE,,FALSE,FALSE,FALSE,TRUE,FALSE,,FALSE,FALSE,FALSE,FALSE,FALSE,FALSE,TRUE,FALSE,,POINT (-73.9750911996499 40.7722445210179)
"-7,396,472,472,541","4,078,061,365,658",20G-PM-1013-03,20G,PM,10132018,3,Adult,Gray,"Black, Cinnamon, White","Gray+Black, Cinnamon, White",,Ground Plane,FALSE,,FALSE,FALSE,FALSE,TRUE,TRUE,,FALSE,FALSE,FALSE,TRUE,FALSE,FALSE,FALSE,TRUE,,POINT (-73.9647247254127 40.7806136565784)
"-7,396,990,888,812","4,077,527,783,516",13F-AM-1007-03,13F,AM,10072018,3,Adult,Gray,Cinnamon,Gray+Cinnamon,,Ground Plane,FALSE,,TRUE,FALSE,FALSE,FALSE,FALSE,,FALSE,FALSE,FALSE,FALSE,FALSE,FALSE,FALSE,TRUE,,POINT (-73.9699088881236 40.7752778351626)
"-7,396,890,514,731","4,077,645,112,829",14F-AM-1007-04,14F,AM,10072018,4,Adult,Gray,"Black, Cinnamon, White","Gray+Black, Cinnamon, White",,Ground Plane,FALSE,,TRUE,FALSE,FALSE,FALSE,FALSE,,FALSE,FALSE,FALSE,FALSE,FALSE,FALSE,TRUE,FALSE,,POINT (-73.9689051473072 40.7764511282884)
"-7,396,314,646,938","4,079,341,565,675",33A-PM-1018-02,33A,PM,10182018,2,Adult,Gray,Cinnamon,Gray+Cinnamon,,Above Ground,10,Tree cavity [of] London Plane tree,FALSE,FALSE,FALSE,FALSE,FALSE,"hanging out,watching world",FALSE,FALSE,FALSE,FALSE,FALSE,FALSE,FALSE,FALSE,watching,POINT (-73.9631464693769 40.793415656751)
"-7,395,918,804,001","4,079,500,712,528",36C-PM-1013-02,36C,PM,10132018,2,Adult,Gray,,Gray+,,Ground Plane,FALSE,Clearing near bike path (bikes active),FALSE,TRUE,FALSE,TRUE,TRUE,,TRUE,TRUE,FALSE,FALSE,TRUE,FALSE,TRUE,FALSE,,POINT (-73.95918804001322 40.7950071252836)
"-7,395,583,703,098","4,079,219,772,085",35G-AM-1007-02,35G,AM,10072018,2,Adult,Gray,White,Gray+White,,Above Ground,30,,FALSE,FALSE,TRUE,FALSE,FALSE,,FALSE,FALSE,FALSE,FALSE,FALSE,FALSE,TRUE,FALSE,,POINT (-73.9558370309765 40.7921977208472)
"-7,395,713,875,979","4,079,559,260,351",38D-PM-1006-02,38D,PM,10062018,2,Adult,Gray,Cinnamon,Gray+Cinnamon,,Ground Plane,FALSE,,FALSE,FALSE,FALSE,FALSE,TRUE,,FALSE,FALSE,FALSE,FALSE,TRUE,FALSE,TRUE,FALSE,,POINT (-73.957138759793 40.7955926035055)
"-7,397,724,207,345","4,077,300,251,914",7A-PM-1007-01,07A,PM,10072018,1,Adult,Gray,,Gray+,,Above Ground,8,,FALSE,FALSE,TRUE,FALSE,FALSE,,FALSE,FALSE,FALSE,FALSE,FALSE,FALSE,FALSE,FALSE,,POINT (-73.9772420734509 40.7730025191407)
"-7,397,532,916,168","4,076,873,760,329",4E-PM-1008-01,04E,PM,10082018,1,Adult,Gray,Cinnamon,Gray+Cinnamon,,Ground Plane,FALSE,,TRUE,FALSE,FALSE,TRUE,TRUE,,FALSE,FALSE,FALSE,FALSE,TRUE,FALSE,TRUE,FALSE,,POINT (-73.9753291616796 40.7687376032936)
"-7,397,709,208,608","4,076,946,980,401",4C-PM-1010-01,04C,PM,10102018,1,Adult,Gray,Cinnamon,Gray+Cinnamon,,Above Ground,6,,FALSE,FALSE,TRUE,FALSE,FALSE,,FALSE,TRUE,FALSE,FALSE,FALSE,FALSE,TRUE,FALSE,,POINT (-73.9770920860805 40.7694698040083)
"-7,395,865,705,469","4,079,634,941,748",38C-AM-1019-09,38C,AM,10192018,9,Adult,Gray,White,Gray+White,Gray & White selected as Primary & Highlights. Made executive adjustments.,Above Ground,3,Between ground & tree,FALSE,FALSE,FALSE,TRUE,TRUE,,FALSE,FALSE,FALSE,FALSE,TRUE,FALSE,FALSE,TRUE,,POINT (-73.9586570546871 40.796349417475)
"-7,395,796,899,966","4,079,493,384,899",37D-AM-1018-02,37D,AM,10182018,2,Juvenile,Gray,White,Gray+White,,Ground Plane,FALSE,,FALSE,FALSE,FALSE,FALSE,TRUE,,FALSE,FALSE,FALSE,FALSE,FALSE,FALSE,TRUE,FALSE,,POINT (-73.9579689996645 40.7949338489917)
"-7,396,127,592,914","4,079,304,683,232",33B-AM-1010-03,33B,AM,10102018,3,Adult,Black,,Black+,,Ground Plane,FALSE,,FALSE,FALSE,FALSE,FALSE,TRUE,,FALSE,FALSE,FALSE,FALSE,FALSE,FALSE,TRUE,FALSE,,POINT (-73.9612759291399 40.7930468323219)
"-739,686,635,018","4,078,431,767,328",22B-PM-1014-01,22B,PM,10142018,1,Juvenile,Gray,Cinnamon,Gray+Cinnamon,,Ground Plane,FALSE,,FALSE,FALSE,FALSE,FALSE,TRUE,,FALSE,FALSE,FALSE,FALSE,FALSE,FALSE,FALSE,FALSE,,POINT (-73.96866350179661 40.7843176732828)
"-7,397,215,406,998","4,076,901,280,097",6G-AM-1008-03,06G,AM,10082018,3,Adult,Gray,White,Gray+White,,Ground Plane,FALSE,grass,FALSE,FALSE,FALSE,TRUE,TRUE,,FALSE,FALSE,FALSE,TRUE,FALSE,FALSE,TRUE,FALSE,,POINT (-73.972154069981 40.7690128009722)
"-7,397,299,791,747","4,077,429,043,567",10D-PM-1008-01,10D,PM,10082018,1,Adult,Cinnamon,Gray,Cinnamon+Gray,,Ground Plane,FALSE,,FALSE,FALSE,FALSE,FALSE,TRUE,,FALSE,FALSE,FALSE,TRUE,FALSE,FALSE,TRUE,FALSE,,POINT (-73.9729979174723 40.7742904356698)
"-7,397,841,448,676","4,077,181,776,675",6A-AM-1006-01,06A,AM,10062018,1,Adult,Gray,White,Gray+White,,Ground Plane,FALSE,,FALSE,FALSE,TRUE,TRUE,TRUE,,FALSE,FALSE,FALSE,FALSE,FALSE,FALSE,FALSE,FALSE,,POINT (-73.9784144867639 40.7718177667511)
"-7,397,392,492,099","4,077,685,283,869",13B-PM-1008-02,13B,PM,10082018,2,Adult,Gray,White,Gray+White,,Ground Plane,FALSE,,TRUE,FALSE,TRUE,FALSE,FALSE,,FALSE,FALSE,FALSE,FALSE,FALSE,FALSE,TRUE,FALSE,,POINT (-73.9739249209875 40.7768528386853)
"-7,395,307,916,225","407,959,885,604",40G-PM-1013-03,40G,PM,10132018,3,Juvenile,Gray,,Gray+,,Ground Plane,FALSE,,TRUE,FALSE,FALSE,FALSE,FALSE,,FALSE,FALSE,FALSE,FALSE,FALSE,FALSE,TRUE,FALSE,,POINT (-73.9530791622513 40.7959885603967)
"-7,395,824,770,643","4,079,890,791,368",40B-AM-1019-07,40B,AM,10192018,7,Adult,Gray,White,Gray+White,,Ground Plane,FALSE,,FALSE,FALSE,FALSE,FALSE,TRUE,,FALSE,FALSE,FALSE,FALSE,FALSE,FALSE,TRUE,TRUE,,POINT (-73.958247706428 40.7989079136796)
"-7,395,736,925,422","4,079,892,529,083",41B-PM-1014-03,41B,PM,10142018,3,Adult,Gray,White,Gray+White,,Above Ground,28,,FALSE,FALSE,TRUE,FALSE,FALSE,,FALSE,FALSE,FALSE,FALSE,FALSE,FALSE,FALSE,FALSE,,POINT (-73.9573692542155 40.7989252908321)
"-7,395,713,879,488","4,079,853,898,227",40C-AM-1017-03,40C,AM,10172018,3,Adult,Gray,White,Gray+White,,,,,TRUE,TRUE,TRUE,FALSE,FALSE,"chasing (#4),digging",FALSE,FALSE,FALSE,FALSE,TRUE,FALSE,TRUE,FALSE,,POINT (-73.957138794884 40.7985389822719)
"-7,396,316,467,546","4,079,257,168,109",32A-AM-1018-02,32A,AM,10182018,2,Adult,Gray,,Gray+,,Above Ground,15,,TRUE,TRUE,FALSE,FALSE,FALSE,,FALSE,FALSE,FALSE,FALSE,FALSE,FALSE,TRUE,FALSE,,POINT (-73.9631646754647 40.7925716810884)
"-7,397,745,843,051","4,077,081,339,862",5B-AM-1008-02,05B,AM,10082018,2,Adult,Gray,Cinnamon,Gray+Cinnamon,,Ground Plane,FALSE,,TRUE,FALSE,FALSE,TRUE,FALSE,,FALSE,FALSE,FALSE,FALSE,FALSE,FALSE,TRUE,FALSE,,POINT (-73.9774584305147 40.7708133986192)
"-7,396,505,990,933","4,077,621,318,868",15I-PM-1012-06,15I,PM,10122018,6,Adult,Gray,,Gray+,,Ground Plane,FALSE,,TRUE,FALSE,FALSE,FALSE,TRUE,,FALSE,FALSE,FALSE,FALSE,FALSE,FALSE,FALSE,FALSE,,POINT (-73.965059909327 40.7762131886797)
"-7,395,860,858,431","4,079,466,176,845",36C-AM-1014-03,36C,AM,10142018,3,,Gray,,Gray+,,Ground Plane,FALSE,,FALSE,FALSE,FALSE,FALSE,TRUE,,FALSE,FALSE,FALSE,FALSE,FALSE,FALSE,FALSE,TRUE,,POINT (-73.9586085843149 40.7946617684536)
"-7,395,463,675,587","407,898,409,878",33I-AM-1008-04,33I,AM,10082018,4,Adult,,,+,,Above Ground,100,,FALSE,FALSE,TRUE,FALSE,TRUE,,FALSE,FALSE,FALSE,FALSE,FALSE,FALSE,TRUE,FALSE,,POINT (-73.9546367558712 40.789840987798)
"-7,395,984,638,378","4,078,345,247,243",25I-PM-1007-05,25I,PM,10072018,5,Adult,Gray,,Gray+,,Above Ground,30,,FALSE,FALSE,TRUE,FALSE,FALSE,,FALSE,FALSE,FALSE,FALSE,FALSE,FALSE,FALSE,FALSE,,POINT (-73.9598463837775 40.7834524724254)
"-7,396,033,669,929","4,078,996,128,895",31E-PM-1006-05,31E,PM,10062018,5,Adult,Gray,Cinnamon,Gray+Cinnamon,,Ground Plane,FALSE,,FALSE,TRUE,FALSE,FALSE,FALSE,,FALSE,FALSE,FALSE,TRUE,FALSE,FALSE,TRUE,FALSE,,POINT (-73.9603366992925 40.789961288953904)
"-739,776,417,877","4,076,958,302,658",4C-PM-1010-10,04C,PM,10102018,10,Adult,Gray,White,Gray+White,,Ground Plane,FALSE,,TRUE,FALSE,FALSE,FALSE,TRUE,,FALSE,FALSE,FALSE,FALSE,FALSE,FALSE,FALSE,FALSE,,POINT (-73.977641787698 40.7695830265784)
"-7,397,146,376,831","4,077,689,845,616",14D-PM-1019-01,14D,PM,10192018,1,Adult,Gray,,Gray+,,Ground Plane,FALSE,,FALSE,TRUE,FALSE,FALSE,FALSE,,FALSE,FALSE,FALSE,FALSE,FALSE,FALSE,FALSE,FALSE,,POINT (-73.9714637683084 40.7768984561563)
"-7,395,956,865,136","4,079,068,597,487",32E-AM-1007-06,32E,AM,10072018,6,Adult,Gray,,Gray+,,Above Ground,40,,FALSE,FALSE,TRUE,FALSE,FALSE,,FALSE,FALSE,FALSE,FALSE,FALSE,FALSE,TRUE,FALSE,,POINT (-73.9595686513629 40.7906859748696)
"-7,395,498,609,472","4,079,115,503,283",34H-PM-1006-07,34H,PM,10062018,7,Juvenile,Gray,White,Gray+White,white belly,Above Ground,20,,FALSE,FALSE,TRUE,FALSE,FALSE,,FALSE,FALSE,FALSE,FALSE,FALSE,FALSE,FALSE,TRUE,,POINT (-73.9549860947234 40.7911550328309)
"-7,395,910,705,792","4,078,967,767,712",31F-PM-1007-05,31F,PM,10072018,5,Adult,Gray,,Gray+,,Ground Plane,FALSE,,TRUE,FALSE,FALSE,FALSE,TRUE,,FALSE,FALSE,FALSE,FALSE,FALSE,FALSE,FALSE,TRUE,,POINT (-73.9591070579246 40.7896776771157)
"-73,952,165,542","4,079,487,854,977",39H-AM-1007-04,39H,AM,10072018,4,Adult,Cinnamon,Gray,Cinnamon+Gray,,Ground Plane,FALSE,,FALSE,FALSE,FALSE,TRUE,TRUE,,FALSE,FALSE,FALSE,FALSE,FALSE,FALSE,FALSE,FALSE,,POINT (-73.9521655419974 40.7948785497717)
"-7,395,817,069,506","4,079,063,213,973",32F-AM-1012-05,32F,AM,10122018,5,Adult,Gray,White,Gray+White,,Above Ground,10,,TRUE,FALSE,TRUE,FALSE,FALSE,,FALSE,FALSE,FALSE,FALSE,FALSE,FALSE,FALSE,FALSE,,POINT (-73.9581706950566 40.7906321397269)
"-7,396,405,263,586","4,079,074,115,748",30B-AM-1007-01,30B,AM,10072018,1,Adult,Gray,,Gray+,,Above Ground,35,,FALSE,FALSE,TRUE,FALSE,FALSE,,FALSE,FALSE,FALSE,FALSE,FALSE,FALSE,FALSE,FALSE,,POINT (-73.9640526358598 40.7907411574825)
"-7,397,198,796,973","4,077,256,251,246",9F-AM-1013-02,09F,AM,10132018,2,Adult,Black,,Black+,,Above Ground,10,,FALSE,FALSE,TRUE,FALSE,FALSE,,FALSE,FALSE,FALSE,FALSE,FALSE,FALSE,FALSE,FALSE,,POINT (-73.9719879697272 40.7725625124591)
"-7,396,358,389,515","4,079,175,246,198",31B-AM-1017-02,31B,AM,10172018,2,Adult,Gray,,Gray+,,Ground Plane,FALSE,,FALSE,FALSE,FALSE,FALSE,TRUE,,FALSE,FALSE,FALSE,FALSE,FALSE,FALSE,FALSE,TRUE,,POINT (-73.9635838951472 40.7917524619792)
"-7,397,552,590,878","4,077,072,561,242",6D-AM-1008-01,06D,AM,10082018,1,Adult,Cinnamon,White,Cinnamon+White,,Above Ground,10,,FALSE,FALSE,TRUE,TRUE,FALSE,,TRUE,FALSE,FALSE,FALSE,FALSE,TRUE,FALSE,FALSE,,POINT (-73.9755259087781 40.7707256124181)
"-7,396,956,411,217","4,077,695,628,867",14E-AM-1008-03,14E,AM,10082018,3,Adult,Gray,,Gray+,,Ground Plane,FALSE,,FALSE,FALSE,FALSE,FALSE,TRUE,walking,FALSE,FALSE,FALSE,FALSE,FALSE,FALSE,TRUE,FALSE,unaware of,POINT (-73.9695641121727 40.7769562886685)
"-7,396,848,341,382","4,077,242,891,202",11H-AM-1010-06,11H,AM,10102018,6,Adult,Cinnamon,White,Cinnamon+White,,Ground Plane,FALSE,,FALSE,TRUE,FALSE,FALSE,FALSE,,FALSE,FALSE,FALSE,FALSE,TRUE,FALSE,TRUE,FALSE,,POINT (-73.9684834138222 40.7724289120211)
"-7,395,243,640,874","4,079,284,650,543",37I-PM-1006-01,37I,PM,10062018,1,Adult,Cinnamon,"Gray, Black","Cinnamon+Gray, Black",,Above Ground,5,,FALSE,FALSE,FALSE,FALSE,TRUE,,FALSE,FALSE,FALSE,FALSE,FALSE,FALSE,TRUE,FALSE,,POINT (-73.9524364087437 40.792846505434)
"-7,396,395,058,102","4,078,957,318,358",29B-PM-1010-01,29B,PM,10102018,1,Adult,Cinnamon,"Gray, White","Cinnamon+Gray, White",,Above Ground,4,climbing trees,FALSE,FALSE,TRUE,TRUE,TRUE,scratching self,FALSE,FALSE,FALSE,FALSE,TRUE,FALSE,TRUE,FALSE,,POINT (-73.9639505810228 40.789573183584)
"-7,396,738,215,575","4,077,863,752,677",17F-PM-1020-06,17F,PM,10202018,6,Adult,Gray,,Gray+,,Above Ground,20,,FALSE,FALSE,FALSE,TRUE,FALSE,,FALSE,FALSE,FALSE,FALSE,FALSE,FALSE,FALSE,FALSE,,POINT (-73.96738215574692 40.7786375267659)
"-7,396,032,458,067","4,079,427,124,777",35C-PM-1013-04,35C,PM,10132018,4,,Gray,Cinnamon,Gray+Cinnamon,,Ground Plane,FALSE,,FALSE,FALSE,FALSE,FALSE,TRUE,,FALSE,FALSE,FALSE,FALSE,FALSE,FALSE,FALSE,TRUE,,POINT (-73.9603245806655 40.7942712477697)
"-7,395,874,648,526","4,079,349,635,408",35D-PM-1013-05,35D,PM,10132018,5,Adult,Gray,White,Gray+White,,Ground Plane,FALSE,,FALSE,FALSE,FALSE,FALSE,TRUE,,FALSE,FALSE,FALSE,FALSE,FALSE,FALSE,TRUE,FALSE,,POINT (-73.9587464852561 40.793496354083)
"-7,396,953,483,858","4,077,036,573,618",8I-PM-1013-07,08I,PM,10132018,7,Adult,Gray,"Cinnamon, White","Gray+Cinnamon, White",,Ground Plane,FALSE,,FALSE,FALSE,FALSE,FALSE,TRUE,,FALSE,FALSE,FALSE,FALSE,FALSE,FALSE,TRUE,FALSE,,POINT (-73.9695348385828 40.7703657361802)
"-7,397,864,748,095","4,076,797,153,411",2C-PM-1013-04,02C,PM,10132018,4,Adult,Gray,White,Gray+White,,,,,FALSE,FALSE,FALSE,FALSE,TRUE,,FALSE,FALSE,FALSE,FALSE,FALSE,FALSE,FALSE,FALSE,,POINT (-73.9786474809514 40.7679715341109)
"-7,395,743,655,508","4,078,869,246,751",31H-PM-1008-03,31H,PM,10082018,3,Adult,Gray,,Gray+,,Above Ground,,"no clue, way up a tree!",FALSE,FALSE,TRUE,FALSE,TRUE,throwing down acorns,FALSE,FALSE,FALSE,FALSE,FALSE,FALSE,FALSE,FALSE,,POINT (-73.9574365550758 40.7886924675052)
"-7,395,894,922,408","4,079,890,111,897",40A-PM-1014-01,40A,PM,10142018,1,Adult,Gray,Cinnamon,Gray+Cinnamon,,Above Ground,30,,FALSE,FALSE,TRUE,FALSE,FALSE,,FALSE,FALSE,FALSE,FALSE,TRUE,FALSE,TRUE,FALSE,stared & then went back up tree—then ran to different tree,POINT (-73.9589492240754 40.798901118974)
"-7,397,750,673,989","4,077,265,661,424",7B-AM-1008-14,07B,AM,10082018,14,Adult,Gray,,Gray+,,Above Ground,,on fence,FALSE,FALSE,TRUE,FALSE,FALSE,,FALSE,FALSE,FALSE,FALSE,FALSE,FALSE,TRUE,FALSE,,POINT (-73.9775067398903 40.7726566142401)
"-7,396,979,240,266","407,803,611,152",18C-PM-1018-04,18C,PM,10182018,4,Juvenile,Gray,,Gray+,,Above Ground,1,,TRUE,TRUE,FALSE,FALSE,FALSE,,FALSE,FALSE,FALSE,FALSE,FALSE,FALSE,FALSE,TRUE,,POINT (-73.9697924026634 40.7803611152023)
"-7,395,667,054,128","4,079,355,606,457",36F-PM-1012-01,36F,PM,10122018,1,Adult,Gray,"Cinnamon, White","Gray+Cinnamon, White",,Ground Plane,FALSE,Near rock,FALSE,FALSE,FALSE,FALSE,TRUE,,FALSE,FALSE,FALSE,FALSE,FALSE,TRUE,FALSE,FALSE,,POINT (-73.9566705412766 40.7935560645735)
"-739,691,453,886","4,077,705,240,897",15E-PM-1008-02,15E,PM,10082018,2,Adult,Gray,,Gray+,,Ground Plane,FALSE,,FALSE,FALSE,FALSE,FALSE,TRUE,,FALSE,FALSE,FALSE,FALSE,FALSE,FALSE,TRUE,FALSE,,POINT (-73.9691453885964 40.7770524089712)
"-7,395,828,003,055","407,989,473,713",40B-PM-1014-03,40B,PM,10142018,3,Adult,Gray,Cinnamon,Gray+Cinnamon,,Ground Plane,FALSE,,FALSE,FALSE,FALSE,FALSE,TRUE,,FALSE,FALSE,FALSE,FALSE,FALSE,FALSE,TRUE,FALSE,,POINT (-73.9582800305509 40.7989473712974)
"-7,397,195,834,922","4,077,634,349,672",13D-AM-1014-11,13D,AM,10142018,11,Adult,Gray,Cinnamon,Gray+Cinnamon,,Ground Plane,FALSE,,FALSE,FALSE,FALSE,FALSE,TRUE,,FALSE,FALSE,FALSE,FALSE,FALSE,FALSE,TRUE,FALSE,,POINT (-73.9719583492187 40.7763434967164)
"-7,396,639,772,619","4,077,564,513,423",14H-PM-1012-08,14H,PM,10122018,8,Adult,Gray,Cinnamon,Gray+Cinnamon,,Ground Plane,FALSE,,FALSE,FALSE,FALSE,TRUE,TRUE,,FALSE,FALSE,FALSE,FALSE,FALSE,FALSE,TRUE,FALSE,,POINT (-73.9663977261879 40.775645134229)
"-7,397,224,722,862","4,076,995,504,762",6G-PM-1020-04,06G,PM,10202018,4,Adult,Gray,,Gray+,,Ground Plane,FALSE,,FALSE,FALSE,FALSE,FALSE,TRUE,,FALSE,FALSE,FALSE,FALSE,FALSE,FALSE,FALSE,FALSE,,POINT (-73.9722472286151 40.7699550476176)
"-739,766,541,879","4,076,740,772,654",2E-AM-1010-06,02E,AM,10102018,6,Adult,Cinnamon,,Cinnamon+,,Above Ground,35,,FALSE,FALSE,FALSE,FALSE,FALSE,leaping branch to branch,FALSE,FALSE,FALSE,FALSE,FALSE,FALSE,TRUE,FALSE,,POINT (-73.9766541879006 40.7674077265375)
"-739,622,752,769","4,078,149,219,131",22H-PM-1007-02,22H,PM,10072018,2,Adult,Cinnamon,Gray,Cinnamon+Gray,,Above Ground,4,low branch,FALSE,FALSE,FALSE,FALSE,FALSE,watching me scratching,TRUE,FALSE,FALSE,TRUE,FALSE,FALSE,TRUE,FALSE,,POINT (-73.9622752768962 40.7814921913101)
"-7,396,444,999,039","4,078,300,231,606",22F-PM-1014-04,22F,PM,10142018,4,Adult,Gray,,Gray+,,Ground Plane,FALSE,,FALSE,FALSE,FALSE,FALSE,TRUE,,FALSE,FALSE,FALSE,FALSE,FALSE,FALSE,TRUE,FALSE,,POINT (-73.964449990389 40.7830023160643)
"-7,396,873,477,319","4,077,189,555,944",10H-AM-1014-03,10H,AM,10142018,3,Juvenile,,,+,,Above Ground,20,,FALSE,FALSE,TRUE,FALSE,FALSE,,FALSE,FALSE,FALSE,FALSE,FALSE,FALSE,FALSE,FALSE,,POINT (-73.9687347731861 40.7718955594385)
"-7,396,872,138,277","4,078,435,863,746",22B-PM-1014-02,22B,PM,10142018,2,Juvenile,Gray,Cinnamon,Gray+Cinnamon,,Above Ground,8,,TRUE,TRUE,FALSE,FALSE,FALSE,,FALSE,FALSE,FALSE,FALSE,FALSE,FALSE,FALSE,FALSE,,POINT (-73.9687213827744 40.7843586374648)
"-7,397,492,512,674","4,076,791,119,713",4F-PM-1013-01,04F,PM,10132018,1,Adult,Cinnamon,"Gray, Black","Cinnamon+Gray, Black",,Ground Plane,FALSE,,FALSE,FALSE,FALSE,TRUE,FALSE,,FALSE,FALSE,FALSE,FALSE,TRUE,TRUE,FALSE,FALSE,,POINT (-73.9749251267433 40.7679111971294)
"-7,397,954,547,876","4,076,880,268,927",3B-PM-1007-09,03B,PM,10072018,9,Adult,,,+,,,,,FALSE,FALSE,FALSE,FALSE,FALSE,,FALSE,FALSE,FALSE,FALSE,FALSE,FALSE,TRUE,FALSE,,POINT (-73.9795454787631 40.7688026892741)
"-7,395,901,571,049","4,079,568,844,934",37C-PM-1013-05,37C,PM,10132018,5,Adult,Gray,,Gray+,,Ground Plane,FALSE,,TRUE,FALSE,FALSE,FALSE,FALSE,,FALSE,FALSE,FALSE,FALSE,FALSE,FALSE,TRUE,FALSE,,POINT (-73.9590157104896 40.7956884493421)
"-7,395,001,675,703","4,079,661,858,367",41I-AM-1018-01,41I,AM,10182018,1,Juvenile,Cinnamon,Gray,Cinnamon+Gray,,Ground Plane,FALSE,,TRUE,FALSE,FALSE,FALSE,FALSE,,FALSE,FALSE,FALSE,FALSE,TRUE,FALSE,FALSE,FALSE,"cautious,observant,runs off",POINT (-73.9500167570283 40.7966185836685)
"-7,396,991,351,873","4,077,823,541,862",16D-AM-1007-03,16D,AM,10072018,3,Adult,,,+,ran away before I could take a good look,Above Ground,2,,FALSE,FALSE,TRUE,FALSE,FALSE,,FALSE,FALSE,FALSE,FALSE,FALSE,FALSE,FALSE,TRUE,,POINT (-73.9699135187297 40.7782354186163)
"-7,395,271,849,142","4,079,267,859,048",37I-PM-1006-02,37I,PM,10062018,2,Adult,Gray,,Gray+,,Ground Plane,FALSE,,FALSE,FALSE,FALSE,FALSE,TRUE,,FALSE,FALSE,FALSE,FALSE,FALSE,FALSE,TRUE,FALSE,,POINT (-73.9527184914182 40.7926785904847)
"-7,396,833,704,176","4,078,135,983,505",19D-AM-1007-02,19D,AM,10072018,2,Adult,Gray,Cinnamon,Gray+Cinnamon,,Above Ground,2,,FALSE,FALSE,TRUE,FALSE,TRUE,,FALSE,FALSE,FALSE,FALSE,TRUE,FALSE,FALSE,FALSE,fenced area,POINT (-73.9683370417551 40.78135983505)
"-739,803,562,137","4,076,857,809,906",2B-AM-1010-02,02B,AM,10102018,2,Juvenile,Gray,,Gray+,,Ground Plane,FALSE,,TRUE,FALSE,FALSE,FALSE,FALSE,,FALSE,FALSE,FALSE,TRUE,FALSE,FALSE,FALSE,TRUE,,POINT (-73.9803562137049 40.7685780990634)
"-7,397,083,718,064","4,077,648,136,667",14D-AM-1014-14,14D,AM,10142018,14,Adult,Gray,"Cinnamon, White","Gray+Cinnamon, White",,,,,FALSE,FALSE,FALSE,FALSE,TRUE,,FALSE,FALSE,FALSE,FALSE,FALSE,FALSE,TRUE,FALSE,,POINT (-73.9708371806429 40.7764813666684)
"-7,396,481,673,341","4,078,111,649,763",20F-PM-1007-02,20F,PM,10072018,2,Adult,Gray,White,Gray+White,white on tail,Ground Plane,FALSE,,FALSE,FALSE,FALSE,TRUE,TRUE,digging one hole w/ determination,FALSE,FALSE,FALSE,FALSE,TRUE,FALSE,FALSE,TRUE,,POINT (-73.96481673340891 40.7811164976329)
"-7,396,517,966,851","4,077,855,782,676",18G-AM-1014-03,18G,AM,10142018,3,Adult,Gray,White,Gray+White,,Ground Plane,FALSE,,TRUE,FALSE,FALSE,FALSE,FALSE,,FALSE,FALSE,FALSE,FALSE,FALSE,FALSE,TRUE,FALSE,,POINT (-73.9651796685091 40.7785578267586)
"-7,398,008,966,217","4,076,843,798,103",2B-PM-1013-03,02B,PM,10132018,3,Adult,Gray,White,Gray+White,,Ground Plane,FALSE,,FALSE,FALSE,FALSE,FALSE,FALSE,,FALSE,FALSE,FALSE,FALSE,FALSE,FALSE,FALSE,FALSE,,POINT (-73.9800896621713 40.7684379810317)
"-7,396,432,230,166","4,078,143,190,872",21F-AM-1018-03,21F,AM,10182018,3,Adult,Cinnamon,Gray,Cinnamon+Gray,,Ground Plane,FALSE,,FALSE,FALSE,FALSE,FALSE,FALSE,dead,FALSE,FALSE,FALSE,FALSE,FALSE,FALSE,FALSE,TRUE,,POINT (-73.9643223016635 40.781431908715)
"-7,397,715,523,262","4,077,069,175,953",5C-AM-1006-01,05C,AM,10062018,1,Adult,Cinnamon,White,Cinnamon+White,,Ground Plane,FALSE,,TRUE,FALSE,TRUE,FALSE,FALSE,,FALSE,FALSE,FALSE,TRUE,FALSE,TRUE,FALSE,FALSE,,POINT (-73.9771552326199 40.7706917595308)
"-7,395,641,731,491","4,079,915,585,448",42C-PM-1013-02,42C,PM,10132018,2,Adult,Gray,Cinnamon,Gray+Cinnamon,,Ground Plane,FALSE,,FALSE,FALSE,FALSE,FALSE,TRUE,,FALSE,FALSE,FALSE,FALSE,FALSE,FALSE,TRUE,FALSE,,POINT (-73.95641731490922 40.7991558544827)
"-7,397,064,148,636","4,077,327,548,371",11F-PM-1006-01,11F,PM,10062018,1,Adult,Gray,,Gray+,,Ground Plane,FALSE,,FALSE,FALSE,FALSE,FALSE,FALSE,sitting,FALSE,FALSE,FALSE,FALSE,FALSE,FALSE,TRUE,FALSE,,POINT (-73.9706414863639 40.7732754837144)
"-7,397,216,564,136","4,077,228,690,656",9F-PM-1014-08,09F,PM,10142018,8,Adult,Gray,Cinnamon,Gray+Cinnamon,,Ground Plane,FALSE,,FALSE,FALSE,FALSE,TRUE,FALSE,,FALSE,FALSE,FALSE,FALSE,FALSE,FALSE,FALSE,FALSE,turned to face me while eating,POINT (-73.9721656413591 40.7722869065638)
"-7,396,276,614,654","4,078,193,568,106",22G-PM-1018-02,22G,PM,10182018,2,Adult,Gray,"Cinnamon, White","Gray+Cinnamon, White",,Ground Plane,FALSE,,FALSE,FALSE,FALSE,TRUE,TRUE,,FALSE,FALSE,FALSE,FALSE,FALSE,FALSE,TRUE,FALSE,,POINT (-73.9627661465376 40.7819356810575)
"-739,692,650,851","407,713,793,846",9H-PM-1018-03,09H,PM,10182018,3,Adult,Gray,,Gray+,,Ground Plane,FALSE,,FALSE,FALSE,FALSE,FALSE,TRUE,,FALSE,FALSE,FALSE,FALSE,FALSE,FALSE,FALSE,FALSE,,POINT (-73.9692650850957 40.7713793846002)
"-7,395,552,559,506","407,977,720,808",40D-AM-1013-04,40D,AM,10132018,4,Adult,Gray,Cinnamon,Gray+Cinnamon,Gray & Cinnamon selected as Primary. Nothing selected as Highlights. Made executive adjustments.,Ground Plane,FALSE,,FALSE,FALSE,FALSE,TRUE,TRUE,,FALSE,FALSE,FALSE,FALSE,FALSE,FALSE,TRUE,FALSE,,POINT (-73.9555255950648 40.7977720808005)
"-7,395,448,087,082","4,079,065,758,523",34I-AM-1012-02,34I,AM,10122018,2,Adult,Gray,White,Gray+White,Short tail,Ground Plane,FALSE,,FALSE,FALSE,FALSE,FALSE,FALSE,hiding,FALSE,FALSE,FALSE,FALSE,FALSE,FALSE,FALSE,TRUE,,POINT (-73.9544808708211 40.7906575852286)
"-7,397,464,934,414","4,077,504,787,349",11B-PM-1014-06,11B,PM,10142018,6,Adult,Gray,Cinnamon,Gray+Cinnamon,,Above Ground,15,,FALSE,FALSE,FALSE,FALSE,FALSE,cleaning,FALSE,FALSE,FALSE,FALSE,FALSE,FALSE,TRUE,FALSE,,POINT (-73.9746493441414 40.7750478734868)
"-7,397,118,102,224","407,773,445,612",14D-PM-1019-05,14D,PM,10192018,5,Adult,Gray,,Gray+,,Ground Plane,FALSE,,TRUE,FALSE,FALSE,FALSE,FALSE,,FALSE,FALSE,FALSE,FALSE,FALSE,FALSE,FALSE,FALSE,,POINT (-73.9711810222421 40.7773445611969)
"-7,397,263,812,347","407,752,694,816",12D-PM-1014-01,12D,PM,10142018,1,Adult,Gray,"Cinnamon, White","Gray+Cinnamon, White",,Above Ground,10,,FALSE,FALSE,TRUE,FALSE,FALSE,,FALSE,FALSE,FALSE,FALSE,FALSE,FALSE,TRUE,FALSE,,POINT (-73.9726381234747 40.7752694815985)
"-7,398,069,280,077","4,076,825,542,203",1A-PM-1014-03,01A,PM,10142018,3,Adult,Gray,Black,Gray+Black,,Ground Plane,FALSE,,FALSE,FALSE,FALSE,FALSE,TRUE,,FALSE,FALSE,FALSE,FALSE,FALSE,FALSE,FALSE,TRUE,,POINT (-73.9806928007664 40.768255422025)
"-7,395,896,006,264","4,079,136,902,651",33E-AM-1014-08,33E,AM,10142018,8,Adult,Gray,"Cinnamon, White","Gray+Cinnamon, White",,Above Ground,5,,FALSE,FALSE,TRUE,FALSE,FALSE,,TRUE,FALSE,FALSE,FALSE,FALSE,FALSE,TRUE,FALSE,,POINT (-73.9589600626433 40.7913690265064)
"-7,395,796,595,432","407,905,646,887",32F-AM-1012-07,32F,AM,10122018,7,Adult,Gray,White,Gray+White,,Ground Plane,FALSE,,FALSE,FALSE,FALSE,FALSE,TRUE,,FALSE,FALSE,FALSE,FALSE,FALSE,FALSE,FALSE,FALSE,,POINT (-73.9579659543224 40.7905646887034)
"-7,396,690,173,453","4,077,669,289,871",15G-AM-1008-01,15G,AM,10082018,1,Adult,Gray,Cinnamon,Gray+Cinnamon,,Ground Plane,FALSE,,TRUE,FALSE,FALSE,FALSE,TRUE,,FALSE,FALSE,FALSE,FALSE,FALSE,FALSE,TRUE,FALSE,,POINT (-73.9669017345324 40.7766928987073)
"-7,397,100,267,047","4,077,610,527,646",13D-AM-1014-04,13D,AM,10142018,4,Adult,Gray,"Cinnamon, White","Gray+Cinnamon, White",Gray & Cinnamon selected as Primary. White selected as Highlights. Made executive adjustments.,Ground Plane,FALSE,,FALSE,TRUE,FALSE,FALSE,FALSE,,FALSE,FALSE,FALSE,FALSE,FALSE,FALSE,TRUE,FALSE,,POINT (-73.9710026704697 40.7761052764621)
"-7,395,757,980,041","4,079,570,140,355",38D-PM-1006-04,38D,PM,10062018,4,Adult,Cinnamon,Gray,Cinnamon+Gray,,Ground Plane,FALSE,,TRUE,FALSE,FALSE,FALSE,FALSE,,FALSE,FALSE,FALSE,FALSE,FALSE,FALSE,FALSE,TRUE,near drive -runners -cyclists,POINT (-73.95757980040841 40.795701403549)
"-7,396,088,341,024","4,079,062,471,001",31D-AM-1014-05,31D,AM,10142018,5,Juvenile,Gray,White,Gray+White,,Ground Plane,FALSE,,FALSE,FALSE,FALSE,FALSE,TRUE,,FALSE,FALSE,FALSE,FALSE,FALSE,FALSE,FALSE,TRUE,,POINT (-73.9608834102446 40.790624710005)
"-7,396,181,730,924","4,079,258,001,815",33B-PM-1010-04,33B,PM,10102018,4,Adult,Gray,Cinnamon,Gray+Cinnamon,,Ground Plane,FALSE,,FALSE,FALSE,FALSE,TRUE,FALSE,,FALSE,FALSE,FALSE,FALSE,FALSE,FALSE,TRUE,FALSE,,POINT (-73.9618173092433 40.7925800181543)
"-7,395,447,632,819","4,079,696,454,763",40F-PM-1006-03,40F,PM,10062018,3,Adult,Gray,Cinnamon,Gray+Cinnamon,,Ground Plane,FALSE,,FALSE,FALSE,FALSE,TRUE,FALSE,,FALSE,FALSE,FALSE,FALSE,FALSE,FALSE,TRUE,FALSE,,POINT (-73.9544763281886 40.7969645476349)
"-7,397,026,089,917","4,078,365,172,487",21A-AM-1019-05,21A,AM,10192018,5,Adult,Gray,,Gray+,,Above Ground,2,,FALSE,FALSE,TRUE,FALSE,FALSE,,FALSE,FALSE,FALSE,FALSE,FALSE,FALSE,TRUE,FALSE,,POINT (-73.970260899173 40.783651724865)
"-7,397,684,115,477","4,077,413,770,189",9A-AM-1013-03,09A,AM,10132018,3,Juvenile,Gray,Cinnamon,Gray+Cinnamon,,Ground Plane,FALSE,,FALSE,FALSE,FALSE,FALSE,TRUE,,FALSE,FALSE,FALSE,FALSE,FALSE,FALSE,TRUE,FALSE,,POINT (-73.9768411547701 40.7741377018895)
"-7,397,846,100,316","4,076,688,399,662",1D-AM-1006-07,01D,AM,10062018,7,Adult,Gray,"Cinnamon, White","Gray+Cinnamon, White",Gray & Cinnamon selected as Primary. White selected as Highlights. Made executive adjustments.,Ground Plane,FALSE,,FALSE,FALSE,FALSE,TRUE,TRUE,,FALSE,FALSE,FALSE,FALSE,TRUE,FALSE,FALSE,FALSE,,POINT (-73.9784610031588 40.7668839966177)
"-7,397,355,875,608","4,076,723,462,552",3G-PM-1013-02,03G,PM,10132018,2,Adult,Gray,"Cinnamon, White","Gray+Cinnamon, White",,Ground Plane,FALSE,,FALSE,FALSE,FALSE,FALSE,FALSE,"wandering,interacting with tourists",FALSE,FALSE,FALSE,FALSE,FALSE,TRUE,FALSE,FALSE,"approaches (father - son taking photos,talking about giving him planters peanuts)",POINT (-73.9735587560787 40.7672346255151)
"-7,395,383,770,398","407,980,605,335",42E-PM-1012-03,42E,PM,10122018,3,Adult,Gray,White,Gray+White,,Above Ground,20,in tree,FALSE,FALSE,TRUE,FALSE,TRUE,,TRUE,FALSE,FALSE,FALSE,FALSE,FALSE,TRUE,FALSE,,POINT (-73.9538377039825 40.7980605334961)
"-7,397,257,002,619","4,076,687,933,304",3H-PM-1014-01,03H,PM,10142018,1,Adult,Gray,,Gray+,,Ground Plane,FALSE,under a parked car,TRUE,FALSE,FALSE,FALSE,FALSE,,FALSE,FALSE,FALSE,FALSE,FALSE,FALSE,FALSE,TRUE,,POINT (-73.9725700261894 40.7668793330427)
"-7,396,676,944,399","4,077,795,018,091",17G-PM-1017-03,17G,PM,10172018,3,Adult,Gray,White,Gray+White,,Above Ground,10,tree & ground,TRUE,TRUE,TRUE,FALSE,FALSE,,FALSE,FALSE,FALSE,FALSE,FALSE,FALSE,TRUE,FALSE,,POINT (-73.9667694439895 40.7779501809095)
"-7,396,187,095,894","4,079,449,690,668",35A-PM-1013-02,35A,PM,10132018,2,Adult,Gray,White,Gray+White,,Ground Plane,FALSE,,FALSE,FALSE,FALSE,FALSE,TRUE,,FALSE,FALSE,FALSE,FALSE,FALSE,FALSE,FALSE,TRUE,,POINT (-73.9618709589382 40.7944969066792)
"-7,396,611,082,484","4,078,919,451,238",28A-AM-1014-01,28A,AM,10142018,1,Adult,Gray,,Gray+,,Ground Plane,FALSE,,FALSE,FALSE,FALSE,TRUE,TRUE,,FALSE,FALSE,FALSE,FALSE,FALSE,FALSE,FALSE,FALSE,,POINT (-73.9661108248377 40.7891945123815)
"-7,396,762,460,141","4,078,635,513,609",24A-PM-1007-05,24A,PM,10072018,5,Juvenile,Gray,Cinnamon,Gray+Cinnamon,,Above Ground,45,in tree,FALSE,FALSE,TRUE,FALSE,FALSE,,FALSE,FALSE,FALSE,FALSE,FALSE,FALSE,FALSE,FALSE,,POINT (-73.9676246014119 40.786355136088)
"-7,396,362,349,533","4,077,751,385,477",18I-PM-1007-06,18I,PM,10072018,6,Adult,Cinnamon,Gray,Cinnamon+Gray,,Ground Plane,FALSE,,FALSE,FALSE,FALSE,FALSE,TRUE,digging,FALSE,FALSE,FALSE,FALSE,FALSE,FALSE,TRUE,FALSE,,POINT (-73.9636234953334 40.7775138547689)
"-739,712,636,932","4,077,998,098,773",17B-AM-1010-03,17B,AM,10102018,3,Adult,Gray,,Gray+,,Above Ground,25,,FALSE,FALSE,TRUE,FALSE,FALSE,,FALSE,FALSE,FALSE,FALSE,FALSE,FALSE,FALSE,FALSE,,POINT (-73.9712636931964 40.77998098773)
"-739,562,733,511","4,079,931,421,018",42C-PM-1013-03,42C,PM,10132018,3,Adult,Gray,,Gray+,,Ground Plane,FALSE,Crossing street,FALSE,FALSE,FALSE,FALSE,TRUE,,FALSE,FALSE,FALSE,FALSE,FALSE,FALSE,TRUE,FALSE,,POINT (-73.9562733511031 40.7993142101839)
"-7,397,060,411,735","4,077,801,527,848",15D-PM-1017-05,15D,PM,10172018,5,Adult,Gray,White,Gray+White,,Ground Plane,FALSE,,FALSE,FALSE,FALSE,FALSE,TRUE,,FALSE,FALSE,FALSE,FALSE,FALSE,FALSE,TRUE,FALSE,,POINT (-73.9706041173545 40.7780152784804)
"-7,396,430,251,719","4,079,057,039,152",30B-PM-1019-06,30B,PM,10192018,6,Adult,Gray,"Black, Cinnamon, White","Gray+Black, Cinnamon, White",,Ground Plane,FALSE,,FALSE,FALSE,TRUE,FALSE,TRUE,,FALSE,FALSE,FALSE,FALSE,FALSE,FALSE,FALSE,TRUE,,POINT (-73.9643025171914 40.790570391517)
"-7,395,453,025,385","4,079,102,474,899",34I-PM-1010-07,34I,PM,10102018,7,Adult,Gray,,Gray+,,,,,TRUE,FALSE,FALSE,FALSE,TRUE,,FALSE,FALSE,FALSE,FALSE,FALSE,FALSE,FALSE,FALSE,,POINT (-73.954530253849 40.7910247489879)
"-7,396,757,180,595","4,077,860,491,415",17F-AM-1007-06,17F,AM,10072018,6,Juvenile,Cinnamon,White,Cinnamon+White,,Above Ground,8,,FALSE,FALSE,TRUE,FALSE,FALSE,,FALSE,FALSE,FALSE,FALSE,FALSE,FALSE,TRUE,FALSE,,POINT (-73.9675718059539 40.7786049141486)
"-739,696,802,053","4,078,160,574,061",19B-PM-1018-03,19B,PM,10182018,3,Adult,Gray,"Cinnamon, White","Gray+Cinnamon, White",Gray & Cinnamon selected as Primary. Gray & White selected as Highlights. Made executive adjustments.,Ground Plane,FALSE,,FALSE,FALSE,FALSE,FALSE,TRUE,,FALSE,FALSE,FALSE,FALSE,FALSE,FALSE,FALSE,FALSE,,POINT (-73.9696802053043 40.7816057406125)
"-7,397,023,822,748","4,077,217,548,489",10G-PM-1017-03,10G,PM,10172018,3,Adult,Gray,,Gray+,,Ground Plane,FALSE,,FALSE,FALSE,FALSE,TRUE,FALSE,,FALSE,FALSE,FALSE,FALSE,FALSE,FALSE,TRUE,FALSE,,POINT (-73.9702382274798 40.7721754848905)
"-7,395,672,557,633","4,079,363,318,993",36F-AM-1017-05,36F,AM,10172018,5,Adult,Gray,White,Gray+White,,Above Ground,8,,FALSE,FALSE,FALSE,FALSE,FALSE,staying very still to avoid two very curious dogs on the ground,FALSE,FALSE,FALSE,FALSE,FALSE,FALSE,FALSE,FALSE,"petrified,frozen (tail over its back,frozen)",POINT (-73.9567255763265 40.7936331899263)
"-7,396,905,514,771","4,078,236,856,632",20B-PM-1013-07,20B,PM,10132018,7,Adult,Gray,White,Gray+White,,Ground Plane,FALSE,,FALSE,TRUE,FALSE,FALSE,FALSE,,FALSE,FALSE,FALSE,FALSE,FALSE,FALSE,TRUE,FALSE,,POINT (-73.9690551477139 40.7823685663196)
"-7,395,256,271,194","4,079,386,028,675",38I-PM-1014-02,38I,PM,10142018,2,Adult,Gray,"Cinnamon, White","Gray+Cinnamon, White",,Ground Plane,FALSE,hanging out w/ Squirrel #1,FALSE,FALSE,FALSE,FALSE,FALSE,scampering w/ squirrel #1,FALSE,FALSE,FALSE,FALSE,TRUE,FALSE,FALSE,TRUE,,POINT (-73.9525627119429 40.7938602867464)
"-7,395,650,266,301","4,078,816,090,888",30I-PM-1006-05,30I,PM,10062018,5,Adult,Gray,White,Gray+White,,Ground Plane,FALSE,,TRUE,FALSE,FALSE,FALSE,FALSE,,FALSE,FALSE,FALSE,FALSE,FALSE,TRUE,FALSE,FALSE,,POINT (-73.956502663005 40.788160908881)
"-7,396,511,558,803","4,079,069,463,258",30A-PM-1020-01,30A,PM,10202018,1,Adult,Gray,White,Gray+White,,Ground Plane,FALSE,,FALSE,FALSE,FALSE,FALSE,TRUE,,FALSE,FALSE,FALSE,FALSE,TRUE,FALSE,FALSE,FALSE,,POINT (-73.9651155880346 40.790694632578)
"-7,395,359,803,417","4,079,811,868,222",42E-PM-1012-01,42E,PM,10122018,1,Adult,Gray,White,Gray+White,,Ground Plane,FALSE,,FALSE,FALSE,FALSE,FALSE,TRUE,,FALSE,FALSE,FALSE,FALSE,FALSE,FALSE,FALSE,FALSE,,POINT (-73.9535980341677 40.7981186822179)
"-7,395,697,599,708","4,079,314,974,523",35F-PM-1012-03,35F,PM,10122018,3,Adult,Gray,"Cinnamon, White","Gray+Cinnamon, White",,Above Ground,7,,FALSE,FALSE,TRUE,TRUE,TRUE,,FALSE,FALSE,FALSE,FALSE,FALSE,FALSE,FALSE,TRUE,,POINT (-73.9569759970802 40.79314974522941)
"-7,396,761,128,643","4,077,727,920,861",16F-AM-1008-03,16F,AM,10082018,3,Adult,Gray,"Cinnamon, White","Gray+Cinnamon, White",,Ground Plane,FALSE,road,TRUE,FALSE,FALSE,FALSE,FALSE,,FALSE,FALSE,FALSE,FALSE,TRUE,FALSE,TRUE,FALSE,,POINT (-73.9676112864286 40.7772792086081)
"-7,396,982,314,699","4,077,020,483,111",8I-PM-1013-04,08I,PM,10132018,4,Adult,Gray,"Cinnamon, White","Gray+Cinnamon, White",,Ground Plane,FALSE,,FALSE,FALSE,FALSE,FALSE,TRUE,,FALSE,FALSE,FALSE,FALSE,FALSE,FALSE,TRUE,FALSE,,POINT (-73.9698231469857 40.7702048311133)
"-7,395,979,946,741","4,079,729,883,776",38A-PM-1013-02,38A,PM,10132018,2,Adult,Gray,Cinnamon,Gray+Cinnamon,,Ground Plane,FALSE,,FALSE,FALSE,FALSE,TRUE,FALSE,,FALSE,FALSE,FALSE,FALSE,FALSE,FALSE,TRUE,FALSE,,POINT (-73.9597994674082 40.797298837759)
"-7,397,016,305,393","4,077,795,539,611",15D-AM-1007-04,15D,AM,10072018,4,Adult,Gray,White,Gray+White,,Ground Plane,FALSE,,TRUE,FALSE,FALSE,FALSE,FALSE,,FALSE,FALSE,FALSE,FALSE,FALSE,FALSE,FALSE,TRUE,,POINT (-73.97016305393261 40.7779553961101)
"-7,397,477,629,929","4,077,685,790,786",12A-AM-1008-02,12A,AM,10082018,2,Adult,Gray,,Gray+,,Above Ground,5,,FALSE,FALSE,TRUE,FALSE,FALSE,,FALSE,FALSE,FALSE,FALSE,FALSE,FALSE,TRUE,FALSE,,POINT (-73.9747762992858 40.7768579078578)
"-7,397,089,038,622","4,077,873,706,746",16C-AM-1014-03,16C,AM,10142018,3,Adult,Gray,"Black, Cinnamon, White","Gray+Black, Cinnamon, White",,Ground Plane,FALSE,,FALSE,FALSE,FALSE,FALSE,TRUE,,FALSE,FALSE,FALSE,FALSE,FALSE,FALSE,TRUE,FALSE,,POINT (-73.9708903862176 40.7787370674642)
"-7,397,734,865,216","4,077,084,549,021",5C-PM-1010-02,05C,PM,10102018,2,Adult,Gray,White,Gray+White,,Ground Plane,FALSE,,FALSE,FALSE,FALSE,FALSE,TRUE,,FALSE,FALSE,FALSE,FALSE,FALSE,FALSE,FALSE,TRUE,,POINT (-73.9773486521595 40.7708454902113)
"-7,397,007,797,263","4,077,220,862,511",10G-AM-1006-11,10G,AM,10062018,11,Juvenile,Gray,,Gray+,,Above Ground,2,,FALSE,FALSE,TRUE,FALSE,FALSE,,FALSE,FALSE,FALSE,FALSE,TRUE,FALSE,FALSE,FALSE,,POINT (-73.9700779726297 40.7722086251085)
"-7,397,250,779,336","4,076,545,627,103",2I-PM-1006-01,02I,PM,10062018,1,Adult,Gray,"Cinnamon, White","Gray+Cinnamon, White",,Above Ground,2,Sitting on back of bench with food hanging from mouth,FALSE,FALSE,FALSE,FALSE,FALSE,staring at me,FALSE,FALSE,FALSE,FALSE,FALSE,FALSE,FALSE,TRUE,,POINT (-73.9725077933574 40.7654562710325)
"-7,396,102,667,081","4,078,175,121,074",23I-PM-1019-03,23I,PM,10192018,3,Adult,Gray,,Gray+,,Ground Plane,FALSE,,FALSE,FALSE,FALSE,FALSE,TRUE,,FALSE,FALSE,FALSE,FALSE,FALSE,FALSE,FALSE,FALSE,,POINT (-73.9610266708075 40.7817512107392)
"-7,396,856,122,899","4,077,784,888,292",16E-PM-1018-08,16E,PM,10182018,8,Adult,Cinnamon,White,Cinnamon+White,,Ground Plane,FALSE,,FALSE,FALSE,FALSE,FALSE,TRUE,,FALSE,FALSE,FALSE,FALSE,TRUE,FALSE,TRUE,FALSE,,POINT (-73.9685612289881 40.7778488829217)
"-7,396,383,120,253","4,079,038,266,596",30B-AM-1007-07,30B,AM,10072018,7,Adult,Gray,,Gray+,,Ground Plane,FALSE,,FALSE,FALSE,FALSE,TRUE,TRUE,,FALSE,FALSE,FALSE,FALSE,FALSE,FALSE,FALSE,TRUE,,POINT (-73.9638312025305 40.7903826659569)
"-7,395,760,008,525","4,079,361,116,079",35E-PM-1006-04,35E,PM,10062018,4,Adult,Gray,,Gray+,,Ground Plane,FALSE,,TRUE,FALSE,FALSE,FALSE,FALSE,,FALSE,FALSE,FALSE,FALSE,FALSE,FALSE,FALSE,TRUE,,POINT (-73.957600085245 40.7936111607879)
"-7,395,939,093,817","4,079,610,369,819",37B-PM-1013-03,37B,PM,10132018,3,Adult,Cinnamon,White,Cinnamon+White,White back left leg,,,,FALSE,FALSE,FALSE,TRUE,TRUE,watching,FALSE,FALSE,FALSE,FALSE,FALSE,FALSE,FALSE,TRUE,,POINT (-73.9593909381748 40.7961036981921)
"-7,397,829,836,348","4,076,683,143,643",1D-AM-1006-04,01D,AM,10062018,4,Adult,Gray,White,Gray+White,,Above Ground,30,,FALSE,FALSE,TRUE,FALSE,FALSE,,FALSE,FALSE,FALSE,FALSE,FALSE,FALSE,FALSE,FALSE,,POINT (-73.9782983634755 40.7668314364263)
"-7,396,224,199,176","407,945,797,979",35A-AM-1014-07,35A,AM,10142018,7,Adult,Gray,White,Gray+White,,Ground Plane,FALSE,,FALSE,TRUE,FALSE,FALSE,FALSE,,FALSE,FALSE,FALSE,FALSE,FALSE,FALSE,TRUE,FALSE,,POINT (-73.9622419917579 40.794579797904)
"-7,397,387,231,171","4,077,868,456,122",14A-AM-1014-01,14A,AM,10142018,1,Adult,Gray,White,Gray+White,,Ground Plane,FALSE,,FALSE,FALSE,FALSE,FALSE,TRUE,"foraging?,crossing road",FALSE,FALSE,FALSE,FALSE,FALSE,FALSE,TRUE,TRUE,runs from (dogs),POINT (-73.9738723117119 40.7786845612246)
"-7,398,016,514,704","4,076,776,986,569",1B-AM-1012-05,01B,AM,10122018,5,Adult,Gray,Cinnamon,Gray+Cinnamon,,Ground Plane,FALSE,,FALSE,TRUE,FALSE,TRUE,TRUE,,FALSE,FALSE,FALSE,FALSE,FALSE,FALSE,TRUE,FALSE,,POINT (-73.9801651470389 40.7677698656935)
"-7,397,726,248,348","4,076,928,219,185",4C-PM-1010-05,04C,PM,10102018,5,Adult,Gray,Cinnamon,Gray+Cinnamon,,Ground Plane,FALSE,,TRUE,FALSE,FALSE,FALSE,FALSE,,FALSE,FALSE,FALSE,FALSE,FALSE,FALSE,FALSE,FALSE,,POINT (-73.9772624834791 40.7692821918543)
"-7,397,024,201,003","4,077,727,208,899",14D-AM-1014-02,14D,AM,10142018,2,Adult,Gray,"Cinnamon, White","Gray+Cinnamon, White",,Ground Plane,FALSE,,FALSE,FALSE,FALSE,FALSE,TRUE,,FALSE,FALSE,FALSE,FALSE,FALSE,FALSE,TRUE,FALSE,,POINT (-73.9702420100291 40.7772720889907)
"-7,397,444,885,844","4,077,416,272,209",10C-PM-1013-03,10C,PM,10132018,3,Adult,Gray,Cinnamon,Gray+Cinnamon,,Ground Plane,FALSE,,FALSE,FALSE,FALSE,TRUE,TRUE,,FALSE,FALSE,FALSE,FALSE,TRUE,FALSE,TRUE,FALSE,,POINT (-73.9744488584414 40.7741627220859)
"-7,396,471,513,036","4,079,126,810,608",30A-PM-1020-03,30A,PM,10202018,3,Adult,Gray,Cinnamon,Gray+Cinnamon,,Ground Plane,FALSE,Rock,FALSE,FALSE,FALSE,TRUE,FALSE,,FALSE,FALSE,FALSE,FALSE,FALSE,FALSE,FALSE,TRUE,,POINT (-73.9647151303629 40.7912681060756)
"-7,396,844,605,681","4,078,582,481,887",24A-PM-1007-01,24A,PM,10072018,1,Adult,Gray,White,Gray+White,,Ground Plane,FALSE,,TRUE,FALSE,FALSE,FALSE,FALSE,,FALSE,FALSE,FALSE,FALSE,FALSE,FALSE,TRUE,FALSE,,POINT (-73.96844605680602 40.785824818871)
"-7,396,552,065,711","4,077,648,515,687",16H-PM-1014-02,16H,PM,10142018,2,Adult,Gray,White,Gray+White,,Ground Plane,FALSE,,TRUE,FALSE,FALSE,FALSE,FALSE,,FALSE,FALSE,FALSE,FALSE,FALSE,FALSE,TRUE,FALSE,,POINT (-73.9655206571055 40.7764851568746)
"-7,395,829,048,147","4,079,059,157,496",32F-AM-1012-04,32F,AM,10122018,4,Adult,Black,,Black+,,Ground Plane,FALSE,,TRUE,FALSE,FALSE,FALSE,FALSE,,FALSE,FALSE,FALSE,FALSE,FALSE,FALSE,FALSE,FALSE,,POINT (-73.9582904814652 40.7905915749564)
"-7,396,515,413,954","4,077,982,832,087",19G-PM-1017-01,19G,PM,10172018,1,Adult,Cinnamon,White,Cinnamon+White,,Above Ground,12,,FALSE,FALSE,FALSE,FALSE,FALSE,watching,FALSE,FALSE,FALSE,FALSE,FALSE,TRUE,FALSE,FALSE,,POINT (-73.9651541395415 40.7798283208748)
"-7,396,582,039,994","4,077,758,740,268",17G-PM-1017-01,17G,PM,10172018,1,Adult,Gray,,Gray+,,Ground Plane,FALSE,base of tree,FALSE,FALSE,FALSE,FALSE,TRUE,,FALSE,FALSE,FALSE,FALSE,FALSE,FALSE,TRUE,FALSE,,POINT (-73.9658203999388 40.7775874026824)
"-7,398,015,625,273","4,076,872,673,271",2B-AM-1010-01,02B,AM,10102018,1,Juvenile,Gray,White,Gray+White,,Ground Plane,FALSE,,FALSE,FALSE,FALSE,TRUE,TRUE,,FALSE,FALSE,FALSE,FALSE,FALSE,FALSE,TRUE,FALSE,,POINT (-73.9801562527339 40.7687267327113)
"-7,395,971,924,555","4,079,733,161,787",38A-AM-1019-03,38A,AM,10192018,3,Adult,Gray,White,Gray+White,White belly,Ground Plane,FALSE,,FALSE,FALSE,FALSE,FALSE,TRUE,stood on back legs,FALSE,FALSE,FALSE,FALSE,FALSE,TRUE,TRUE,TRUE,,POINT (-73.9597192455543 40.7973316178661)
"-7,395,836,969,941","4,079,024,566,683",32F-PM-1008-01,32F,PM,10082018,1,Adult,Gray,,Gray+,,Ground Plane,FALSE,,TRUE,TRUE,TRUE,TRUE,TRUE,,FALSE,FALSE,FALSE,FALSE,FALSE,FALSE,TRUE,FALSE,,POINT (-73.958369699409 40.7902456668332)
"-7,396,415,843,953","4,078,165,716,441",21G-AM-1014-01,21G,AM,10142018,1,Adult,Gray,White,Gray+White,,Ground Plane,FALSE,,FALSE,FALSE,FALSE,FALSE,TRUE,,FALSE,FALSE,FALSE,FALSE,FALSE,FALSE,TRUE,FALSE,,POINT (-73.9641584395299 40.7816571644072)
"-7,397,339,054,603","4,076,563,371,478",2H-PM-1006-03,02H,PM,10062018,3,Adult,Black,,Black+,,Ground Plane,FALSE,,FALSE,FALSE,FALSE,TRUE,FALSE,,FALSE,FALSE,FALSE,FALSE,FALSE,FALSE,TRUE,FALSE,,POINT (-73.9733905460282 40.7656337147768)
"-7,396,934,623,543","4,077,644,443,855",14E-PM-1017-01,14E,PM,10172018,1,Juvenile,Gray,Cinnamon,Gray+Cinnamon,,Ground Plane,FALSE,,FALSE,FALSE,FALSE,TRUE,TRUE,,FALSE,FALSE,FALSE,FALSE,FALSE,FALSE,TRUE,FALSE,,POINT (-73.9693462354257 40.7764444385452)
"-7,396,929,469,389","4,077,673,897,915",14E-AM-1008-13,14E,AM,10082018,13,Adult,Gray,,Gray+,,Above Ground,1,,FALSE,FALSE,TRUE,TRUE,TRUE,,FALSE,FALSE,FALSE,FALSE,FALSE,FALSE,TRUE,FALSE,curious,POINT (-73.9692946938852 40.7767389791452)
"-7,395,987,466,829","4,079,070,042,335",32E-AM-1007-09,32E,AM,10072018,9,Adult,Gray,White,Gray+White,,Ground Plane,FALSE,,FALSE,FALSE,TRUE,FALSE,FALSE,,FALSE,FALSE,FALSE,FALSE,FALSE,TRUE,FALSE,FALSE,,POINT (-73.959874668294 40.7907004233491)
"-7,397,300,395,815","4,077,306,883,985",9E-PM-1014-03,09E,PM,10142018,3,Adult,Gray,"Black, Cinnamon, White","Gray+Black, Cinnamon, White",,Ground Plane,FALSE,underneath a tree,FALSE,FALSE,FALSE,TRUE,TRUE,,FALSE,FALSE,FALSE,FALSE,TRUE,FALSE,FALSE,FALSE,,POINT (-73.9730039581521 40.7730688398468)
"-7,396,879,332,296","4,077,886,002,425",17E-PM-1018-01,17E,PM,10182018,1,Adult,Gray,White,Gray+White,,Ground Plane,FALSE,,FALSE,FALSE,FALSE,TRUE,TRUE,,FALSE,FALSE,FALSE,FALSE,FALSE,FALSE,TRUE,FALSE,,POINT (-73.9687933229572 40.7788600242549)
"-7,396,126,235,775","4,079,115,587,145",32D-AM-1013-02,32D,AM,10132018,2,Adult,Gray,Cinnamon,Gray+Cinnamon,,Ground Plane,FALSE,,FALSE,FALSE,FALSE,FALSE,TRUE,,FALSE,FALSE,FALSE,FALSE,FALSE,FALSE,TRUE,FALSE,,POINT (-73.9612623577548 40.7911558714527)
"-7,395,624,426,226","4,079,572,855,426",38E-AM-1010-03,38E,AM,10102018,3,Adult,Gray,Cinnamon,Gray+Cinnamon,,Ground Plane,FALSE,,FALSE,FALSE,FALSE,TRUE,TRUE,,FALSE,FALSE,FALSE,FALSE,FALSE,FALSE,FALSE,FALSE,,POINT (-73.9562442622553 40.7957285542564)
"-7,397,576,731,937","4,076,696,143,226",2F-PM-1014-04,02F,PM,10142018,4,Adult,Gray,,Gray+,,Above Ground,20,,FALSE,FALSE,FALSE,TRUE,FALSE,,FALSE,FALSE,FALSE,FALSE,FALSE,FALSE,TRUE,FALSE,,POINT (-73.9757673193743 40.766961432261304)
"-7,397,011,824,548","4,077,728,055,009",15D-PM-1017-03,15D,PM,10172018,3,Adult,Gray,White,Gray+White,,Ground Plane,FALSE,,FALSE,FALSE,FALSE,FALSE,TRUE,,FALSE,FALSE,FALSE,FALSE,FALSE,FALSE,TRUE,FALSE,,POINT (-73.9701182454818 40.7772805500871)
"-7,396,955,729,034","4,078,082,298,171",18C-AM-1018-01,18C,AM,10182018,1,Adult,Gray,Black,Gray+Black,,Above Ground,30,,FALSE,FALSE,TRUE,FALSE,FALSE,,FALSE,FALSE,FALSE,FALSE,FALSE,FALSE,FALSE,FALSE,,POINT (-73.9695572903383 40.780822981713)
"-7,397,522,251,951","4,077,037,476,699",6D-PM-1020-05,06D,PM,10202018,5,Adult,Gray,,Gray+,,Ground Plane,FALSE,,FALSE,FALSE,FALSE,FALSE,TRUE,,FALSE,FALSE,FALSE,FALSE,FALSE,TRUE,FALSE,FALSE,,POINT (-73.9752225195115 40.7703747669865)
"-7,396,747,266,035","4,077,721,256,197",16F-PM-1013-03,16F,PM,10132018,3,Juvenile,Gray,Cinnamon,Gray+Cinnamon,,Above Ground,4,Woods,FALSE,FALSE,TRUE,FALSE,TRUE,,FALSE,FALSE,FALSE,FALSE,FALSE,FALSE,FALSE,TRUE,,POINT (-73.96747266034902 40.7772125619715)
"-7,397,361,648,712","4,077,256,950,486",8D-PM-1007-04,08D,PM,10072018,4,Adult,Gray,Cinnamon,Gray+Cinnamon,,Ground Plane,FALSE,,FALSE,FALSE,FALSE,FALSE,TRUE,,FALSE,FALSE,FALSE,FALSE,TRUE,FALSE,FALSE,FALSE,,POINT (-73.9736164871197 40.7725695048569)
"-7,396,143,736,396","4,079,450,519,629",35B-PM-1013-01,35B,PM,10132018,1,Juvenile,Gray,Cinnamon,Gray+Cinnamon,,Ground Plane,FALSE,,FALSE,FALSE,FALSE,TRUE,FALSE,did not notice dog sitting a few yards away (10-20 ft),FALSE,FALSE,FALSE,TRUE,FALSE,FALSE,TRUE,FALSE,,POINT (-73.9614373639552 40.7945051962914)
"-7,395,962,512,846","4,079,162,547,976",33D-AM-1017-05,33D,AM,10172018,5,Adult,Black,,Black+,,Above Ground,5,,FALSE,FALSE,TRUE,FALSE,TRUE,,FALSE,FALSE,FALSE,FALSE,TRUE,FALSE,TRUE,FALSE,,POINT (-73.9596251284566 40.7916254797561)
"-7,397,218,979,152","4,076,604,342,031",3I-AM-1010-02,03I,AM,10102018,2,Adult,Gray,,Gray+,,Above Ground,40,,TRUE,FALSE,FALSE,FALSE,FALSE,,FALSE,FALSE,FALSE,FALSE,FALSE,FALSE,TRUE,FALSE,,POINT (-73.9721897915211 40.76604342031321)
"-7,396,488,316,116","407,801,326,415",19G-PM-1017-02,19G,PM,10172018,2,Adult,Gray,Cinnamon,Gray+Cinnamon,,Ground Plane,FALSE,,FALSE,FALSE,FALSE,FALSE,FALSE,patting ground,FALSE,FALSE,FALSE,FALSE,TRUE,FALSE,FALSE,TRUE,,POINT (-73.9648831611629 40.7801326414973)
"-7,397,915,361,832","4,076,727,059,319",1C-PM-1013-03,01C,PM,10132018,3,Adult,Cinnamon,White,Cinnamon+White,,Ground Plane,FALSE,,FALSE,FALSE,FALSE,FALSE,TRUE,,FALSE,FALSE,FALSE,FALSE,FALSE,FALSE,FALSE,FALSE,,POINT (-73.9791536183194 40.7672705931866)
"-7,396,974,711,235","4,077,731,633,883",15E-PM-1008-10,15E,PM,10082018,10,Adult,Gray,,Gray+,,Ground Plane,FALSE,,FALSE,FALSE,FALSE,TRUE,TRUE,,FALSE,FALSE,FALSE,FALSE,FALSE,FALSE,TRUE,FALSE,,POINT (-73.9697471123497 40.777316338832705)
"-7,395,988,755,413","4,079,734,155,807",38A-AM-1019-04,38A,AM,10192018,4,Adult,Gray,,Gray+,,Above Ground,2,,FALSE,FALSE,FALSE,FALSE,FALSE,walking,FALSE,FALSE,FALSE,FALSE,FALSE,FALSE,TRUE,FALSE,,POINT (-73.9598875541307 40.7973415580717)
"-7,397,870,151,847","4,076,901,145,857",3B-PM-1007-06,03B,PM,10072018,6,Juvenile,,,+,,,,,FALSE,FALSE,FALSE,TRUE,FALSE,,FALSE,FALSE,FALSE,FALSE,FALSE,FALSE,TRUE,FALSE,,POINT (-73.9787015184662 40.7690114585688)
"-7,395,985,354,257","4,079,155,893,437",33D-PM-1006-01,33D,PM,10062018,1,,Gray,Cinnamon,Gray+Cinnamon,,Above Ground,15,,FALSE,TRUE,FALSE,FALSE,FALSE,hanging on fence,TRUE,FALSE,FALSE,TRUE,FALSE,FALSE,FALSE,TRUE,,POINT (-73.9598535425706 40.7915589343685)
"-7,395,962,321,702","4,079,595,508,432",37B-PM-1013-01,37B,PM,10132018,1,Adult,Gray,,Gray+,Sighting was far away,Ground Plane,FALSE,,TRUE,FALSE,FALSE,FALSE,FALSE,,FALSE,FALSE,FALSE,FALSE,FALSE,FALSE,FALSE,TRUE,,POINT (-73.9596232170232 40.795955084322905)
"-7,397,519,828,455","4,077,403,437,634",9B-AM-1010-06,09B,AM,10102018,6,Juvenile,Gray,White,Gray+White,,Above Ground,16,tree,FALSE,FALSE,TRUE,FALSE,FALSE,cleaning,FALSE,FALSE,FALSE,FALSE,FALSE,FALSE,TRUE,FALSE,,POINT (-73.975198284551 40.7740343763399)
"-7,396,512,504,026","4,078,128,849,291",20F-PM-1007-04,20F,PM,10072018,4,Juvenile,Gray,White,Gray+White,white on tail,Above Ground,20,climbed tree,FALSE,FALSE,TRUE,FALSE,TRUE,,FALSE,FALSE,FALSE,FALSE,FALSE,FALSE,FALSE,FALSE,,POINT (-73.9651250402583 40.7812884929069)
"-7,395,473,986,848","4,078,964,837,953",33I-AM-1008-01,33I,AM,10082018,1,Adult,Gray,Cinnamon,Gray+Cinnamon,,Ground Plane,FALSE,edge of park @ 98th (north),FALSE,FALSE,FALSE,FALSE,TRUE,,FALSE,FALSE,FALSE,FALSE,FALSE,FALSE,TRUE,FALSE,,POINT (-73.9547398684817 40.7896483795302)
"-7,396,512,179,984","4,077,611,153,927",15I-PM-1012-01,15I,PM,10122018,1,Adult,Gray,Cinnamon,Gray+Cinnamon,,Ground Plane,FALSE,,TRUE,FALSE,FALSE,TRUE,TRUE,,FALSE,FALSE,FALSE,FALSE,TRUE,FALSE,FALSE,FALSE,,POINT (-73.9651217998407 40.7761115392738)
"-7,397,673,175,395","4,077,176,004,506",6B-PM-1017-05,06B,PM,10172018,5,Adult,Gray,Cinnamon,Gray+Cinnamon,,Ground Plane,FALSE,,TRUE,TRUE,FALSE,FALSE,TRUE,,FALSE,FALSE,FALSE,FALSE,FALSE,FALSE,FALSE,FALSE,,POINT (-73.9767317539505 40.7717600450632)
"-7,396,918,454,202","4,077,077,498,993",9I-AM-1014-03,09I,AM,10142018,3,Adult,Gray,,Gray+,,Ground Plane,FALSE,,FALSE,FALSE,FALSE,FALSE,TRUE,,FALSE,FALSE,FALSE,FALSE,FALSE,TRUE,FALSE,FALSE,,POINT (-73.9691845420174 40.7707749899254)
"-7,395,577,101,183","4,079,191,611,856",34G-PM-1006-01,34G,PM,10062018,1,Adult,Black,,Black+,"Skinny, thin tail",Ground Plane,FALSE,,FALSE,FALSE,FALSE,FALSE,FALSE,digging,FALSE,FALSE,FALSE,FALSE,FALSE,FALSE,FALSE,FALSE,,POINT (-73.9557710118271 40.7919161185557)
"-7,396,971,787,698","4,077,915,441,024",17D-AM-1008-03,17D,AM,10082018,3,Adult,Gray,White,Gray+White,,Ground Plane,FALSE,,FALSE,FALSE,FALSE,TRUE,FALSE,,FALSE,FALSE,FALSE,FALSE,TRUE,FALSE,TRUE,FALSE,,POINT (-73.96971787697882 40.7791544102422)
"-7,396,869,257,813","4,077,056,886,731",9I-PM-1010-05,09I,PM,10102018,5,Adult,Cinnamon,"Gray, White","Cinnamon+Gray, White",,Ground Plane,FALSE,,TRUE,FALSE,FALSE,FALSE,TRUE,,FALSE,FALSE,FALSE,FALSE,FALSE,FALSE,FALSE,TRUE,,POINT (-73.9686925781295 40.7705688673142)
"-7,397,971,223,228","4,076,783,475,874",1B-PM-1019-10,01B,PM,10192018,10,Adult,Cinnamon,White,Cinnamon+White,,Above Ground,,Dog chased up tree,FALSE,FALSE,TRUE,FALSE,FALSE,,FALSE,FALSE,FALSE,FALSE,TRUE,FALSE,FALSE,FALSE,,POINT (-73.97971223228342 40.7678347587435)
"-739,767,164,258","40,773,688,998",8A-PM-1014-03,08A,PM,10142018,3,Juvenile,Gray,,Gray+,,Above Ground,23,,FALSE,FALSE,TRUE,TRUE,FALSE,,FALSE,FALSE,FALSE,FALSE,FALSE,FALSE,FALSE,FALSE,,POINT (-73.976716425804 40.7736889979965)
"-739,538,938,707","407,981,150,066",42E-PM-1012-05,42E,PM,10122018,5,Adult,Gray,White,Gray+White,,Ground Plane,FALSE,,TRUE,FALSE,FALSE,FALSE,TRUE,,FALSE,FALSE,FALSE,FALSE,FALSE,FALSE,TRUE,FALSE,,POINT (-73.9538938706987 40.7981150065974)
"-739,650,387,848","4,078,141,344,384",21F-AM-1018-04,21F,AM,10182018,4,Adult,Cinnamon,Gray,Cinnamon+Gray,,Ground Plane,FALSE,,FALSE,FALSE,FALSE,FALSE,TRUE,,FALSE,FALSE,FALSE,FALSE,TRUE,FALSE,FALSE,FALSE,,POINT (-73.9650387848001 40.7814134438394)
"-7,396,571,713,578","4,077,732,775,322",16H-PM-1014-05,16H,PM,10142018,5,Adult,Gray,White,Gray+White,,Above Ground,5,tree,TRUE,FALSE,TRUE,FALSE,TRUE,,FALSE,FALSE,FALSE,FALSE,TRUE,FALSE,TRUE,FALSE,,POINT (-73.9657171357842 40.7773277532224)
"-7,395,975,934,851","4,079,375,284,032",35C-AM-1007-04,35C,AM,10072018,4,Adult,Gray,Cinnamon,Gray+Cinnamon,,Ground Plane,FALSE,,FALSE,FALSE,FALSE,FALSE,TRUE,,FALSE,FALSE,FALSE,FALSE,FALSE,FALSE,FALSE,TRUE,,POINT (-73.9597593485091 40.7937528403249)
"-7,396,966,881,624","4,077,414,221,772",12F-AM-1020-05,12F,AM,10202018,5,Adult,Black,Cinnamon,Black+Cinnamon,,Ground Plane,FALSE,,FALSE,FALSE,FALSE,TRUE,FALSE,,FALSE,FALSE,FALSE,FALSE,TRUE,FALSE,FALSE,FALSE,,POINT (-73.9696688162449 40.7741422177187)
"-73,975,028,559","4,076,673,073,355",2F-PM-1014-09,02F,PM,10142018,9,Adult,Gray,White,Gray+White,,Ground Plane,FALSE,,TRUE,FALSE,FALSE,FALSE,FALSE,,FALSE,FALSE,FALSE,FALSE,FALSE,FALSE,TRUE,FALSE,,POINT (-73.975028559002 40.7667307335544)
"-7,397,153,759,151","4,077,512,120,888",12D-AM-1013-01,12D,AM,10132018,1,Adult,Gray,Cinnamon,Gray+Cinnamon,,Ground Plane,FALSE,,FALSE,FALSE,FALSE,FALSE,TRUE,,FALSE,FALSE,FALSE,FALSE,FALSE,TRUE,FALSE,FALSE,,POINT (-73.9715375915057 40.7751212088827)
"-7,395,833,002,802","4,078,534,950,027",27I-PM-1020-04,27I,PM,10202018,4,Adult,Gray,,Gray+,,Ground Plane,FALSE,,TRUE,FALSE,FALSE,FALSE,FALSE,,FALSE,FALSE,FALSE,FALSE,FALSE,FALSE,FALSE,TRUE,,POINT (-73.9583300280173 40.7853495002675)
"-7,396,436,644,038","4,077,936,707,037",19H-AM-1010-01,19H,AM,10102018,1,,Gray,"Cinnamon, White","Gray+Cinnamon, White",,Ground Plane,FALSE,near base of small tree,TRUE,FALSE,FALSE,TRUE,TRUE,,FALSE,FALSE,FALSE,FALSE,FALSE,FALSE,TRUE,FALSE,run from human w/ dog,POINT (-73.9643664403785 40.7793670703727)
"-739,550,131,294","4,079,540,243,115",38F-AM-1018-05,38F,AM,10182018,5,Adult,Gray,Cinnamon,Gray+Cinnamon,,Ground Plane,FALSE,,TRUE,FALSE,FALSE,FALSE,FALSE,ran up tree,FALSE,FALSE,FALSE,FALSE,FALSE,FALSE,FALSE,TRUE,,POINT (-73.955013129397 40.7954024311542)
"-7,397,943,717,098","4,076,838,791,025",2B-PM-1013-07,02B,PM,10132018,7,Adult,Cinnamon,,Cinnamon+,,Ground Plane,FALSE,,FALSE,FALSE,FALSE,TRUE,FALSE,,FALSE,FALSE,FALSE,FALSE,FALSE,TRUE,FALSE,FALSE,,POINT (-73.9794371709817 40.768387910254)
"-7,397,111,781,221","4,076,726,429,584",4I-PM-1007-01,04I,PM,10072018,1,Adult,Black,,Black+,,Ground Plane,FALSE,,TRUE,FALSE,FALSE,FALSE,TRUE,,FALSE,FALSE,FALSE,FALSE,FALSE,FALSE,FALSE,TRUE,,POINT (-73.9711178122133 40.76726429584371)
"-7,397,995,942,812","407,701,978,147",4A-AM-1007-05,04A,AM,10072018,5,Adult,Gray,,Gray+,,Ground Plane,FALSE,,FALSE,FALSE,FALSE,TRUE,FALSE,,FALSE,FALSE,FALSE,FALSE,FALSE,FALSE,TRUE,FALSE,,POINT (-73.9799594281222 40.7701978146968)
"-7,395,823,634,371","4,079,877,523,005",40B-AM-1019-06,40B,AM,10192018,6,Juvenile,Gray,White,Gray+White,,Ground Plane,FALSE,,FALSE,FALSE,FALSE,FALSE,TRUE,,FALSE,FALSE,FALSE,FALSE,FALSE,FALSE,FALSE,TRUE,,POINT (-73.9582363437135 40.7987752300505)
"-73,978,773,628","4,076,761,267,485",2C-AM-1010-01,02C,AM,10102018,1,Adult,Gray,Cinnamon,Gray+Cinnamon,,Ground Plane,FALSE,,FALSE,FALSE,FALSE,TRUE,TRUE,,FALSE,FALSE,FALSE,FALSE,FALSE,FALSE,FALSE,FALSE,,POINT (-73.9787736280005 40.7676126748454)
"-7,396,789,236,677","4,078,196,756,262",20C-PM-1018-05,20C,PM,10182018,5,Juvenile,Gray,,Gray+,,Ground Plane,FALSE,,TRUE,FALSE,FALSE,FALSE,FALSE,,FALSE,FALSE,FALSE,FALSE,FALSE,TRUE,FALSE,FALSE,,POINT (-73.9678923667678 40.781967562623606)
"-7,396,863,707,265","4,077,803,823,488",16E-PM-1018-09,16E,PM,10182018,9,Juvenile,Cinnamon,White,Cinnamon+White,,Above Ground,3,On trunk,FALSE,FALSE,TRUE,FALSE,FALSE,,FALSE,FALSE,FALSE,FALSE,TRUE,FALSE,TRUE,FALSE,,POINT (-73.9686370726471 40.7780382348833)
"-7,396,429,009,038","4,079,170,171,688",31A-AM-1010-03,31A,AM,10102018,3,Adult,Gray,,Gray+,,Ground Plane,FALSE,,TRUE,FALSE,FALSE,FALSE,FALSE,,FALSE,FALSE,FALSE,FALSE,FALSE,FALSE,TRUE,FALSE,,POINT (-73.9642900903774 40.7917017168842)
"-7,395,461,232,594","4,079,414,348,621",37G-PM-1007-05,37G,PM,10072018,5,Adult,Gray,White,Gray+White,,Ground Plane,FALSE,,TRUE,FALSE,FALSE,FALSE,FALSE,jumping around!,FALSE,FALSE,FALSE,FALSE,FALSE,FALSE,FALSE,FALSE,,POINT (-73.9546123259441 40.7941434862099)
"-7,396,840,928,128","4,077,114,458,419",9I-AM-1014-07,09I,AM,10142018,7,Adult,Cinnamon,,Cinnamon+,"No real highlight, White tail?",Ground Plane,FALSE,,FALSE,FALSE,TRUE,TRUE,TRUE,,FALSE,FALSE,FALSE,FALSE,FALSE,FALSE,TRUE,FALSE,,POINT (-73.9684092812839 40.7711445841928)
"-7,396,574,879,236","4,077,868,230,907",18G-PM-1013-04,18G,PM,10132018,4,Adult,Gray,,Gray+,,Above Ground,3,,FALSE,FALSE,TRUE,TRUE,TRUE,,FALSE,FALSE,FALSE,FALSE,FALSE,FALSE,FALSE,TRUE,,POINT (-73.9657487923637 40.7786823090663)
"-7,395,832,017,896","4,079,139,387,225",33F-PM-1012-05,33F,PM,10122018,5,Adult,Gray,"Black, Cinnamon, White","Gray+Black, Cinnamon, White",,Ground Plane,FALSE,,TRUE,FALSE,FALSE,FALSE,TRUE,,TRUE,FALSE,FALSE,TRUE,TRUE,FALSE,FALSE,TRUE,,POINT (-73.95832017896151 40.7913938722521)
"-739,758,211,561","4,076,934,228,608",5E-AM-1008-10,05E,AM,10082018,10,Adult,Gray,"Cinnamon, White","Gray+Cinnamon, White",,Above Ground,6,up a tree,TRUE,FALSE,FALSE,FALSE,TRUE,,FALSE,FALSE,FALSE,FALSE,FALSE,FALSE,TRUE,FALSE,,POINT (-73.9758211560957 40.7693422860766)
"-739,557,918,002","407,979,228,878",40D-PM-1013-03,40D,PM,10132018,3,Adult,Gray,Cinnamon,Gray+Cinnamon,,Ground Plane,FALSE,,FALSE,FALSE,FALSE,FALSE,TRUE,,FALSE,FALSE,FALSE,FALSE,FALSE,FALSE,TRUE,FALSE,,POINT (-73.9557918001972 40.7979228878042)
"-7,395,596,639,495","4,079,744,972,698",40D-AM-1013-07,40D,AM,10132018,7,Adult,Gray,,Gray+,,Above Ground,6,,FALSE,FALSE,TRUE,FALSE,TRUE,,FALSE,FALSE,FALSE,FALSE,FALSE,FALSE,FALSE,TRUE,curious,POINT (-73.9559663949511 40.7974497269789)
"-7,396,086,432,861","4,079,021,226,346",31D-PM-1006-02,31D,PM,10062018,2,Adult,Gray,,Gray+,,Above Ground,15,,FALSE,FALSE,TRUE,FALSE,FALSE,,FALSE,FALSE,FALSE,FALSE,FALSE,FALSE,TRUE,FALSE,,POINT (-73.960864328605 40.7902122634639)
"-7,397,025,301,727","407,736,241,205",11F-AM-1013-01,11F,AM,10132018,1,Adult,Gray,,Gray+,,Ground Plane,FALSE,,TRUE,FALSE,FALSE,FALSE,FALSE,,FALSE,FALSE,FALSE,FALSE,FALSE,FALSE,TRUE,FALSE,,POINT (-73.9702530172652 40.7736241205021)
"-7,395,736,565,235","407,979,754,564",40C-AM-1017-01,40C,AM,10172018,1,Adult,Gray,,Gray+,,Ground Plane,FALSE,,FALSE,TRUE,FALSE,FALSE,FALSE,chasing (#2),FALSE,FALSE,FALSE,FALSE,FALSE,FALSE,FALSE,TRUE,,POINT (-73.9573656523498 40.7979754563974)
"-739,673,349,366","4,077,732,897,242",16F-PM-1013-01,16F,PM,10132018,1,Adult,Gray,Cinnamon,Gray+Cinnamon,,Ground Plane,FALSE,Woods,FALSE,FALSE,FALSE,TRUE,TRUE,,FALSE,FALSE,FALSE,FALSE,FALSE,FALSE,FALSE,TRUE,,POINT (-73.967334936601 40.7773289724189)
"-7,396,949,386,083","4,077,457,001,021",12F-PM-1007-03,12F,PM,10072018,3,Adult,Cinnamon,Gray,Cinnamon+Gray,,Ground Plane,FALSE,,FALSE,FALSE,FALSE,TRUE,TRUE,,FALSE,FALSE,FALSE,FALSE,FALSE,FALSE,TRUE,FALSE,,POINT (-73.9694938608335 40.7745700102115)
"-7,397,075,713,644","4,077,588,598,125",13E-PM-1008-02,13E,PM,10082018,2,Adult,Gray,White,Gray+White,,Above Ground,10,,FALSE,FALSE,FALSE,FALSE,TRUE,,FALSE,FALSE,FALSE,TRUE,FALSE,FALSE,TRUE,FALSE,,POINT (-73.9707571364399 40.7758859812524)
"-7,395,611,036,886","40,794,914,085",37E-AM-1013-03,37E,AM,10132018,3,Adult,Gray,Cinnamon,Gray+Cinnamon,,Ground Plane,FALSE,,FALSE,FALSE,FALSE,FALSE,TRUE,,FALSE,FALSE,FALSE,FALSE,FALSE,FALSE,TRUE,FALSE,,POINT (-73.9561103688639 40.794914085004)
"-7,396,991,340,526","4,077,444,658,904",12F-PM-1007-14,12F,PM,10072018,14,Adult,Gray,"Cinnamon, White","Gray+Cinnamon, White",,Ground Plane,FALSE,,FALSE,FALSE,TRUE,TRUE,TRUE,,FALSE,FALSE,FALSE,FALSE,FALSE,TRUE,TRUE,FALSE,,POINT (-73.9699134052609 40.774446589038)
"-7,396,761,133,458","4,078,034,824,485",19E-PM-1018-03,19E,PM,10182018,3,Adult,Gray,,Gray+,,Ground Plane,FALSE,Baseball field #3,FALSE,FALSE,FALSE,TRUE,FALSE,,FALSE,FALSE,FALSE,FALSE,FALSE,FALSE,FALSE,FALSE,,POINT (-73.9676113345824 40.7803482448467)
"-7,397,617,764,247","4,076,959,418,438",5D-PM-1018-07,05D,PM,10182018,7,Adult,Gray,White,Gray+White,,Ground Plane,FALSE,,FALSE,FALSE,FALSE,TRUE,FALSE,,FALSE,FALSE,FALSE,FALSE,FALSE,FALSE,TRUE,FALSE,,POINT (-73.9761776424664 40.7695941843825)
"-7,396,570,403,916","4,077,555,674,282",15I-AM-1008-06,15I,AM,10082018,6,Adult,Cinnamon,White,Cinnamon+White,,Above Ground,12,,FALSE,FALSE,FALSE,TRUE,FALSE,,FALSE,FALSE,FALSE,FALSE,FALSE,FALSE,TRUE,FALSE,,POINT (-73.9657040391563 40.7755567428199)
"-7,397,341,087,311","4,076,760,513,927",4G-AM-1006-03,04G,AM,10062018,3,,Gray,White,Gray+White,,Ground Plane,FALSE,,FALSE,FALSE,FALSE,FALSE,TRUE,,FALSE,FALSE,FALSE,FALSE,FALSE,FALSE,TRUE,FALSE,,POINT (-73.9734108731087 40.7676051392697)
"-7,395,934,109,654","4,079,231,340,104",33D-AM-1017-08,33D,AM,10172018,8,Adult,Black,,Black+,,Ground Plane,FALSE,,FALSE,FALSE,FALSE,FALSE,TRUE,,FALSE,FALSE,FALSE,FALSE,FALSE,FALSE,TRUE,FALSE,,POINT (-73.9593410965431 40.7923134010383)
"-7,395,693,181,053","407,973,442,139",40C-PM-1006-07,40C,PM,10062018,7,Adult,Gray,,Gray+,,Ground Plane,FALSE,,TRUE,FALSE,FALSE,FALSE,FALSE,,FALSE,FALSE,FALSE,FALSE,FALSE,FALSE,FALSE,TRUE,,POINT (-73.9569318105253 40.7973442139041)
"-7,396,089,873,976","4,079,613,930,971",37A-PM-1013-02,37A,PM,10132018,2,Adult,Cinnamon,"Gray, White","Cinnamon+Gray, White",,Above Ground,10,,FALSE,FALSE,TRUE,FALSE,FALSE,,FALSE,FALSE,FALSE,FALSE,FALSE,FALSE,FALSE,FALSE,,POINT (-73.960898739757 40.7961393097144)
"-7,395,535,215,277","407,988,549,523",42D-AM-1014-01,42D,AM,10142018,1,Adult,Gray,"Cinnamon, White","Gray+Cinnamon, White",,Above Ground,20,,FALSE,FALSE,TRUE,TRUE,FALSE,,TRUE,FALSE,FALSE,FALSE,FALSE,FALSE,TRUE,FALSE,,POINT (-73.955352152771 40.7988549523022)
"-7,396,233,563,694","4,078,886,938,152",29D-AM-1014-05,29D,AM,10142018,5,Adult,Gray,Cinnamon,Gray+Cinnamon,,Ground Plane,FALSE,Rocky area,FALSE,FALSE,FALSE,FALSE,TRUE,,FALSE,FALSE,FALSE,FALSE,FALSE,TRUE,FALSE,FALSE,,POINT (-73.9623356369432 40.7888693815168)
"-7,396,724,133,546","4,078,381,161,382",22C-PM-1006-03,22C,PM,10062018,3,Adult,Gray,,Gray+,,Ground Plane,FALSE,,TRUE,FALSE,FALSE,FALSE,FALSE,,FALSE,FALSE,FALSE,FALSE,FALSE,FALSE,FALSE,FALSE,,POINT (-73.9672413354558 40.7838116138235)
"-7,397,097,381,665","4,077,741,026,897",14D-PM-1019-08,14D,PM,10192018,8,Adult,Gray,,Gray+,,Ground Plane,FALSE,,FALSE,FALSE,TRUE,FALSE,FALSE,,FALSE,FALSE,FALSE,FALSE,FALSE,FALSE,FALSE,FALSE,,POINT (-73.9709738166531 40.7774102689734)
"-7,396,775,008,621","4,077,260,609,878",11I-AM-1012-01,11I,AM,10122018,1,Adult,Gray,"Cinnamon, White","Gray+Cinnamon, White",,Ground Plane,FALSE,,FALSE,FALSE,FALSE,TRUE,FALSE,,FALSE,FALSE,FALSE,FALSE,TRUE,FALSE,FALSE,TRUE,,POINT (-73.9677500862135 40.7726060987821)
"-7,396,980,803,283","4,078,422,529,485",21A-AM-1019-02,21A,AM,10192018,2,Adult,Gray,,Gray+,,Ground Plane,FALSE,Tree & ground,FALSE,TRUE,FALSE,FALSE,FALSE,,FALSE,FALSE,FALSE,FALSE,FALSE,FALSE,TRUE,FALSE,,POINT (-73.9698080328304 40.7842252948542)
"-7,397,171,354,612","4,077,617,806,801",13D-PM-1018-01,13D,PM,10182018,1,Adult,Gray,"Cinnamon, White","Gray+Cinnamon, White",,Ground Plane,FALSE,,FALSE,FALSE,FALSE,FALSE,TRUE,,FALSE,FALSE,FALSE,FALSE,TRUE,FALSE,TRUE,FALSE,,POINT (-73.9717135461165 40.776178068008306)
"-7,395,560,399,976","4,079,775,491,573",40D-AM-1013-05,40D,AM,10132018,5,Adult,Gray,,Gray+,,Ground Plane,FALSE,,FALSE,FALSE,FALSE,TRUE,TRUE,,FALSE,FALSE,FALSE,FALSE,TRUE,FALSE,TRUE,FALSE,,POINT (-73.9556039997621 40.7977549157287)
"-7,397,105,314,853","4,077,737,570,694",14D-PM-1019-06,14D,PM,10192018,6,Adult,Gray,,Gray+,,Ground Plane,FALSE,,FALSE,FALSE,FALSE,TRUE,FALSE,,FALSE,FALSE,FALSE,TRUE,FALSE,FALSE,TRUE,FALSE,,POINT (-73.97105314852982 40.777375706944504)
"-7,395,324,276,991","4,079,626,437,671",40G-PM-1013-04,40G,PM,10132018,4,Adult,Gray,,Gray+,,Ground Plane,FALSE,,TRUE,FALSE,FALSE,FALSE,FALSE,,FALSE,FALSE,FALSE,FALSE,FALSE,FALSE,TRUE,FALSE,,POINT (-73.9532427699097 40.7962643767092)
"-739,594,986,108","4,078,400,830,406",25I-AM-1012-03,25I,AM,10122018,3,Adult,Cinnamon,,Cinnamon+,,Above Ground,8,"on turn, see map",TRUE,TRUE,FALSE,TRUE,FALSE,,FALSE,FALSE,FALSE,FALSE,TRUE,TRUE,FALSE,FALSE,,POINT (-73.9594986107981 40.7840083040604)
"-7,395,944,460,183","407,917,800,352",33D-AM-1017-06,33D,AM,10172018,6,Adult,Black,,Black+,,Above Ground,10,,FALSE,FALSE,TRUE,FALSE,FALSE,,TRUE,TRUE,FALSE,FALSE,FALSE,FALSE,FALSE,TRUE,runs from (ran into hole in tree trunk),POINT (-73.9594446018346 40.7917800352042)
"-7,397,489,433,975","4,077,039,925,643",6E-AM-1014-01,06E,AM,10142018,1,Juvenile,Gray,Cinnamon,Gray+Cinnamon,,Ground Plane,FALSE,,FALSE,FALSE,FALSE,FALSE,TRUE,,FALSE,FALSE,FALSE,FALSE,FALSE,FALSE,FALSE,FALSE,,POINT (-73.9748943397482 40.7703992564272)
"-7,396,149,727,573","4,079,214,049,513",33C-PM-1007-02,33C,PM,10072018,2,Adult,Gray,"Black, White","Gray+Black, White",,Ground Plane,FALSE,,FALSE,FALSE,FALSE,TRUE,FALSE,,FALSE,FALSE,FALSE,FALSE,FALSE,FALSE,TRUE,FALSE,,POINT (-73.9614972757332 40.7921404951324)
"-7,396,975,832,355","407,787,320,391",16D-AM-1007-05,16D,AM,10072018,5,Adult,Gray,,Gray+,didn't get a good look,Ground Plane,FALSE,,TRUE,FALSE,FALSE,FALSE,FALSE,,FALSE,FALSE,FALSE,FALSE,FALSE,FALSE,FALSE,TRUE,,POINT (-73.96975832355331 40.7787320391004)
"-7,396,991,248,114","4,077,430,169,815",12F-PM-1007-07,12F,PM,10072018,7,Adult,Gray,"Cinnamon, White","Gray+Cinnamon, White",,Ground Plane,FALSE,,TRUE,TRUE,TRUE,FALSE,TRUE,,FALSE,FALSE,FALSE,TRUE,FALSE,FALSE,TRUE,FALSE,,POINT (-73.9699124811406 40.7743016981538)
"-7,397,992,507,823","4,076,761,065,989",1B-AM-1012-03,01B,AM,10122018,3,Adult,Gray,"Cinnamon, White","Gray+Cinnamon, White",,Ground Plane,FALSE,,FALSE,FALSE,FALSE,FALSE,TRUE,,FALSE,FALSE,FALSE,FALSE,FALSE,FALSE,TRUE,FALSE,,POINT (-73.97992507822771 40.7676106598889)
"-7,398,011,389,837","4,076,857,215,156",2B-PM-1013-02,02B,PM,10132018,2,Adult,Gray,White,Gray+White,,Ground Plane,FALSE,,FALSE,FALSE,FALSE,FALSE,TRUE,,FALSE,FALSE,FALSE,FALSE,FALSE,FALSE,FALSE,FALSE,,POINT (-73.9801138983722 40.7685721515635)
"-7,397,074,872,373","407,800,822,831",17B-PM-1012-03,17B,PM,10122018,3,Adult,Gray,White,Gray+White,,Above Ground,10,,TRUE,TRUE,FALSE,FALSE,FALSE,2/3 chasing each other,FALSE,FALSE,FALSE,FALSE,TRUE,FALSE,TRUE,FALSE,,POINT (-73.9707487237344 40.7800822831001)
"-7,395,836,886,373","407,913,889,585",33E-PM-1012-08,33E,PM,10122018,8,Adult,Gray,White,Gray+White,,Ground Plane,FALSE,,TRUE,TRUE,FALSE,FALSE,FALSE,,FALSE,FALSE,FALSE,FALSE,FALSE,FALSE,FALSE,FALSE,,POINT (-73.9583688637255 40.791388958496)
"-7,396,749,788,268","4,077,628,841,077",15G-PM-1019-10,15G,PM,10192018,10,Adult,Gray,,Gray+,,Above Ground,1,on a log,FALSE,FALSE,FALSE,TRUE,FALSE,,FALSE,FALSE,FALSE,FALSE,FALSE,FALSE,FALSE,TRUE,,POINT (-73.9674978826751 40.776288410765)
"-7,397,351,950,184","4,077,871,472,797",14A-AM-1014-02,14A,AM,10142018,2,Adult,Gray,White,Gray+White,,Ground Plane,FALSE,,FALSE,FALSE,TRUE,FALSE,TRUE,,FALSE,FALSE,FALSE,FALSE,TRUE,FALSE,FALSE,FALSE,,POINT (-73.9735195018446 40.7787147279715)
"-7,396,527,464,775","4,078,093,268,485",20F-PM-1007-07,20F,PM,10072018,7,Adult,Gray,Cinnamon,Gray+Cinnamon,cinnamon tail,Ground Plane,FALSE,,TRUE,FALSE,FALSE,FALSE,FALSE,watching,FALSE,FALSE,FALSE,TRUE,FALSE,FALSE,FALSE,TRUE,,POINT (-73.96527464775211 40.7809326848536)
"-739,694,382,428","4,078,463,506,929",22A-AM-1008-04,22A,AM,10082018,4,Adult,Cinnamon,Gray,Cinnamon+Gray,,Ground Plane,FALSE,,FALSE,FALSE,FALSE,FALSE,TRUE,,FALSE,FALSE,FALSE,FALSE,TRUE,FALSE,FALSE,TRUE,,POINT (-73.9694382427984 40.7846350692923)
"-7,397,092,423,647","4,076,842,172,156",5I-AM-1010-04,05I,AM,10102018,4,Adult,Gray,,Gray+,,Ground Plane,FALSE,,FALSE,FALSE,FALSE,TRUE,FALSE,,FALSE,FALSE,FALSE,FALSE,TRUE,FALSE,TRUE,FALSE,,POINT (-73.9709242364673 40.7684217215595)
"-7,396,371,674,704","4,078,921,601,379",29C-AM-1007-01,29C,AM,10072018,1,Adult,Gray,Cinnamon,Gray+Cinnamon,,Ground Plane,FALSE,,FALSE,FALSE,FALSE,FALSE,TRUE,,FALSE,FALSE,FALSE,FALSE,FALSE,FALSE,TRUE,FALSE,,POINT (-73.96371674703802 40.7892160137944)
"-7,397,718,477,287","407,695,971,165",4C-AM-1006-01,04C,AM,10062018,1,Juvenile,Gray,White,Gray+White,,Ground Plane,FALSE,,FALSE,FALSE,FALSE,TRUE,TRUE,,FALSE,FALSE,FALSE,FALSE,TRUE,FALSE,TRUE,FALSE,,POINT (-73.9771847728747 40.7695971164981)
"-7,396,390,482,095","4,077,773,733,456",18I-PM-1007-02,18I,PM,10072018,2,Adult,Gray,Cinnamon,Gray+Cinnamon,,Above Ground,12,,FALSE,FALSE,TRUE,TRUE,TRUE,hanging upside down,FALSE,FALSE,FALSE,FALSE,FALSE,FALSE,TRUE,FALSE,,POINT (-73.9639048209454 40.7777373345558)
"-7,397,848,631,237","4,076,692,250,208",1D-AM-1006-08,01D,AM,10062018,8,Juvenile,Gray,Cinnamon,Gray+Cinnamon,,Above Ground,45,,FALSE,FALSE,TRUE,FALSE,FALSE,,FALSE,FALSE,FALSE,FALSE,FALSE,FALSE,FALSE,FALSE,,POINT (-73.9784863123685 40.7669225020831)
"-739,662,310,607","4,077,477,582,212",14I-AM-1013-01,14I,AM,10132018,1,Adult,Gray,White,Gray+White,,Above Ground,10,,TRUE,FALSE,TRUE,FALSE,FALSE,,FALSE,FALSE,FALSE,FALSE,FALSE,FALSE,TRUE,FALSE,,POINT (-73.9662310606968 40.7747758221226)
"-7,395,623,234,557","4,079,461,806,563",37E-AM-1013-02,37E,AM,10132018,2,,Gray,White,Gray+White,,Ground Plane,FALSE,,TRUE,TRUE,FALSE,FALSE,FALSE,,FALSE,FALSE,FALSE,FALSE,FALSE,FALSE,TRUE,FALSE,,POINT (-73.9562323455674 40.79461806563491)
"-7,396,242,964,358","4,079,132,081,369",31C-PM-1010-02,31C,PM,10102018,2,Adult,Gray,White,Gray+White,,Above Ground,10,,FALSE,FALSE,TRUE,FALSE,FALSE,,FALSE,FALSE,FALSE,FALSE,FALSE,FALSE,TRUE,FALSE,,POINT (-73.9624296435843 40.791320813687)
"-7,397,928,142,444","4,077,050,319,406",4A-AM-1007-04,04A,AM,10072018,4,Adult,Gray,,Gray+,,Ground Plane,FALSE,,FALSE,FALSE,FALSE,FALSE,FALSE,,FALSE,FALSE,FALSE,FALSE,FALSE,FALSE,TRUE,FALSE,,POINT (-73.9792814244424 40.770503194056)
"-7,397,140,458,916","407,715,418,334",9G-AM-1007-03,09G,AM,10072018,3,Adult,Gray,Black,Gray+Black,,Above Ground,30,,FALSE,FALSE,TRUE,FALSE,FALSE,,FALSE,FALSE,FALSE,FALSE,FALSE,FALSE,FALSE,FALSE,,POINT (-73.97140458915972 40.7715418333976)
"-7,396,207,194,143","4,078,863,745,299",29D-PM-1010-02,29D,PM,10102018,2,Adult,Gray,"Cinnamon, White","Gray+Cinnamon, White",,Ground Plane,FALSE,,FALSE,FALSE,FALSE,TRUE,FALSE,,FALSE,FALSE,FALSE,FALSE,TRUE,FALSE,FALSE,TRUE,,POINT (-73.9620719414292 40.788637452988)
"-7,397,308,131,622","4,077,793,157,209",14B-AM-1007-02,14B,AM,10072018,2,Adult,Gray,,Gray+,,Ground Plane,FALSE,,FALSE,FALSE,FALSE,FALSE,TRUE,,FALSE,FALSE,FALSE,FALSE,FALSE,FALSE,TRUE,FALSE,,POINT (-73.9730813162152 40.7779315720879)
"-7,395,454,276,115","4,079,303,538,174",36G-PM-1012-02,36G,PM,10122018,2,Adult,Gray,White,Gray+White,,Above Ground,10,,FALSE,FALSE,FALSE,TRUE,FALSE,,FALSE,FALSE,FALSE,FALSE,FALSE,FALSE,FALSE,FALSE,,POINT (-73.9545427611477 40.7930353817441)
"-7,395,662,777,216","4,079,666,745,878",39D-PM-1012-04,39D,PM,10122018,4,Juvenile,Gray,White,Gray+White,,Above Ground,10,on tree trunk (descending from height of ~10 ft),FALSE,FALSE,TRUE,FALSE,FALSE,,FALSE,FALSE,FALSE,FALSE,FALSE,FALSE,TRUE,FALSE,,POINT (-73.95662777215811 40.7966674587803)
"-7,397,547,091,177","4,076,814,218,694",3E-AM-1006-08,03E,AM,10062018,8,Adult,Gray,Cinnamon,Gray+Cinnamon,,Above Ground,4,,FALSE,FALSE,FALSE,TRUE,FALSE,,FALSE,FALSE,FALSE,FALSE,FALSE,TRUE,FALSE,FALSE,,POINT (-73.9754709117681 40.7681421869407)
"-739,734,741,818","4,076,632,845,143",3H-PM-1014-03,03H,PM,10142018,3,Adult,Cinnamon,Gray,Cinnamon+Gray,,Ground Plane,FALSE,,FALSE,FALSE,FALSE,FALSE,TRUE,,FALSE,FALSE,FALSE,FALSE,FALSE,FALSE,FALSE,TRUE,,POINT (-73.9734741818047 40.766328451425)
"-7,397,485,227,965","407,719,586,621",7D-PM-1010-01,07D,PM,10102018,1,Adult,Gray,White,Gray+White,,Ground Plane,FALSE,outside fenced hectare,TRUE,FALSE,FALSE,FALSE,FALSE,,FALSE,FALSE,FALSE,FALSE,FALSE,FALSE,FALSE,FALSE,,POINT (-73.9748522796455 40.7719586621003)
"-73,959,784,547","4,079,061,793,034",32E-AM-1007-11,32E,AM,10072018,11,Adult,Gray,,Gray+,,Ground Plane,FALSE,,FALSE,TRUE,FALSE,FALSE,FALSE,,FALSE,FALSE,FALSE,FALSE,FALSE,FALSE,FALSE,FALSE,,POINT (-73.9597845469964 40.7906179303448)
"-7,397,082,257,197","4,077,724,978,041",14D-PM-1019-13,14D,PM,10192018,13,Adult,Gray,,Gray+,,,,,FALSE,FALSE,FALSE,FALSE,FALSE,,FALSE,FALSE,FALSE,FALSE,FALSE,FALSE,FALSE,FALSE,,POINT (-73.9708225719705 40.7772497804149)
"-7,395,361,987,262","4,079,801,351,022",41E-AM-1007-03,41E,AM,10072018,3,Adult,Gray,,Gray+,,Ground Plane,FALSE,,FALSE,FALSE,FALSE,FALSE,TRUE,,FALSE,FALSE,FALSE,FALSE,FALSE,FALSE,TRUE,FALSE,,POINT (-73.9536198726174 40.7980135102228)
"-7,396,689,220,147","4,078,235,356,538",21D-AM-1008-06,21D,AM,10082018,6,Adult,Gray,,Gray+,,Ground Plane,FALSE,,FALSE,FALSE,FALSE,FALSE,TRUE,,FALSE,FALSE,FALSE,FALSE,FALSE,FALSE,FALSE,TRUE,,POINT (-73.9668922014699 40.7823535653774)
"-7,396,977,876,738","4,077,817,461,954",16D-PM-1010-05,16D,PM,10102018,5,Adult,Gray,,Gray+,,Ground Plane,FALSE,,TRUE,FALSE,FALSE,FALSE,TRUE,,FALSE,FALSE,FALSE,FALSE,FALSE,FALSE,FALSE,TRUE,,POINT (-73.9697787673802 40.7781746195436)
"-739,575,258,628","4,078,771,555,075",30H-AM-1007-03,30H,AM,10072018,3,Adult,Cinnamon,,Cinnamon+,,Ground Plane,FALSE,,FALSE,FALSE,FALSE,FALSE,TRUE,,FALSE,FALSE,FALSE,FALSE,TRUE,FALSE,TRUE,FALSE,,POINT (-73.9575258627966 40.787715550749)
"-7,395,658,241,877","4,079,731,205,095",40D-AM-1013-06,40D,AM,10132018,6,Adult,Gray,Cinnamon,Gray+Cinnamon,,Above Ground,15,,TRUE,FALSE,TRUE,FALSE,TRUE,,TRUE,FALSE,FALSE,FALSE,TRUE,FALSE,FALSE,TRUE,,POINT (-73.9565824187667 40.797312050952)
"-7,395,799,670,473","4,079,486,820,423",37D-PM-1014-02,37D,PM,10142018,2,Adult,Gray,,Gray+,,Above Ground,40,,FALSE,FALSE,TRUE,FALSE,FALSE,,FALSE,FALSE,FALSE,FALSE,FALSE,FALSE,FALSE,FALSE,,POINT (-73.95799670473181 40.7948682042252)
"-7,395,096,281,955","4,079,777,756,742",42H-PM-1014-01,42H,PM,10142018,1,Adult,Cinnamon,Gray,Cinnamon+Gray,,Above Ground,2,,FALSE,FALSE,FALSE,FALSE,FALSE,,FALSE,FALSE,FALSE,FALSE,TRUE,FALSE,FALSE,TRUE,,POINT (-73.9509628195532 40.7977775674178)
"-739,774,228,454","407,686,399,839",3D-AM-1006-05,03D,AM,10062018,5,Adult,Cinnamon,Gray,Cinnamon+Gray,,Ground Plane,FALSE,,TRUE,FALSE,FALSE,FALSE,FALSE,,FALSE,FALSE,FALSE,FALSE,FALSE,FALSE,FALSE,TRUE,"runs from (chased by boy),wary of humans in playground",POINT (-73.9774228454023 40.7686399839016)
"-7,397,116,075,447","4,077,498,824,764",12E-AM-1017-04,12E,AM,10172018,4,Adult,Gray,,Gray+,,Ground Plane,FALSE,,TRUE,FALSE,FALSE,FALSE,FALSE,,FALSE,FALSE,FALSE,FALSE,FALSE,FALSE,TRUE,FALSE,,POINT (-73.9711607544742 40.774988247642)
"-7,395,595,201,372","4,079,505,362,872",38E-AM-1010-06,38E,AM,10102018,6,Adult,Gray,Cinnamon,Gray+Cinnamon,,Above Ground,1,branches,TRUE,TRUE,FALSE,FALSE,FALSE,chasing and being chased by #7,FALSE,FALSE,FALSE,FALSE,TRUE,FALSE,TRUE,FALSE,,POINT (-73.95595201371721 40.7950536287174)
"-7,397,664,770,273","4,077,127,374,178",6C-AM-1007-04,06C,AM,10072018,4,Adult,Gray,,Gray+,,Above Ground,20,,FALSE,TRUE,TRUE,FALSE,FALSE,chasing #5,FALSE,FALSE,FALSE,FALSE,FALSE,FALSE,TRUE,FALSE,,POINT (-73.9766477027266 40.7712737417779)
"-7,397,857,092,012","4,076,743,919,342",2C-PM-1013-02,02C,PM,10132018,2,Adult,Gray,White,Gray+White,,Ground Plane,FALSE,,FALSE,TRUE,FALSE,FALSE,FALSE,,FALSE,FALSE,FALSE,FALSE,FALSE,FALSE,FALSE,FALSE,,POINT (-73.9785709201168 40.7674391934208)
"-7,395,890,163,859","4,079,117,276,796",33E-PM-1012-03,33E,PM,10122018,3,Adult,Gray,White,Gray+White,,Ground Plane,FALSE,,FALSE,FALSE,FALSE,FALSE,TRUE,,FALSE,FALSE,FALSE,FALSE,FALSE,FALSE,FALSE,FALSE,,POINT (-73.9589016385889 40.7911727679625)
"-7,395,876,785,663","407,962,656,031",38C-PM-1014-01,38C,PM,10142018,1,Adult,Gray,"Cinnamon, White","Gray+Cinnamon, White",,Above Ground,20,,FALSE,FALSE,TRUE,FALSE,FALSE,,TRUE,FALSE,FALSE,FALSE,FALSE,FALSE,FALSE,FALSE,,POINT (-73.9587678566254 40.7962656030995)
"-7,395,377,032,314","4,079,159,593,938",35I-AM-1013-01,35I,AM,10132018,1,Adult,Cinnamon,White,Cinnamon+White,White underbelly,Above Ground,18,,FALSE,FALSE,TRUE,FALSE,FALSE,,FALSE,FALSE,FALSE,FALSE,FALSE,FALSE,TRUE,FALSE,,POINT (-73.9537703231359 40.7915959393814)
"-7,397,339,442,819","4,077,229,335,131",8E-PM-1008-03,08E,PM,10082018,3,Adult,Gray,White,Gray+White,,Ground Plane,FALSE,in between 2 trees,FALSE,FALSE,FALSE,TRUE,TRUE,,FALSE,FALSE,FALSE,FALSE,FALSE,TRUE,FALSE,FALSE,also being lured by mom & baby w/ food,POINT (-73.973394428186 40.7722933513053)
"-7,397,099,910,163","4,077,257,567,077",10F-PM-1019-03,10F,PM,10192018,3,Juvenile,Gray,Cinnamon,Gray+Cinnamon,Cinnamon head,Ground Plane,FALSE,"Behind fence, grass",FALSE,FALSE,FALSE,TRUE,FALSE,eating (nuts),FALSE,FALSE,FALSE,FALSE,FALSE,TRUE,FALSE,FALSE,approaches (bad tourists w/ nuts),POINT (-73.9709991016317 40.772575670774806)
"-7,396,429,678,759","4,078,156,523,539",21F-AM-1018-08,21F,AM,10182018,8,Adult,Cinnamon,Gray,Cinnamon+Gray,,Ground Plane,FALSE,,FALSE,FALSE,FALSE,TRUE,TRUE,,FALSE,FALSE,FALSE,FALSE,TRUE,FALSE,TRUE,FALSE,,POINT (-73.9642967875857 40.7815652353937)
"-7,397,200,502,043","4,076,994,190,942",7G-AM-1010-03,07G,AM,10102018,3,Adult,Gray,Cinnamon,Gray+Cinnamon,,Ground Plane,FALSE,,TRUE,FALSE,FALSE,FALSE,FALSE,,FALSE,FALSE,FALSE,FALSE,FALSE,FALSE,TRUE,FALSE,,POINT (-73.9720050204318 40.7699419094168)
"-7,395,431,338,448","4,079,405,375,826",37G-PM-1007-08,37G,PM,10072018,8,Adult,Gray,,Gray+,,,,,FALSE,FALSE,FALSE,FALSE,TRUE,,FALSE,FALSE,FALSE,FALSE,FALSE,FALSE,FALSE,FALSE,,POINT (-73.95431338448 40.7940537582585)
"-7,395,477,850,812","4,078,961,218,371",33I-AM-1008-02,33I,AM,10082018,2,Adult,Gray,,Gray+,,Above Ground,3,edge of park @ 98th,FALSE,FALSE,TRUE,FALSE,FALSE,,FALSE,FALSE,FALSE,FALSE,TRUE,FALSE,TRUE,FALSE,,POINT (-73.9547785081171 40.789612183711)
"-7,397,556,560,357","4,077,384,625,183",9B-AM-1010-03,09B,AM,10102018,3,Adult,Gray,Cinnamon,Gray+Cinnamon,,Above Ground,4,,TRUE,FALSE,TRUE,FALSE,TRUE,,FALSE,FALSE,FALSE,FALSE,FALSE,FALSE,TRUE,FALSE,,POINT (-73.975565603566 40.7738462518304)
"-7,397,846,859,287","4,076,699,240,153",1D-PM-1007-05,01D,PM,10072018,5,Adult,Gray,Cinnamon,Gray+Cinnamon,,Ground Plane,FALSE,,FALSE,FALSE,FALSE,FALSE,TRUE,,FALSE,FALSE,FALSE,FALSE,FALSE,FALSE,TRUE,FALSE,,POINT (-73.9784685928652 40.7669924015341)
"-739,609,692,861","4,079,050,289,125",31D-AM-1014-07,31D,AM,10142018,7,,Gray,,Gray+,,Ground Plane,FALSE,Crossing path to tree,TRUE,FALSE,FALSE,FALSE,FALSE,,FALSE,FALSE,FALSE,FALSE,FALSE,FALSE,FALSE,TRUE,,POINT (-73.9609692861012 40.790502891247)
"-7,395,561,774,903","4,078,885,691,615",32I-AM-1013-03,32I,AM,10132018,3,Juvenile,Gray,Cinnamon,Gray+Cinnamon,,Above Ground,15,,FALSE,FALSE,TRUE,FALSE,FALSE,,FALSE,FALSE,FALSE,FALSE,FALSE,FALSE,FALSE,FALSE,watching me from tree - curious,POINT (-73.9556177490335 40.7888569161537)
"-7,395,693,753,559","4,079,353,980,086",36E-AM-1013-02,36E,AM,10132018,2,Adult,Gray,,Gray+,,Ground Plane,FALSE,,TRUE,FALSE,FALSE,TRUE,FALSE,,FALSE,FALSE,FALSE,FALSE,FALSE,FALSE,FALSE,TRUE,,POINT (-73.9569375355884 40.7935398008612)
"-7,397,735,205,827","4,077,081,985,058",5B-AM-1008-04,05B,AM,10082018,4,Adult,Gray,Cinnamon,Gray+Cinnamon,,Ground Plane,FALSE,,FALSE,FALSE,FALSE,FALSE,FALSE,,FALSE,FALSE,FALSE,FALSE,FALSE,FALSE,TRUE,FALSE,,POINT (-73.9773520582734 40.7708198505781)
"-7,397,052,601,032","4,078,263,336,866",19A-PM-1013-04,19A,PM,10132018,4,Adult,Gray,"Black, White","Gray+Black, White",Also looks quite brown - minimal body highlight coloring - black edges,Above Ground,2,,FALSE,FALSE,FALSE,TRUE,TRUE,,FALSE,FALSE,FALSE,FALSE,FALSE,FALSE,TRUE,FALSE,,POINT (-73.9705260103239 40.78263336865991)
"-7,397,164,024,544","4,076,651,337,807",3I-PM-1013-08,03I,PM,10132018,8,Adult,Black,,Black+,,Above Ground,2,,FALSE,FALSE,TRUE,FALSE,FALSE,,FALSE,FALSE,FALSE,FALSE,FALSE,FALSE,TRUE,FALSE,,POINT (-73.9716402454355 40.7665133780672)
"-7,397,279,263,354","4,077,037,055,775",7F-AM-1008-07,07F,AM,10082018,7,Adult,Gray,,Gray+,,Above Ground,28,next to the hole of #6,FALSE,FALSE,FALSE,FALSE,FALSE,standing,FALSE,FALSE,FALSE,FALSE,FALSE,FALSE,TRUE,FALSE,,POINT (-73.9727926335397 40.77037055775)
"-7,395,901,916,552","4,079,261,394,251",34D-AM-1008-03,34D,AM,10082018,3,Adult,Cinnamon,White,Cinnamon+White,,Ground Plane,FALSE,,TRUE,FALSE,FALSE,FALSE,FALSE,,FALSE,FALSE,FALSE,FALSE,FALSE,FALSE,TRUE,FALSE,,POINT (-73.9590191655172 40.7926139425111)
"-7,396,955,183,419","4,077,621,459,939",14E-AM-1008-15,14E,AM,10082018,15,Adult,Gray,,Gray+,,Ground Plane,FALSE,,FALSE,FALSE,FALSE,TRUE,TRUE,walking,FALSE,FALSE,FALSE,FALSE,FALSE,FALSE,TRUE,FALSE,,POINT (-73.9695518341907 40.7762145993937)
"-7,397,037,326,493","4,077,019,793,771",8H-PM-1014-04,08H,PM,10142018,4,Adult,Black,,Black+,,Ground Plane,FALSE,,FALSE,FALSE,FALSE,TRUE,FALSE,,FALSE,FALSE,FALSE,FALSE,FALSE,FALSE,TRUE,FALSE,,POINT (-73.97037326492571 40.7701979377103)
"-7,396,739,494,581","4,078,262,185,395",21D-AM-1008-04,21D,AM,10082018,4,Adult,Gray,Cinnamon,Gray+Cinnamon,,Ground Plane,FALSE,,TRUE,FALSE,FALSE,FALSE,FALSE,,FALSE,FALSE,FALSE,FALSE,TRUE,FALSE,FALSE,TRUE,,POINT (-73.9673949458096 40.78262185394961)
"-7,395,696,709,007","4,079,487,928,568",37E-PM-1006-03,37E,PM,10062018,3,Adult,Gray,Cinnamon,Gray+Cinnamon,,Ground Plane,FALSE,,TRUE,FALSE,FALSE,FALSE,FALSE,,FALSE,FALSE,FALSE,FALSE,FALSE,FALSE,FALSE,TRUE,me,POINT (-73.9569670900695 40.794879285681304)
"-7,396,715,340,292","4,078,108,498,045",20D-AM-1007-02,20D,AM,10072018,2,Adult,Gray,,Gray+,too far to note 30',Ground Plane,FALSE,,FALSE,FALSE,FALSE,FALSE,TRUE,quieter,FALSE,FALSE,FALSE,FALSE,TRUE,FALSE,FALSE,FALSE,,POINT (-73.9671534029191 40.7810849804467)
"-7,396,980,442,185","4,076,970,078,335",7I-PM-1013-06,07I,PM,10132018,6,Adult,Cinnamon,,Cinnamon+,"""Brown"" written in as Primary",Ground Plane,FALSE,Under the tree,FALSE,FALSE,FALSE,TRUE,FALSE,"playing,interacting with #7",FALSE,FALSE,FALSE,FALSE,TRUE,FALSE,FALSE,TRUE,,POINT (-73.9698044218476 40.7697007833531)
"-7,396,142,184,134","4,079,389,450,588",34B-AM-1013-01,34B,AM,10132018,1,Adult,Gray,Cinnamon,Gray+Cinnamon,,Ground Plane,FALSE,,TRUE,FALSE,FALSE,FALSE,TRUE,hopping,FALSE,FALSE,FALSE,FALSE,TRUE,TRUE,FALSE,FALSE,,POINT (-73.9614218413356 40.7938945058793)
"-7,396,119,857,833","4,079,160,482,337",32C-AM-1014-06,32C,AM,10142018,6,Adult,Gray,Cinnamon,Gray+Cinnamon,,Ground Plane,FALSE,,TRUE,FALSE,FALSE,FALSE,TRUE,,FALSE,FALSE,FALSE,FALSE,FALSE,FALSE,FALSE,TRUE,,POINT (-73.9611985783336 40.791604823372)
"-7,395,385,121,459","4,079,812,576,514",42E-PM-1012-04,42E,PM,10122018,4,Adult,Gray,White,Gray+White,,Ground Plane,FALSE,,FALSE,FALSE,FALSE,TRUE,TRUE,,FALSE,FALSE,FALSE,FALSE,FALSE,FALSE,TRUE,FALSE,,POINT (-73.95385121459 40.7981257651433)
"-739,645,390,311","40,780,991,631",20G-PM-1013-01,20G,PM,10132018,1,Adult,Cinnamon,White,Cinnamon+White,,Ground Plane,FALSE,,TRUE,FALSE,FALSE,FALSE,TRUE,,FALSE,FALSE,FALSE,FALSE,TRUE,FALSE,FALSE,TRUE,,POINT (-73.964539031099 40.7809916310012)
"-739,586,085,859","4,079,903,267,583",40A-PM-1014-04,40A,PM,10142018,4,Adult,Gray,,Gray+,,Ground Plane,FALSE,,TRUE,FALSE,FALSE,FALSE,FALSE,,FALSE,FALSE,FALSE,FALSE,FALSE,FALSE,FALSE,TRUE,runs from (ran from path to bushes),POINT (-73.9586085858962 40.7990326758282)
"-7,397,671,436,442","4,076,847,569,413",3D-AM-1006-02,03D,AM,10062018,2,Adult,Cinnamon,Gray,Cinnamon+Gray,,Above Ground,25,tree,TRUE,FALSE,TRUE,FALSE,FALSE,,FALSE,FALSE,FALSE,FALSE,FALSE,FALSE,TRUE,FALSE,,POINT (-73.9767143644151 40.7684756941321)
"-739,691,520,826","4,077,171,040,378",10H-AM-1014-06,10H,AM,10142018,6,,Cinnamon,,Cinnamon+,,Ground Plane,FALSE,,FALSE,FALSE,FALSE,FALSE,TRUE,,FALSE,FALSE,FALSE,FALSE,FALSE,FALSE,FALSE,FALSE,,POINT (-73.9691520826028 40.7717104037783)
"-7,397,220,565,387","4,078,051,117,627",17A-PM-1013-03,17A,PM,10132018,3,Adult,Gray,,Gray+,,Above Ground,15,tree,FALSE,FALSE,FALSE,FALSE,FALSE,grooming! & scratching,FALSE,FALSE,FALSE,FALSE,FALSE,FALSE,TRUE,FALSE,,POINT (-73.9722056538718 40.7805111762703)
"-7,396,289,827,727","4,078,843,048,034",28D-PM-1019-01,28D,PM,10192018,1,Adult,Gray,White,Gray+White,,Ground Plane,FALSE,,FALSE,FALSE,FALSE,FALSE,TRUE,,FALSE,FALSE,FALSE,FALSE,FALSE,FALSE,TRUE,FALSE,,POINT (-73.9628982772673 40.7884304803386)
"-7,397,301,813,063","4,077,946,013,224",16A-AM-1013-02,16A,AM,10132018,2,Adult,Black,,Black+,,Above Ground,,,FALSE,FALSE,FALSE,FALSE,TRUE,,FALSE,FALSE,FALSE,FALSE,FALSE,TRUE,FALSE,FALSE,,POINT (-73.9730181306326 40.7794601322427)
"-7,395,763,250,879","4,079,884,487,451",41B-AM-1010-04,41B,AM,10102018,4,Adult,Gray,"Cinnamon, White","Gray+Cinnamon, White",,Ground Plane,FALSE,,FALSE,FALSE,FALSE,FALSE,TRUE,,FALSE,FALSE,FALSE,FALSE,FALSE,FALSE,FALSE,FALSE,,POINT (-73.9576325087936 40.7988448745116)
"-7,395,544,156,651","407,984,201,416",41D-AM-1014-03,41D,AM,10142018,3,Adult,Gray,"Black, Cinnamon","Gray+Black, Cinnamon",,Ground Plane,FALSE,,FALSE,FALSE,FALSE,FALSE,TRUE,,FALSE,FALSE,FALSE,FALSE,FALSE,FALSE,TRUE,FALSE,,POINT (-73.9554415665082 40.7984201416018)
"-7,397,681,733,032","4,076,612,618,136",1F-PM-1019-01,01F,PM,10192018,1,Adult,Gray,Cinnamon,Gray+Cinnamon,,Ground Plane,FALSE,,FALSE,FALSE,FALSE,FALSE,TRUE,,FALSE,FALSE,FALSE,FALSE,FALSE,FALSE,FALSE,TRUE,,POINT (-73.9768173303165 40.7661261813557)
"-7,395,770,095,714","4,079,612,604,452",38C-PM-1014-10,38C,PM,10142018,10,Juvenile,Gray,White,Gray+White,,Above Ground,10,,FALSE,FALSE,TRUE,TRUE,TRUE,climbing (down from ~10'),FALSE,FALSE,FALSE,FALSE,FALSE,FALSE,FALSE,TRUE,,POINT (-73.9577009571427 40.796126044521)
"-7,397,458,005,924","4,076,735,654,198",3F-AM-1006-08,03F,AM,10062018,8,Juvenile,Gray,"Cinnamon, White","Gray+Cinnamon, White",,Ground Plane,FALSE,close to tall tree & light post,TRUE,FALSE,FALSE,FALSE,TRUE,,FALSE,FALSE,FALSE,FALSE,FALSE,FALSE,TRUE,FALSE,,POINT (-73.9745800592393 40.767356541975)
"-7,395,656,457,166","4,079,590,399,496",38D-PM-1006-03,38D,PM,10062018,3,Adult,Gray,Cinnamon,Gray+Cinnamon,,Ground Plane,FALSE,,FALSE,FALSE,FALSE,TRUE,TRUE,,FALSE,FALSE,FALSE,FALSE,FALSE,FALSE,TRUE,FALSE,,POINT (-73.9565645716564 40.795903994957705)
"-7,397,568,947,767","4,076,816,382,182",4E-AM-1020-03,04E,AM,10202018,3,Adult,Cinnamon,Black,Cinnamon+Black,,Ground Plane,FALSE,,FALSE,FALSE,FALSE,FALSE,TRUE,,FALSE,FALSE,FALSE,FALSE,FALSE,FALSE,TRUE,FALSE,,POINT (-73.9756894776708 40.7681638218212)
"-7,396,698,919,405","4,078,356,351,623",22C-PM-1006-07,22C,PM,10062018,7,Adult,Gray,,Gray+,,Above Ground,10,,FALSE,FALSE,TRUE,FALSE,FALSE,,FALSE,FALSE,FALSE,FALSE,FALSE,FALSE,FALSE,FALSE,,POINT (-73.9669891940463 40.7835635162331)
"-7,396,308,205,774","4,078,216,322,931",22G-PM-1018-01,22G,PM,10182018,1,Adult,Gray,"Cinnamon, White","Gray+Cinnamon, White",Gray & Cinnamon selected as Primary. White selected as Highlights. Made executive adjustments.,Ground Plane,FALSE,,TRUE,FALSE,FALSE,TRUE,FALSE,,FALSE,FALSE,FALSE,TRUE,FALSE,FALSE,TRUE,FALSE,,POINT (-73.9630820577441 40.7821632293136)
"-7,395,906,320,511","4,079,631,465,848",38B-AM-1019-04,38B,AM,10192018,4,Adult,Gray,,Gray+,,Above Ground,20,,FALSE,FALSE,FALSE,FALSE,FALSE,sitting in tree,TRUE,TRUE,FALSE,TRUE,FALSE,FALSE,TRUE,FALSE,observant,POINT (-73.9590632051055 40.7963146584827)
"-7,396,559,698,156","4,077,977,388,458",19F-PM-1017-02,19F,PM,10172018,2,Adult,Gray,,Gray+,,Ground Plane,FALSE,,FALSE,FALSE,FALSE,FALSE,TRUE,,FALSE,FALSE,FALSE,FALSE,FALSE,FALSE,TRUE,FALSE,,POINT (-73.965596981561 40.7797738845824)
"-7,397,877,710,531","4,076,935,621,228",3B-AM-1010-07,03B,AM,10102018,7,Adult,Gray,,Gray+,,Above Ground,10,,FALSE,FALSE,TRUE,FALSE,FALSE,together w/ #8,FALSE,FALSE,FALSE,TRUE,FALSE,FALSE,TRUE,FALSE,,POINT (-73.9787771053108 40.76935621227501)
"-73,975,537,185","4,077,335,612,338",9C-PM-1006-02,09C,PM,10062018,2,Adult,Gray,White,Gray+White,,Above Ground,15,,FALSE,TRUE,FALSE,FALSE,FALSE,,FALSE,FALSE,FALSE,FALSE,FALSE,FALSE,TRUE,FALSE,,POINT (-73.9755371849972 40.7733561233828)
"-7,396,055,548,432","407,901,473,714",31E-PM-1006-09,31E,PM,10062018,9,Adult,Gray,"Cinnamon, White","Gray+Cinnamon, White",,Ground Plane,FALSE,,FALSE,FALSE,FALSE,TRUE,FALSE,,FALSE,FALSE,FALSE,FALSE,FALSE,FALSE,TRUE,FALSE,,POINT (-73.9605554843228 40.7901473714024)
"-7,397,892,518,064","4,076,995,585,132",4B-AM-1010-02,04B,AM,10102018,2,Juvenile,Cinnamon,"Gray, White","Cinnamon+Gray, White",,Above Ground,30,,FALSE,FALSE,TRUE,TRUE,TRUE,,TRUE,FALSE,FALSE,FALSE,FALSE,FALSE,TRUE,FALSE,,POINT (-73.9789251806378 40.7699558513225)
"-7,396,890,690,767","4,078,162,782,678",19C-PM-1018-07,19C,PM,10182018,7,Juvenile,Gray,"Cinnamon, White","Gray+Cinnamon, White",Gray & Cinnamon selected as Primary. Gray & White selected as Highlights. Made executive adjustments.,Ground Plane,FALSE,,TRUE,FALSE,TRUE,FALSE,FALSE,,FALSE,FALSE,FALSE,FALSE,FALSE,FALSE,FALSE,FALSE,,POINT (-73.968906907671 40.7816278267843)
"-7,397,543,338,664","4,077,323,909,161",8C-PM-1013-01,08C,PM,10132018,1,Adult,Gray,Cinnamon,Gray+Cinnamon,,Ground Plane,FALSE,,FALSE,FALSE,FALSE,FALSE,TRUE,,FALSE,FALSE,FALSE,FALSE,TRUE,FALSE,TRUE,FALSE,,POINT (-73.9754333866435 40.7732390916138)
"-7,395,894,704,614","4,079,128,176,464",33E-AM-1014-10,33E,AM,10142018,10,Juvenile,Gray,"Cinnamon, White","Gray+Cinnamon, White",,Above Ground,15,,FALSE,TRUE,FALSE,FALSE,FALSE,,FALSE,FALSE,FALSE,FALSE,FALSE,FALSE,TRUE,FALSE,,POINT (-73.9589470461357 40.7912817646361)
"-739,715,251,157","4,077,462,178,486",11E-PM-1012-07,11E,PM,10122018,7,Adult,Gray,White,Gray+White,,Ground Plane,FALSE,,FALSE,FALSE,FALSE,TRUE,FALSE,,FALSE,FALSE,FALSE,FALSE,FALSE,FALSE,TRUE,FALSE,,POINT (-73.9715251156965 40.774621784862)
"-7,396,798,332,254","4,077,385,470,934",12H-PM-1007-05,12H,PM,10072018,5,,Gray,Cinnamon,Gray+Cinnamon,,Ground Plane,FALSE,,FALSE,FALSE,FALSE,FALSE,TRUE,,FALSE,FALSE,FALSE,FALSE,FALSE,FALSE,TRUE,FALSE,,POINT (-73.9679833225379 40.7738547093402)
"-7,395,645,390,249","407,936,584,431",36F-PM-1012-05,36F,PM,10122018,5,Adult,Gray,White,Gray+White,,Ground Plane,FALSE,,FALSE,FALSE,FALSE,FALSE,TRUE,,FALSE,FALSE,FALSE,FALSE,FALSE,FALSE,TRUE,FALSE,,POINT (-73.956453902485 40.7936584431012)
"-7,397,369,970,339","4,077,849,795,241",14A-PM-1014-02,14A,PM,10142018,2,Adult,Gray,"Cinnamon, White","Gray+Cinnamon, White",,Ground Plane,FALSE,,TRUE,FALSE,FALSE,FALSE,FALSE,,FALSE,FALSE,FALSE,FALSE,FALSE,FALSE,FALSE,TRUE,,POINT (-73.9736997033862 40.778497952406)
"-7,396,885,748,565","407,780,770,207",16E-AM-1014-10,16E,AM,10142018,10,Adult,Gray,Cinnamon,Gray+Cinnamon,,Above Ground,25,,FALSE,FALSE,TRUE,FALSE,FALSE,,FALSE,FALSE,FALSE,FALSE,FALSE,FALSE,FALSE,FALSE,,POINT (-73.9688574856542 40.7780770207023)
"-7,396,682,425,729","4,077,534,053,779",14H-PM-1012-04,14H,PM,10122018,4,Adult,Cinnamon,Gray,Cinnamon+Gray,,Ground Plane,FALSE,,FALSE,FALSE,FALSE,TRUE,FALSE,,FALSE,FALSE,FALSE,FALSE,FALSE,FALSE,TRUE,FALSE,,POINT (-73.966824257293 40.7753405377869)
"-7,397,128,631,726","4,077,469,875,818",12E-AM-1017-01,12E,AM,10172018,1,Adult,Gray,"Cinnamon, White","Gray+Cinnamon, White",,Ground Plane,FALSE,,FALSE,FALSE,FALSE,FALSE,TRUE,,FALSE,FALSE,FALSE,FALSE,FALSE,FALSE,TRUE,FALSE,,POINT (-73.9712863172608 40.774698758184)
"-7,396,801,718,944","4,077,246,444,263",11I-PM-1012-07,11I,PM,10122018,7,Juvenile,Gray,,Gray+,,Ground Plane,FALSE,,FALSE,FALSE,FALSE,FALSE,TRUE,burying its food into the ground,FALSE,FALSE,FALSE,FALSE,FALSE,FALSE,FALSE,FALSE,,POINT (-73.96801718943512 40.7724644426313)
"-7,397,658,670,292","4,076,743,042,661",2E-PM-1014-01,02E,PM,10142018,1,Adult,Gray,White,Gray+White,,Ground Plane,FALSE,,FALSE,FALSE,FALSE,FALSE,TRUE,,FALSE,FALSE,FALSE,FALSE,TRUE,TRUE,FALSE,FALSE,,POINT (-73.9765867029226 40.7674304266107)
"-7,396,461,740,349","4,077,812,875,283",18H-AM-1018-01,18H,AM,10182018,1,Adult,Gray,Cinnamon,Gray+Cinnamon,,Ground Plane,FALSE,Running from one tree to the other,TRUE,TRUE,FALSE,FALSE,FALSE,playing?,FALSE,FALSE,FALSE,FALSE,FALSE,FALSE,FALSE,FALSE,,POINT (-73.9646174034945 40.7781287528262)
"-7,396,639,614,158","407,750,691,121",14H-PM-1012-06,14H,PM,10122018,6,Adult,Gray,"Cinnamon, White","Gray+Cinnamon, White",Gray & Cinnamon selected as Primary with a note that it was "hard to tell".,Ground Plane,FALSE,,FALSE,FALSE,FALSE,TRUE,TRUE,,FALSE,FALSE,FALSE,FALSE,TRUE,FALSE,TRUE,FALSE,,POINT (-73.9663961415789 40.7750691120996)
"-7,397,678,496,797","4,076,856,651,693",3D-PM-1010-04,03D,PM,10102018,4,Adult,Gray,Cinnamon,Gray+Cinnamon,,Ground Plane,FALSE,,FALSE,FALSE,FALSE,FALSE,TRUE,,FALSE,FALSE,FALSE,FALSE,FALSE,FALSE,FALSE,FALSE,,POINT (-73.9767849679735 40.768566516928)
"-7,395,769,736,324","407,997,576,909",42A-PM-1014-01,42A,PM,10142018,1,Adult,Gray,Cinnamon,Gray+Cinnamon,,Ground Plane,FALSE,,TRUE,FALSE,FALSE,FALSE,TRUE,up on hind legs looking around,FALSE,FALSE,FALSE,FALSE,FALSE,FALSE,FALSE,FALSE,came to about 10' away then ran off,POINT (-73.957697363244 40.7997576909042)
"-7,397,673,696,862","4,077,350,744,371",8B-PM-1012-05,08B,PM,10122018,5,Adult,Cinnamon,White,Cinnamon+White,,Ground Plane,FALSE,,FALSE,FALSE,TRUE,TRUE,TRUE,,FALSE,FALSE,FALSE,FALSE,FALSE,FALSE,TRUE,FALSE,,POINT (-73.9767369686171 40.7735074437085)
"-7,396,745,869,398","4,077,699,225,221",15G-AM-1008-02,15G,AM,10082018,2,Adult,Gray,,Gray+,,Ground Plane,FALSE,,TRUE,FALSE,FALSE,FALSE,FALSE,,FALSE,FALSE,FALSE,FALSE,FALSE,FALSE,FALSE,TRUE,,POINT (-73.967458693983 40.7769922522105)
"-7,397,568,707,892","4,077,336,467,827",9B-AM-1010-09,09B,AM,10102018,9,Adult,Gray,Cinnamon,Gray+Cinnamon,,Ground Plane,FALSE,,TRUE,FALSE,FALSE,TRUE,FALSE,food in mouth,FALSE,FALSE,FALSE,FALSE,FALSE,FALSE,FALSE,FALSE,,POINT (-73.9756870789187 40.7733646782679)
"-7,395,768,974,788","4,079,646,953,285",38C-AM-1019-02,38C,AM,10192018,2,Adult,Gray,Cinnamon,Gray+Cinnamon,,Ground Plane,FALSE,,TRUE,FALSE,FALSE,FALSE,FALSE,,FALSE,FALSE,FALSE,FALSE,TRUE,FALSE,TRUE,FALSE,,POINT (-73.9576897478787 40.7964695328457)
"-7,397,430,604,048","4,076,879,017,814",5F-PM-1007-02,05F,PM,10072018,2,Adult,Gray,Cinnamon,Gray+Cinnamon,,Ground Plane,FALSE,,FALSE,FALSE,FALSE,FALSE,TRUE,,FALSE,FALSE,FALSE,FALSE,TRUE,FALSE,TRUE,FALSE,,POINT (-73.9743060404813 40.7687901781431)
"-7,397,236,778,548","4,076,673,154,109",3H-AM-1008-04,03H,AM,10082018,4,Adult,Black,,Black+,,Above Ground,50,,FALSE,FALSE,FALSE,FALSE,TRUE,,FALSE,FALSE,FALSE,FALSE,FALSE,FALSE,FALSE,FALSE,,POINT (-73.9723677854798 40.7667315410871)
"-7,397,286,544,395","4,077,248,531,422",9E-AM-1008-04,09E,AM,10082018,4,Adult,Gray,White,Gray+White,,Ground Plane,FALSE,,FALSE,FALSE,FALSE,TRUE,FALSE,,FALSE,FALSE,FALSE,FALSE,FALSE,FALSE,TRUE,FALSE,,POINT (-73.9728654439465 40.7724853142211)
"-7,397,159,219,822","4,077,461,530,666",11E-PM-1012-06,11E,PM,10122018,6,Adult,Gray,"Cinnamon, White","Gray+Cinnamon, White",Gray & Cinnamon selected as Primary. White selected as Highlights. Made executive adjustments.,Above Ground,5,,FALSE,FALSE,TRUE,TRUE,FALSE,,FALSE,FALSE,FALSE,FALSE,FALSE,FALSE,TRUE,FALSE,,POINT (-73.9715921982161 40.7746153066601)
"-7,397,372,476,322","4,077,594,692,809",12C-PM-1017-01,12C,PM,10172018,1,Juvenile,Gray,Cinnamon,Gray+Cinnamon,,Ground Plane,FALSE,,TRUE,FALSE,FALSE,TRUE,FALSE,"digging/burying,drinking from lake",FALSE,FALSE,FALSE,FALSE,TRUE,FALSE,TRUE,FALSE,,POINT (-73.9737247632185 40.7759469280872)
"-7,397,283,608,756","4,076,606,372,957",3H-PM-1014-04,03H,PM,10142018,4,Adult,Black,Cinnamon,Black+Cinnamon,,Ground Plane,FALSE,,FALSE,FALSE,FALSE,TRUE,FALSE,,FALSE,FALSE,FALSE,FALSE,FALSE,FALSE,TRUE,FALSE,,POINT (-73.9728360875598 40.7660637295671)
"-7,396,916,921,609","4,077,253,305,029",10H-PM-1007-02,10H,PM,10072018,2,Adult,Gray,White,Gray+White,,Ground Plane,FALSE,,FALSE,FALSE,FALSE,FALSE,TRUE,,FALSE,FALSE,FALSE,FALSE,TRUE,FALSE,FALSE,FALSE,,POINT (-73.9691692160865 40.7725330502929)
"-7,395,678,010,282","4,079,600,966,596",38D-AM-1017-01,38D,AM,10172018,1,,,,+,,Above Ground,30,,FALSE,FALSE,FALSE,FALSE,FALSE,,TRUE,FALSE,FALSE,FALSE,FALSE,FALSE,FALSE,FALSE,,POINT (-73.9567801028221 40.7960096659564)
"-7,396,786,208,407","407,847,190,273",23B-PM-1012-03,23B,PM,10122018,3,Adult,Gray,White,Gray+White,,Ground Plane,FALSE,,FALSE,TRUE,FALSE,FALSE,TRUE,2/3 were chasing each other,FALSE,FALSE,FALSE,FALSE,TRUE,FALSE,FALSE,TRUE,,POINT (-73.96786208407411 40.784719027304)
"-7,397,175,151,739","4,077,479,992,744",11D-PM-1006-04,11D,PM,10062018,4,Adult,Black,,Black+,,Ground Plane,FALSE,,TRUE,FALSE,FALSE,FALSE,TRUE,,FALSE,FALSE,FALSE,FALSE,FALSE,FALSE,FALSE,TRUE,,POINT (-73.9717515173863 40.7747999274418)
"-7,397,246,185,339","4,077,450,216,025",11D-AM-1010-02,11D,AM,10102018,2,Adult,Cinnamon,"Gray, White","Cinnamon+Gray, White",,Ground Plane,FALSE,,FALSE,FALSE,FALSE,FALSE,TRUE,walking,FALSE,FALSE,FALSE,FALSE,TRUE,FALSE,FALSE,TRUE,,POINT (-73.9724618533895 40.7745021602455)
"-7,396,946,818,036","4,077,058,579,536",8I-AM-1006-06,08I,AM,10062018,6,Adult,Gray,White,Gray+White,,Above Ground,,,FALSE,FALSE,FALSE,FALSE,TRUE,,FALSE,FALSE,FALSE,FALSE,FALSE,FALSE,TRUE,FALSE,,POINT (-73.9694681803635 40.770585795359)
"-7,397,097,974,678","4,077,690,957,107",14D-AM-1014-07,14D,AM,10142018,7,Adult,Gray,"Cinnamon, White","Gray+Cinnamon, White",,Ground Plane,FALSE,,FALSE,FALSE,FALSE,FALSE,TRUE,,FALSE,FALSE,FALSE,FALSE,FALSE,TRUE,FALSE,FALSE,,POINT (-73.9709797467807 40.7769095710679)
"-7,397,719,249,016","4,076,667,227,295",1E-PM-1007-01,01E,PM,10072018,1,Adult,Gray,"Cinnamon, White","Gray+Cinnamon, White",,Ground Plane,FALSE,,FALSE,FALSE,FALSE,FALSE,TRUE,,FALSE,FALSE,FALSE,FALSE,FALSE,TRUE,FALSE,FALSE,people feeding squirrel,POINT (-73.9771924901559 40.7666722729471)
"-7,397,549,229,705","407,707,686,393",6D-AM-1008-03,06D,AM,10082018,3,Juvenile,Gray,,Gray+,,Above Ground,10,,FALSE,FALSE,FALSE,FALSE,FALSE,,FALSE,FALSE,FALSE,FALSE,FALSE,FALSE,FALSE,FALSE,,POINT (-73.9754922970511 40.7707686392991)
"-7,397,046,794,594","4,077,733,842,362",14D-PM-1019-10,14D,PM,10192018,10,Adult,Gray,,Gray+,,Above Ground,20,,FALSE,FALSE,TRUE,FALSE,FALSE,,FALSE,FALSE,FALSE,TRUE,FALSE,FALSE,FALSE,TRUE,,POINT (-73.9704679459444 40.7773384236212)
"-7,395,312,632,141","4,079,656,750,899",40F-PM-1006-01,40F,PM,10062018,1,Adult,Gray,Cinnamon,Gray+Cinnamon,,Ground Plane,FALSE,,FALSE,FALSE,FALSE,FALSE,TRUE,,FALSE,FALSE,FALSE,FALSE,FALSE,FALSE,TRUE,FALSE,,POINT (-73.9531263214136 40.7965675089932)
"-7,396,734,901,375","4,077,827,281,304",17F-PM-1020-02,17F,PM,10202018,2,Adult,Gray,Cinnamon,Gray+Cinnamon,,Above Ground,25,,FALSE,FALSE,FALSE,TRUE,FALSE,,FALSE,FALSE,FALSE,FALSE,FALSE,FALSE,FALSE,TRUE,,POINT (-73.9673490137465 40.7782728130401)
"-7,397,166,211,127","4,077,428,622,195",11E-AM-1013-01,11E,AM,10132018,1,Adult,Gray,,Gray+,,Ground Plane,FALSE,,FALSE,FALSE,TRUE,TRUE,FALSE,,FALSE,FALSE,FALSE,FALSE,FALSE,FALSE,FALSE,TRUE,,POINT (-73.9716621112698 40.7742862219469)
"-7,396,951,177,976","4,078,026,757,432",18C-PM-1018-07,18C,PM,10182018,7,,Gray,,Gray+,,Ground Plane,FALSE,,FALSE,FALSE,FALSE,TRUE,TRUE,,FALSE,FALSE,FALSE,FALSE,FALSE,FALSE,FALSE,FALSE,,POINT (-73.9695117797648 40.780267574323304)
"-7,397,302,848,158","4,077,024,625,295",7F-AM-1008-04,07F,AM,10082018,4,Adult,Gray,White,Gray+White,,Ground Plane,FALSE,bush,FALSE,TRUE,FALSE,FALSE,FALSE,,FALSE,FALSE,FALSE,FALSE,FALSE,FALSE,TRUE,FALSE,,POINT (-73.9730284815849 40.7702462529502)
"-7,396,653,632,651","407,844,967,881",23C-PM-1014-04,23C,PM,10142018,4,Adult,Gray,,Gray+,,Above Ground,8,,FALSE,FALSE,FALSE,FALSE,FALSE,being chased by #3 across trees,FALSE,FALSE,FALSE,FALSE,FALSE,FALSE,FALSE,FALSE,,POINT (-73.9665363265054 40.7844967881001)
"-7,395,336,457,626","4,079,837,092,155",42F-AM-1019-01,42F,AM,10192018,1,Adult,Gray,Cinnamon,Gray+Cinnamon,,Ground Plane,FALSE,,FALSE,FALSE,FALSE,FALSE,FALSE,,FALSE,FALSE,FALSE,FALSE,TRUE,FALSE,FALSE,TRUE,runs from (me),POINT (-73.9533645762606 40.7983709215535)
"-7,397,191,948,774","4,077,480,009,629",11D-AM-1010-04,11D,AM,10102018,4,Adult,Gray,"Cinnamon, White","Gray+Cinnamon, White",,Ground Plane,FALSE,,FALSE,FALSE,FALSE,TRUE,TRUE,,FALSE,FALSE,FALSE,FALSE,TRUE,FALSE,FALSE,FALSE,,POINT (-73.9719194877439 40.7748000962909)
"-7,397,863,103,089","4,076,693,493,682",1D-AM-1006-05,01D,AM,10062018,5,Adult,Cinnamon,White,Cinnamon+White,,Ground Plane,FALSE,,FALSE,FALSE,FALSE,TRUE,FALSE,,FALSE,FALSE,FALSE,FALSE,TRUE,FALSE,FALSE,FALSE,,POINT (-73.9786310308892 40.7669349368183)
"-7,396,573,854,747","4,078,869,627,402",27B-PM-1006-01,27B,PM,10062018,1,Adult,Gray,,Gray+,,Ground Plane,FALSE,By large tree,FALSE,FALSE,FALSE,TRUE,TRUE,,FALSE,FALSE,FALSE,FALSE,FALSE,FALSE,FALSE,TRUE,,POINT (-73.965738547469 40.7886962740167)
"-7,395,621,773,059","4,079,834,132,763",41C-PM-1007-03,41C,PM,10072018,3,Adult,Gray,White,Gray+White,,Ground Plane,FALSE,,TRUE,FALSE,FALSE,FALSE,FALSE,,FALSE,FALSE,FALSE,FALSE,FALSE,FALSE,FALSE,FALSE,,POINT (-73.9562177305881 40.7983413276331)
"-7,396,631,245,607","4,077,954,400,379",18F-PM-1008-02,18F,PM,10082018,2,Adult,Gray,,Gray+,,,,,FALSE,FALSE,FALSE,FALSE,FALSE,hopping around,FALSE,FALSE,FALSE,FALSE,FALSE,FALSE,FALSE,TRUE,,POINT (-73.9663124560664 40.779544003786)
"-7,395,319,654,697","407,947,437,984",38G-PM-1020-11,38G,PM,10202018,11,Adult,Gray,"Cinnamon, White","Gray+Cinnamon, White",,Ground Plane,FALSE,,FALSE,FALSE,FALSE,TRUE,FALSE,,FALSE,FALSE,FALSE,TRUE,FALSE,TRUE,TRUE,FALSE,,POINT (-73.9531965469704 40.7947437983977)
"-7,398,003,374","4,076,836,082,923",2B-PM-1013-04,02B,PM,10132018,4,Adult,Gray,White,Gray+White,,Ground Plane,FALSE,,FALSE,FALSE,FALSE,FALSE,FALSE,,FALSE,FALSE,FALSE,FALSE,FALSE,FALSE,FALSE,FALSE,,POINT (-73.980033740004 40.7683608292333)
"-7,395,647,774,407","4,079,930,683,554",42C-AM-1007-01,42C,AM,10072018,1,Adult,Gray,Cinnamon,Gray+Cinnamon,,Ground Plane,FALSE,,FALSE,FALSE,FALSE,FALSE,FALSE,nut in mouth,FALSE,FALSE,FALSE,FALSE,FALSE,FALSE,FALSE,TRUE,,POINT (-73.9564777440695 40.7993068355401)
"-7,397,458,184,501","4,076,544,988,736",1G-AM-1006-01,01G,AM,10062018,1,Adult,Black,,Black+,,Ground Plane,FALSE,,FALSE,TRUE,FALSE,FALSE,TRUE,,FALSE,FALSE,FALSE,FALSE,TRUE,FALSE,TRUE,FALSE,,POINT (-73.9745818450109 40.7654498873627)
"-7,397,273,103,978","4,077,870,167,735",15B-PM-1017-02,15B,PM,10172018,2,Adult,Gray,White,Gray+White,,Ground Plane,FALSE,tree,FALSE,FALSE,TRUE,TRUE,TRUE,"digging,chewing on tree—has nut in mouth!",FALSE,FALSE,FALSE,FALSE,FALSE,FALSE,FALSE,TRUE,,POINT (-73.97273103977982 40.7787016773517)
"-7,396,362,317,559","4,079,274,510,689",32A-PM-1013-04,32A,PM,10132018,4,Adult,Gray,White,Gray+White,,Ground Plane,FALSE,,FALSE,FALSE,FALSE,FALSE,TRUE,,FALSE,FALSE,FALSE,FALSE,TRUE,FALSE,TRUE,FALSE,,POINT (-73.963623175585 40.7927451068919)
"-7,396,367,401,703","407,903,538,225",30B-AM-1007-12,30B,AM,10072018,12,Adult,Gray,,Gray+,,Above Ground,4,,FALSE,FALSE,TRUE,FALSE,TRUE,,FALSE,FALSE,FALSE,FALSE,FALSE,FALSE,FALSE,TRUE,,POINT (-73.96367401703081 40.79035382249771)
"-7,396,753,091,759","4,077,886,499,265",17E-AM-1017-09,17E,AM,10172018,9,Adult,Gray,,Gray+,,Ground Plane,FALSE,,TRUE,FALSE,FALSE,FALSE,FALSE,,FALSE,FALSE,FALSE,FALSE,FALSE,FALSE,TRUE,FALSE,,POINT (-73.9675309175947 40.7788649926486)
"-7,396,113,553,035","4,079,306,935,322",34C-AM-1007-02,34C,AM,10072018,2,Adult,Gray,,Gray+,,Above Ground,40,,FALSE,FALSE,TRUE,FALSE,FALSE,,FALSE,FALSE,FALSE,FALSE,FALSE,FALSE,TRUE,FALSE,,POINT (-73.9611355303487 40.793069353224)
"-7,396,323,010,349","4,079,257,072,441",32A-PM-1013-06,32A,PM,10132018,6,Juvenile,Gray,Cinnamon,Gray+Cinnamon,,Ground Plane,FALSE,,TRUE,FALSE,FALSE,FALSE,FALSE,,FALSE,FALSE,FALSE,FALSE,FALSE,FALSE,FALSE,TRUE,,POINT (-73.9632301034883 40.7925707244111)
"-7,397,883,790,856","4,076,838,965,831",2C-PM-1013-06,02C,PM,10132018,6,Adult,Gray,White,Gray+White,,Ground Plane,FALSE,,FALSE,FALSE,FALSE,FALSE,TRUE,cleaning face & tail,FALSE,FALSE,FALSE,FALSE,TRUE,TRUE,FALSE,FALSE,,POINT (-73.9788379085607 40.7683896583055)
"-7,397,007,853,145","4,077,771,411,186",15D-AM-1007-01,15D,AM,10072018,1,Adult,Gray,,Gray+,,Ground Plane,FALSE,,FALSE,FALSE,FALSE,FALSE,TRUE,,FALSE,FALSE,FALSE,FALSE,FALSE,FALSE,TRUE,FALSE,,POINT (-73.9700785314537 40.777714111862)
"-739,573,325,001","4,078,746,621,046",30H-AM-1007-01,30H,AM,10072018,1,Adult,Gray,,Gray+,,Ground Plane,FALSE,,FALSE,FALSE,FALSE,FALSE,TRUE,,FALSE,FALSE,FALSE,FALSE,FALSE,FALSE,TRUE,FALSE,,POINT (-73.9573325001041 40.7874662104558)
"-7,397,080,322,984","4,077,842,656,745",15C-AM-1010-02,15C,AM,10102018,2,Adult,Gray,,Gray+,,Above Ground,15,,FALSE,FALSE,TRUE,FALSE,FALSE,nest building,FALSE,FALSE,FALSE,FALSE,FALSE,FALSE,TRUE,FALSE,,POINT (-73.9708032298419 40.77842656745441)
"-7,397,002,639,366","4,076,993,350,986",7H-PM-1006-07,07H,PM,10062018,7,Adult,Gray,,Gray+,,Above Ground,15,,FALSE,TRUE,TRUE,FALSE,FALSE,playing w/ #6,FALSE,FALSE,FALSE,FALSE,FALSE,FALSE,TRUE,FALSE,,POINT (-73.9700263936574 40.7699335098581)
"-7,396,906,384,242","4,077,138,692,957",9H-AM-1006-06,09H,AM,10062018,6,Adult,Gray,White,Gray+White,,Ground Plane,FALSE,,FALSE,FALSE,FALSE,FALSE,TRUE,,FALSE,FALSE,FALSE,TRUE,TRUE,FALSE,TRUE,FALSE,,POINT (-73.9690638424196 40.7713869295685)
"-7,395,871,830,391","407,909,209,138",32E-PM-1017-02,32E,PM,10172018,2,Adult,Gray,,Gray+,,Ground Plane,FALSE,,FALSE,FALSE,FALSE,FALSE,TRUE,,FALSE,FALSE,FALSE,FALSE,FALSE,FALSE,TRUE,FALSE,,POINT (-73.9587183039085 40.7909209137969)
"-7,396,887,733,063","4,077,666,698,524",15F-AM-1007-05,15F,AM,10072018,5,Adult,Gray,Cinnamon,Gray+Cinnamon,,Ground Plane,FALSE,,TRUE,TRUE,FALSE,FALSE,FALSE,,FALSE,FALSE,FALSE,FALSE,FALSE,FALSE,FALSE,TRUE,,POINT (-73.9688773306324 40.7766669852358)
"-739,676,191,847","4,077,764,174,082",16F-PM-1013-04,16F,PM,10132018,4,Adult,Gray,Cinnamon,Gray+Cinnamon,,Above Ground,10,,FALSE,FALSE,TRUE,TRUE,TRUE,,FALSE,FALSE,FALSE,FALSE,FALSE,FALSE,FALSE,TRUE,,POINT (-73.9676191846985 40.777641740817)
"-739,681,671,864","4,077,537,705,386",14G-AM-1012-04,14G,AM,10122018,4,Adult,Cinnamon,Black,Cinnamon+Black,,Ground Plane,FALSE,,FALSE,FALSE,FALSE,FALSE,TRUE,,FALSE,FALSE,FALSE,FALSE,TRUE,FALSE,TRUE,FALSE,,POINT (-73.9681671864047 40.7753770538635)
"-7,397,319,251,792","4,077,489,627,462",11D-PM-1006-02,11D,PM,10062018,2,Juvenile,Gray,Cinnamon,Gray+Cinnamon,,Above Ground,20,,FALSE,FALSE,TRUE,FALSE,FALSE,,FALSE,FALSE,FALSE,FALSE,FALSE,FALSE,TRUE,FALSE,,POINT (-73.9731925179247 40.7748962746181)
"-7,398,019,560,822","4,076,783,644,096",1B-AM-1012-08,01B,AM,10122018,8,Adult,Gray,Cinnamon,Gray+Cinnamon,,Ground Plane,FALSE,,FALSE,TRUE,FALSE,TRUE,FALSE,,FALSE,FALSE,FALSE,FALSE,FALSE,FALSE,TRUE,FALSE,,POINT (-73.9801956082236 40.767836440957)
"-7,395,731,197,773","4,078,753,478,628",30H-AM-1007-02,30H,AM,10072018,2,Adult,Gray,,Gray+,,Ground Plane,FALSE,,FALSE,FALSE,FALSE,TRUE,FALSE,following #1,FALSE,FALSE,FALSE,FALSE,TRUE,FALSE,FALSE,FALSE,,POINT (-73.9573119777312 40.7875347862766)
"-7,397,695,202,121","4,077,400,672,586",9A-AM-1013-01,09A,AM,10132018,1,Adult,Gray,Cinnamon,Gray+Cinnamon,,Ground Plane,FALSE,,TRUE,FALSE,FALSE,FALSE,FALSE,,FALSE,FALSE,FALSE,FALSE,FALSE,FALSE,FALSE,TRUE,,POINT (-73.9769520212123 40.774006725863)
"-7,397,248,799,699","407,710,982,024",8F-PM-1012-07,08F,PM,10122018,7,Adult,Gray,Cinnamon,Gray+Cinnamon,,Above Ground,17,,FALSE,FALSE,TRUE,FALSE,FALSE,gathering,FALSE,FALSE,FALSE,FALSE,FALSE,FALSE,FALSE,FALSE,,POINT (-73.9724879969884 40.771098202397)
"-739,613,276,802","4,079,438,139,644",35B-PM-1013-03,35B,PM,10132018,3,Adult,Gray,,Gray+,,Ground Plane,FALSE,,TRUE,FALSE,FALSE,FALSE,TRUE,threatened by approaching dog (dog #1),FALSE,FALSE,FALSE,FALSE,FALSE,FALSE,FALSE,TRUE,runs from (dog),POINT (-73.96132768020492 40.7943813964442)
"-7,395,513,705,862","407,946,465,469",38F-AM-1018-06,38F,AM,10182018,6,Adult,Gray,Cinnamon,Gray+Cinnamon,,Ground Plane,FALSE,,FALSE,FALSE,FALSE,FALSE,FALSE,hopped away,FALSE,FALSE,FALSE,FALSE,FALSE,FALSE,FALSE,TRUE,,POINT (-73.95513705862011 40.7946465469021)
"-7,395,637,206,143","4,078,794,533,063",31I-PM-1019-01,31I,PM,10192018,1,Adult,Gray,,Gray+,,Ground Plane,FALSE,,FALSE,FALSE,FALSE,FALSE,TRUE,,FALSE,FALSE,FALSE,FALSE,FALSE,FALSE,TRUE,FALSE,,POINT (-73.9563720614251 40.7879453306251)
"-739,594,204,647","4,079,059,237,652",32E-PM-1017-11,32E,PM,10172018,11,Adult,Gray,,Gray+,,Ground Plane,FALSE,,FALSE,FALSE,FALSE,TRUE,TRUE,,FALSE,FALSE,FALSE,FALSE,FALSE,FALSE,FALSE,FALSE,,POINT (-73.9594204646985 40.7905923765213)
"-7,397,043,285,736","4,077,393,472,476",11F-AM-1013-03,11F,AM,10132018,3,Adult,Gray,,Gray+,,Above Ground,30,,FALSE,FALSE,TRUE,FALSE,FALSE,,FALSE,FALSE,FALSE,FALSE,FALSE,FALSE,FALSE,FALSE,,POINT (-73.9704328573603 40.7739347247552)
"-7,397,475,928,559","4,077,637,628,704",12A-PM-1013-01,12A,PM,10132018,1,Adult,Gray,,Gray+,But it was kind of dark?,Ground Plane,FALSE,,FALSE,FALSE,FALSE,FALSE,TRUE,,FALSE,FALSE,FALSE,FALSE,TRUE,FALSE,TRUE,FALSE,,POINT (-73.9747592855901 40.7763762870413)
"-7,397,118,651,344","4,077,850,399,819",15C-AM-1010-03,15C,AM,10102018,3,Adult,Gray,,Gray+,,Above Ground,6,,FALSE,FALSE,FALSE,TRUE,FALSE,sitting,FALSE,FALSE,FALSE,FALSE,FALSE,FALSE,TRUE,FALSE,,POINT (-73.9711865134364 40.7785039981892)
"-7,397,613,757,295","4,076,622,318,921",1F-PM-1019-02,01F,PM,10192018,2,Adult,Gray,Cinnamon,Gray+Cinnamon,,Above Ground,2,,FALSE,FALSE,TRUE,TRUE,FALSE,,FALSE,FALSE,FALSE,FALSE,FALSE,TRUE,FALSE,FALSE,,POINT (-73.9761375729505 40.7662231892125)
"-7,395,884,149,805","4,079,535,254,814",37C-AM-1012-01,37C,AM,10122018,1,Adult,Gray,Cinnamon,Gray+Cinnamon,,Ground Plane,FALSE,,FALSE,FALSE,FALSE,FALSE,TRUE,caching,FALSE,FALSE,FALSE,FALSE,FALSE,FALSE,FALSE,TRUE,,POINT (-73.9588414980489 40.7953525481367)
"-7,397,439,704,555","407,687,880,244",5F-PM-1007-01,05F,PM,10072018,1,Adult,Gray,Cinnamon,Gray+Cinnamon,,Ground Plane,FALSE,,FALSE,FALSE,FALSE,TRUE,FALSE,,FALSE,FALSE,FALSE,FALSE,TRUE,FALSE,TRUE,FALSE,,POINT (-73.9743970455533 40.7687880243986)
"-7,396,865,512,133","4,077,286,178,372",11H-PM-1013-04,11H,PM,10132018,4,Adult,Gray,,Gray+,,Ground Plane,FALSE,,FALSE,FALSE,FALSE,TRUE,FALSE,,FALSE,FALSE,FALSE,FALSE,FALSE,TRUE,TRUE,FALSE,,POINT (-73.9686551213305 40.7728617837174)
"-7,397,085,642,268","407,726,219,968",10F-PM-1019-09,10F,PM,10192018,9,Adult,Gray,Cinnamon,Gray+Cinnamon,,Ground Plane,FALSE,Across Arbor path into hill w/ bushes,TRUE,FALSE,FALSE,FALSE,TRUE,,FALSE,FALSE,FALSE,FALSE,FALSE,FALSE,FALSE,TRUE,,POINT (-73.9708564226824 40.7726219968014)
"-7,397,875,529,478","4,076,907,796,288",3B-AM-1010-06,03B,AM,10102018,6,Adult,Gray,,Gray+,,Above Ground,20,,TRUE,FALSE,FALSE,FALSE,FALSE,,FALSE,FALSE,FALSE,FALSE,FALSE,FALSE,TRUE,FALSE,,POINT (-73.9787552947847 40.7690779628762)
"-739,565,738,896","4,079,001,609,526",32H-AM-1010-01,32H,AM,10102018,1,Juvenile,Gray,Cinnamon,Gray+Cinnamon,,Ground Plane,FALSE,,FALSE,FALSE,FALSE,FALSE,FALSE,not sure; walking-stop-walking-stop,FALSE,FALSE,FALSE,FALSE,FALSE,FALSE,TRUE,FALSE,did seem to observe me for a moment,POINT (-73.9565738895972 40.7900160952624)
"-7,398,085,173,247","4,076,831,546,472",1A-PM-1014-01,01A,PM,10142018,1,Adult,Cinnamon,White,Cinnamon+White,,Above Ground,6,,FALSE,TRUE,FALSE,FALSE,FALSE,,FALSE,FALSE,FALSE,FALSE,TRUE,FALSE,FALSE,FALSE,,POINT (-73.9808517324721 40.7683154647217)
"-7,398,013,433,933","4,076,915,124,534",3A-AM-1012-01,03A,AM,10122018,1,Juvenile,Gray,"Cinnamon, White","Gray+Cinnamon, White",Gray & Cinnamon selected as Primary. Cinnamon & White selected as Highlights. Made executive adjustments.,Above Ground,1,,FALSE,FALSE,FALSE,TRUE,FALSE,,FALSE,FALSE,FALSE,FALSE,TRUE,FALSE,FALSE,TRUE,,POINT (-73.9801343393329 40.7691512453402)
"-7,396,807,419,753","4,078,470,367,782",23B-PM-1012-04,23B,PM,10122018,4,Adult,Gray,White,Gray+White,,Above Ground,20,,FALSE,FALSE,FALSE,FALSE,FALSE,watching me - didn't move,FALSE,FALSE,FALSE,FALSE,TRUE,FALSE,FALSE,TRUE,,POINT (-73.9680741975294 40.7847036778165)
"-739,721,497,679","4,077,161,601,994",8F-PM-1012-02,08F,PM,10122018,2,Adult,Gray,,Gray+,,Ground Plane,FALSE,,TRUE,FALSE,FALSE,FALSE,FALSE,,FALSE,FALSE,FALSE,FALSE,FALSE,FALSE,FALSE,FALSE,,POINT (-73.9721497679014 40.7716160199386)
"-739,578,981,223","4,079,899,677,544",41B-AM-1010-03,41B,AM,10102018,3,Adult,,,+,,Above Ground,60,,FALSE,FALSE,FALSE,FALSE,FALSE,,FALSE,FALSE,FALSE,FALSE,FALSE,FALSE,FALSE,FALSE,,POINT (-73.9578981223015 40.7989967754358)
"-7,397,291,905,721","4,077,001,815,091",6F-PM-1008-03,06F,PM,10082018,3,Adult,Gray,,Gray+,,Above Ground,50,top of tree,FALSE,FALSE,FALSE,FALSE,TRUE,,FALSE,FALSE,FALSE,FALSE,FALSE,FALSE,FALSE,FALSE,,POINT (-73.9729190572117 40.770018150905)
"-739,785,829,546","4,077,196,522,991",6A-PM-1012-02,06A,PM,10122018,2,Adult,Gray,White,Gray+White,,Ground Plane,FALSE,,TRUE,TRUE,TRUE,FALSE,FALSE,,FALSE,FALSE,FALSE,FALSE,FALSE,FALSE,FALSE,FALSE,,POINT (-73.9785829546046 40.7719652299132)
"-7,397,296,035,503","4,076,602,157,107",3H-AM-1008-06,03H,AM,10082018,6,Adult,Black,,Black+,beauty!,Ground Plane,FALSE,,FALSE,FALSE,FALSE,FALSE,TRUE,,FALSE,FALSE,FALSE,FALSE,FALSE,FALSE,TRUE,TRUE,,POINT (-73.9729603550254 40.7660215710657)
"-7,397,043,394,226","4,077,401,495,296",11F-PM-1006-03,11F,PM,10062018,3,Adult,Gray,,Gray+,,Above Ground,4,,FALSE,FALSE,TRUE,FALSE,FALSE,,FALSE,FALSE,FALSE,FALSE,TRUE,FALSE,TRUE,FALSE,,POINT (-73.9704339422613 40.7740149529644)
"-7,397,045,925,009","4,077,296,288,793",10G-AM-1006-03,10G,AM,10062018,3,Juvenile,Gray,White,Gray+White,tuft on butt,Above Ground,10,,FALSE,FALSE,TRUE,FALSE,FALSE,,FALSE,FALSE,FALSE,TRUE,FALSE,FALSE,FALSE,TRUE,,POINT (-73.9704592500888 40.772962887933)
"-7,395,871,384,837","4,079,639,180,518",38C-PM-1014-02,38C,PM,10142018,2,Adult,Gray,White,Gray+White,,Ground Plane,FALSE,,FALSE,FALSE,FALSE,TRUE,TRUE,,FALSE,FALSE,FALSE,FALSE,FALSE,FALSE,FALSE,FALSE,,POINT (-73.958713848373 40.7963918051751)
"-7,395,837,620,713","4,078,522,260,656",27I-PM-1020-03,27I,PM,10202018,3,Adult,Gray,Cinnamon,Gray+Cinnamon,,Ground Plane,FALSE,,FALSE,FALSE,FALSE,FALSE,FALSE,,FALSE,FALSE,FALSE,FALSE,FALSE,TRUE,FALSE,FALSE,begging for food; on hind legs,POINT (-73.9583762071264 40.7852226065643)
"-7,397,682,684,679","4,077,146,080,419",6B-PM-1017-02,06B,PM,10172018,2,Adult,Gray,Cinnamon,Gray+Cinnamon,,Ground Plane,FALSE,,FALSE,FALSE,FALSE,FALSE,TRUE,,FALSE,FALSE,FALSE,FALSE,FALSE,FALSE,FALSE,FALSE,,POINT (-73.9768268467857 40.7714608041933)
"-7,397,201,092,117","4,077,016,269,192",7G-AM-1010-09,07G,AM,10102018,9,Adult,Cinnamon,,Cinnamon+,,Ground Plane,FALSE,,FALSE,FALSE,FALSE,FALSE,TRUE,,FALSE,FALSE,FALSE,FALSE,FALSE,FALSE,TRUE,FALSE,,POINT (-73.972010921173 40.7701626919216)
"-7,397,772,067,333","4,076,685,955,855",1D-PM-1007-07,01D,PM,10072018,7,Adult,Gray,,Gray+,,Ground Plane,FALSE,,FALSE,FALSE,FALSE,FALSE,FALSE,lying down,FALSE,FALSE,FALSE,FALSE,FALSE,FALSE,TRUE,FALSE,,POINT (-73.9777206733344 40.7668595585487)
"-7,397,778,796,352","4,076,935,945,567",4C-AM-1006-03,04C,AM,10062018,3,Juvenile,Gray,,Gray+,,Above Ground,10,,FALSE,FALSE,FALSE,FALSE,TRUE,,FALSE,FALSE,FALSE,FALSE,FALSE,FALSE,FALSE,FALSE,,POINT (-73.9777879635216 40.769359455673)
"-7,396,653,096,896","4,077,752,710,202",16G-AM-1010-04,16G,AM,10102018,4,Adult,Cinnamon,Gray,Cinnamon+Gray,,Ground Plane,FALSE,,FALSE,FALSE,TRUE,FALSE,FALSE,,FALSE,FALSE,FALSE,FALSE,FALSE,FALSE,TRUE,FALSE,,POINT (-73.9665309689616 40.7775271020244)
"-7,395,883,617,429","4,079,111,522,516",33E-PM-1012-02,33E,PM,10122018,2,Adult,Gray,White,Gray+White,,Ground Plane,FALSE,,FALSE,FALSE,FALSE,FALSE,TRUE,,FALSE,FALSE,FALSE,FALSE,FALSE,FALSE,FALSE,TRUE,,POINT (-73.9588361742943 40.791115225155)
"-7,396,689,643,157","4,077,775,779,909",16G-AM-1010-01,16G,AM,10102018,1,Adult,Gray,White,Gray+White,,Above Ground,3,,FALSE,FALSE,TRUE,FALSE,FALSE,,FALSE,FALSE,FALSE,FALSE,TRUE,FALSE,FALSE,TRUE,,POINT (-73.9668964315686 40.7777577990886)
"-7,395,557,243,518","4,079,676,024,982",39E-AM-1018-03,39E,AM,10182018,3,Adult,Gray,Cinnamon,Gray+Cinnamon,,Ground Plane,FALSE,,TRUE,FALSE,FALSE,FALSE,FALSE,,FALSE,FALSE,FALSE,FALSE,FALSE,FALSE,TRUE,FALSE,,POINT (-73.9555724351776 40.7967602498249)
"-7,395,969,492,589","4,079,000,794,792",31E-PM-1006-04,31E,PM,10062018,4,Adult,Gray,,Gray+,,Above Ground,10,,FALSE,FALSE,TRUE,FALSE,FALSE,,FALSE,FALSE,FALSE,FALSE,FALSE,FALSE,TRUE,FALSE,,POINT (-73.9596949258862 40.7900079479217)
"-73,972,594,718","4,077,944,815,772",16A-AM-1013-01,16A,AM,10132018,1,Adult,Gray,,Gray+,,Ground Plane,FALSE,,FALSE,FALSE,FALSE,FALSE,TRUE,,FALSE,FALSE,FALSE,FALSE,FALSE,FALSE,TRUE,FALSE,,POINT (-73.9725947179952 40.7794481577234)
"-7,397,551,920,769","4,076,644,135,708",2F-PM-1014-06,02F,PM,10142018,6,Adult,Gray,White,Gray+White,,Ground Plane,FALSE,,TRUE,FALSE,FALSE,FALSE,FALSE,,FALSE,FALSE,FALSE,FALSE,FALSE,FALSE,TRUE,FALSE,,POINT (-73.9755192076934 40.7664413570796)
"-7,396,869,079,188","4,078,394,622,619",22B-AM-1013-03,22B,AM,10132018,3,Adult,Cinnamon,,Cinnamon+,,Ground Plane,FALSE,,FALSE,FALSE,FALSE,FALSE,TRUE,,FALSE,FALSE,FALSE,FALSE,FALSE,FALSE,TRUE,FALSE,,POINT (-73.9686907918759 40.7839462261858)
"-7,398,094,464,896","4,076,850,321,659",2A-PM-1019-03,02A,PM,10192018,3,Juvenile,Gray,White,Gray+White,,Above Ground,15,in tree!,TRUE,FALSE,FALSE,FALSE,FALSE,,FALSE,FALSE,FALSE,FALSE,FALSE,FALSE,TRUE,FALSE,,POINT (-73.9809446489564 40.7685032165879)
"-7,395,970,172,788","4,079,066,002,697",32E-AM-1007-03,32E,AM,10072018,3,Adult,Black,,Black+,,Ground Plane,FALSE,,TRUE,FALSE,FALSE,FALSE,FALSE,,FALSE,FALSE,FALSE,FALSE,FALSE,FALSE,FALSE,FALSE,,POINT (-73.959701727877 40.790660026971)
"-7,397,081,754,618","4,077,592,285,655",13E-AM-1017-10,13E,AM,10172018,10,Adult,Gray,,Gray+,,Ground Plane,FALSE,,FALSE,FALSE,FALSE,FALSE,TRUE,,FALSE,FALSE,FALSE,FALSE,FALSE,FALSE,FALSE,FALSE,,POINT (-73.9708175461804 40.7759228565501)
"-7,396,835,980,866","4,078,111,504,513",19D-PM-1008-01,19D,PM,10082018,1,Adult,Gray,White,Gray+White,,Ground Plane,FALSE,,FALSE,FALSE,FALSE,FALSE,TRUE,,FALSE,FALSE,FALSE,FALSE,FALSE,FALSE,TRUE,FALSE,,POINT (-73.9683598086625 40.7811150451315)
"-7,395,886,898,209","407,992,384,138",40A-PM-1014-03,40A,PM,10142018,3,Adult,Gray,,Gray+,,Ground Plane,FALSE,,TRUE,FALSE,FALSE,FALSE,FALSE,,FALSE,FALSE,FALSE,FALSE,FALSE,FALSE,FALSE,TRUE,runs from (ran from base of tree into bushes),POINT (-73.9588689820908 40.799238413797205)
"-7,397,203,231,482","4,077,297,034,596",10E-PM-1007-01,10E,PM,10072018,1,Adult,Gray,,Gray+,,Above Ground,35,,FALSE,FALSE,FALSE,FALSE,TRUE,,FALSE,FALSE,FALSE,FALSE,FALSE,FALSE,FALSE,FALSE,,POINT (-73.9720323148189 40.7729703459618)
"-73,968,365,345","4,077,196,615,922",10I-AM-1010-01,10I,AM,10102018,1,Adult,Gray,Cinnamon,Gray+Cinnamon,,Ground Plane,FALSE,,FALSE,FALSE,FALSE,FALSE,TRUE,,FALSE,FALSE,FALSE,FALSE,FALSE,FALSE,TRUE,FALSE,,POINT (-73.9683653449966 40.7719661592206)
"-7,395,905,514,734","4,078,916,070,608",31F-PM-1007-02,31F,PM,10072018,2,Adult,Gray,,Gray+,,Above Ground,2,tree trunk,FALSE,FALSE,FALSE,FALSE,TRUE,,FALSE,FALSE,FALSE,FALSE,TRUE,FALSE,FALSE,TRUE,,POINT (-73.95905514734162 40.7891607060794)
"-7,395,877,875,928","4,079,816,990,143",40A-AM-1010-01,40A,AM,10102018,1,Juvenile,Gray,,Gray+,,Above Ground,30,bottom of great hill,FALSE,FALSE,TRUE,FALSE,FALSE,,FALSE,FALSE,FALSE,FALSE,FALSE,FALSE,FALSE,FALSE,climbing up a tree,POINT (-73.9587787592751 40.7981699014259)
"-739,682,278,906","4,077,330,275,081",11H-PM-1013-02,11H,PM,10132018,2,Adult,Gray,Black,Gray+Black,,Above Ground,10,,FALSE,FALSE,FALSE,FALSE,FALSE,digging,FALSE,FALSE,FALSE,FALSE,FALSE,FALSE,TRUE,FALSE,,POINT (-73.9682278905989 40.7733027508057)
"-7,396,044,760,479","4,079,380,143,287",35C-AM-1007-03,35C,AM,10072018,3,Adult,,,+,,Above Ground,40,,FALSE,FALSE,FALSE,FALSE,TRUE,,FALSE,FALSE,FALSE,FALSE,FALSE,FALSE,FALSE,FALSE,,POINT (-73.9604476047877 40.7938014328732)
"-7,396,830,666,058","4,077,812,139,305",16E-PM-1018-03,16E,PM,10182018,3,Adult,Gray,,Gray+,,Ground Plane,FALSE,,TRUE,FALSE,FALSE,FALSE,FALSE,,FALSE,FALSE,FALSE,FALSE,FALSE,FALSE,FALSE,TRUE,,POINT (-73.9683066605832 40.7781213930544)
"-7,397,355,287,721","4,077,156,382,282",7E-PM-1013-01,07E,PM,10132018,1,Adult,Gray,Cinnamon,Gray+Cinnamon,,Ground Plane,FALSE,Ground & Tree Base,TRUE,FALSE,TRUE,TRUE,TRUE,,FALSE,FALSE,FALSE,FALSE,FALSE,FALSE,FALSE,TRUE,,POINT (-73.973552877209 40.7715638228207)
"-7,396,847,528,392","4,077,658,162,615",15F-AM-1007-01,15F,AM,10072018,1,Adult,Gray,Cinnamon,Gray+Cinnamon,"Listed as primary white with cinnamon highlights, I changed to Gray/cinnamon - JO",Ground Plane,FALSE,,TRUE,FALSE,FALSE,TRUE,TRUE,,FALSE,FALSE,FALSE,FALSE,FALSE,FALSE,TRUE,TRUE,,POINT (-73.9684752839242 40.7765816261518)
"-7,397,911,415,322","4,077,148,888,354",5A-AM-1006-04,05A,AM,10062018,4,Juvenile,Gray,Cinnamon,Gray+Cinnamon,,Ground Plane,FALSE,,FALSE,FALSE,FALSE,FALSE,TRUE,,FALSE,FALSE,FALSE,TRUE,FALSE,FALSE,TRUE,FALSE,,POINT (-73.9791141532217 40.77148888354161)
"-7,397,902,039,736","4,076,888,371,148",3B-AM-1010-02,03B,AM,10102018,2,Juvenile,Gray,Cinnamon,Gray+Cinnamon,,Ground Plane,FALSE,,TRUE,FALSE,FALSE,FALSE,FALSE,together w/ #3,FALSE,FALSE,FALSE,FALSE,FALSE,FALSE,FALSE,TRUE,,POINT (-73.9790203973636 40.7688837114832)
"-7,397,292,974,853","4,076,732,785,414",4H-AM-1006-03,04H,AM,10062018,3,Adult,Black,,Black+,,Ground Plane,FALSE,,FALSE,FALSE,FALSE,FALSE,TRUE,met #4 while foraging and briefly tussled,FALSE,FALSE,FALSE,FALSE,FALSE,FALSE,TRUE,FALSE,,POINT (-73.9729297485331 40.7673278541438)
"-7,397,556,434,048","4,076,975,691,494",5E-PM-1012-03,05E,PM,10122018,3,Adult,Gray,"Cinnamon, White","Gray+Cinnamon, White",,Ground Plane,FALSE,,FALSE,FALSE,FALSE,TRUE,TRUE,,FALSE,FALSE,FALSE,FALSE,FALSE,TRUE,FALSE,FALSE,,POINT (-73.9755643404768 40.7697569149388)
"-7,397,266,996,869","4,077,011,237,912",7F-AM-1008-01,07F,AM,10082018,1,Adult,Gray,Cinnamon,Gray+Cinnamon,,Ground Plane,FALSE,under bench,FALSE,FALSE,FALSE,FALSE,TRUE,,FALSE,FALSE,FALSE,TRUE,FALSE,FALSE,TRUE,FALSE,,POINT (-73.9726699686943 40.7701123791223)
"-7,395,698,112,857","4,079,309,123,461",35F-PM-1012-02,35F,PM,10122018,2,Adult,Gray,White,Gray+White,,Ground Plane,FALSE,,FALSE,FALSE,FALSE,TRUE,TRUE,,FALSE,FALSE,FALSE,FALSE,TRUE,FALSE,TRUE,FALSE,,POINT (-73.9569811285656 40.793091234605)
"-7,396,300,549,964","407,905,225,147",30C-PM-1008-01,30C,PM,10082018,1,Adult,Gray,Cinnamon,Gray+Cinnamon,,Ground Plane,FALSE,,FALSE,FALSE,FALSE,TRUE,TRUE,,FALSE,FALSE,FALSE,FALSE,FALSE,FALSE,FALSE,FALSE,,POINT (-73.9630054996358 40.7905225147022)
"-7,396,572,031,997","4,077,517,300,891",14I-PM-1018-02,14I,PM,10182018,2,Juvenile,Gray,Cinnamon,Gray+Cinnamon,,Ground Plane,FALSE,,FALSE,FALSE,FALSE,FALSE,TRUE,,FALSE,FALSE,FALSE,FALSE,FALSE,FALSE,FALSE,TRUE,,POINT (-73.9657203199746 40.775173008911)
"-7,397,069,499,307","4,077,236,204,585",10G-AM-1006-08,10G,AM,10062018,8,Adult,Black,Cinnamon,Black+Cinnamon,,Above Ground,3,,FALSE,FALSE,FALSE,TRUE,FALSE,,FALSE,FALSE,FALSE,TRUE,TRUE,FALSE,TRUE,FALSE,,POINT (-73.9706949930717 40.772362045852)
"-739,545,912,099","4,079,483,018,131",38F-PM-1013-06,38F,PM,10132018,6,Juvenile,Gray,Cinnamon,Gray+Cinnamon,,Ground Plane,FALSE,,FALSE,FALSE,FALSE,FALSE,TRUE,,FALSE,FALSE,FALSE,FALSE,FALSE,FALSE,FALSE,FALSE,,POINT (-73.9545912098958 40.7948301813102)
"-7,397,208,712,754","4,077,623,726,863",13C-AM-1010-01,13C,AM,10102018,1,Adult,Gray,,Gray+,,Ground Plane,FALSE,,FALSE,FALSE,TRUE,FALSE,FALSE,,FALSE,FALSE,FALSE,FALSE,FALSE,FALSE,FALSE,TRUE,,POINT (-73.972087127535 40.776237268628)
"-7,395,827,701,417","4,078,566,102,389",28I-PM-1007-01,28I,PM,10072018,1,Adult,Gray,,Gray+,,Above Ground,20,,TRUE,FALSE,TRUE,FALSE,FALSE,,FALSE,FALSE,FALSE,FALSE,FALSE,FALSE,TRUE,FALSE,,POINT (-73.95827701417 40.7856610238891)
"-7,396,198,560,858","4,079,195,165,201",32C-PM-1013-08,32C,PM,10132018,8,Juvenile,Gray,,Gray+,,Ground Plane,FALSE,,FALSE,FALSE,FALSE,FALSE,TRUE,,FALSE,FALSE,FALSE,FALSE,FALSE,FALSE,FALSE,FALSE,,POINT (-73.9619856085821 40.7919516520091)
"-7,396,953,216,004","4,078,226,166,414",20B-PM-1013-01,20B,PM,10132018,1,Adult,Gray,White,Gray+White,,Ground Plane,FALSE,,FALSE,FALSE,FALSE,FALSE,TRUE,,FALSE,FALSE,FALSE,FALSE,FALSE,FALSE,FALSE,FALSE,,POINT (-73.969532160039 40.7822616641357)
"-7,395,874,591,364","4,079,824,973,518",40B-PM-1014-05,40B,PM,10142018,5,Adult,Gray,Cinnamon,Gray+Cinnamon,,Ground Plane,FALSE,,FALSE,FALSE,FALSE,FALSE,TRUE,,FALSE,FALSE,FALSE,FALSE,FALSE,FALSE,FALSE,TRUE,,POINT (-73.9587459136391 40.7982497351812)
"-7,396,738,035,086","4,077,852,450,255",17F-AM-1007-01,17F,AM,10072018,1,Adult,Gray,,Gray+,,Above Ground,18,,FALSE,FALSE,TRUE,TRUE,FALSE,,FALSE,FALSE,FALSE,TRUE,FALSE,FALSE,TRUE,FALSE,,POINT (-73.9673803508629 40.7785245025508)
"-7,395,798,653,298","4,079,490,653,568",37D-PM-1014-03,37D,PM,10142018,3,Adult,Gray,,Gray+,,Above Ground,40,,FALSE,FALSE,TRUE,FALSE,FALSE,,FALSE,FALSE,FALSE,FALSE,FALSE,FALSE,FALSE,FALSE,,POINT (-73.9579865329778 40.794906535675)
"-7,396,993,697,968","4,077,203,501,913",10G-PM-1017-04,10G,PM,10172018,4,Adult,Gray,,Gray+,,Ground Plane,FALSE,,TRUE,FALSE,FALSE,TRUE,FALSE,,FALSE,FALSE,FALSE,FALSE,FALSE,FALSE,TRUE,FALSE,,POINT (-73.9699369796844 40.7720350191273)
"-739,667,073,187","4,078,405,813,616",23C-PM-1014-01,23C,PM,10142018,1,Adult,Gray,,Gray+,,Above Ground,20,,FALSE,FALSE,TRUE,FALSE,FALSE,,FALSE,FALSE,FALSE,FALSE,FALSE,FALSE,FALSE,FALSE,,POINT (-73.96670731869591 40.7840581361598)
"-7,396,659,048,701","4,078,024,690,529",19E-PM-1018-02,19E,PM,10182018,2,Adult,Gray,White,Gray+White,,Ground Plane,FALSE,,TRUE,FALSE,TRUE,FALSE,FALSE,,FALSE,FALSE,FALSE,TRUE,FALSE,FALSE,FALSE,FALSE,,POINT (-73.96659048700901 40.7802469052891)
"-7,396,193,040,894","4,079,204,516,932",32C-PM-1013-10,32C,PM,10132018,10,Adult,Gray,,Gray+,,Ground Plane,FALSE,,FALSE,FALSE,FALSE,FALSE,TRUE,,FALSE,FALSE,FALSE,FALSE,FALSE,FALSE,FALSE,FALSE,,POINT (-73.96193040894 40.792045169318)
"-739,522,704,512","407,965,668,879",41G-AM-1013-01,41G,AM,10132018,1,Adult,Gray,Cinnamon,Gray+Cinnamon,,Ground Plane,FALSE,,FALSE,FALSE,FALSE,TRUE,TRUE,,FALSE,FALSE,FALSE,FALSE,FALSE,FALSE,FALSE,TRUE,,POINT (-73.9522704511969 40.7965668878961)
"-7,395,896,709,879","4,079,521,270,393",37C-AM-1012-04,37C,AM,10122018,4,Adult,Gray,Cinnamon,Gray+Cinnamon,Cinnamon flanks,Ground Plane,FALSE,,FALSE,FALSE,FALSE,FALSE,TRUE,,FALSE,FALSE,FALSE,FALSE,FALSE,FALSE,TRUE,FALSE,,POINT (-73.9589670987899 40.7952127039287)
"-7,396,682,305,766","4,078,706,372,333",25B-PM-1007-02,25B,PM,10072018,2,Adult,Gray,Cinnamon,Gray+Cinnamon,,Ground Plane,FALSE,,FALSE,FALSE,TRUE,FALSE,TRUE,,FALSE,FALSE,FALSE,FALSE,FALSE,FALSE,TRUE,FALSE,,POINT (-73.9668230576555 40.7870637233327)
"-7,395,999,115,375","4,079,144,525,428",33D-AM-1017-04,33D,AM,10172018,4,Adult,Black,,Black+,,Above Ground,5,,FALSE,FALSE,TRUE,FALSE,FALSE,,FALSE,FALSE,FALSE,FALSE,TRUE,FALSE,FALSE,TRUE,,POINT (-73.9599911537509 40.7914452542845)
"-7,397,562,732,577","4,077,065,391,862",6D-AM-1008-04,06D,AM,10082018,4,Adult,Gray,,Gray+,,Above Ground,,,FALSE,FALSE,TRUE,FALSE,FALSE,,FALSE,FALSE,FALSE,FALSE,FALSE,FALSE,FALSE,FALSE,,POINT (-73.9756273257684 40.7706539186221)
"-739,775,865,217","4,077,049,283",5C-PM-1010-01,05C,PM,10102018,1,Adult,Cinnamon,"Gray, White","Cinnamon+Gray, White",,Ground Plane,FALSE,,FALSE,FALSE,FALSE,TRUE,TRUE,,FALSE,FALSE,FALSE,FALSE,FALSE,FALSE,TRUE,FALSE,,POINT (-73.9775865217038 40.7704928300008)
"-739,727,323,798","407,669,035,464",3H-AM-1008-03,03H,AM,10082018,3,Adult,Gray,,Gray+,,Above Ground,40,building nest,FALSE,FALSE,TRUE,FALSE,FALSE,,FALSE,FALSE,FALSE,FALSE,FALSE,FALSE,TRUE,FALSE,,POINT (-73.9727323797981 40.7669035463955)
"-7,397,561,052,267","4,076,965,319,727",5D-AM-1020-03,05D,AM,10202018,3,Adult,Cinnamon,Black,Cinnamon+Black,,Ground Plane,FALSE,,FALSE,FALSE,FALSE,FALSE,TRUE,,FALSE,FALSE,FALSE,FALSE,FALSE,TRUE,FALSE,FALSE,,POINT (-73.9756105226696 40.7696531972655)
"-7,395,651,516,625","4,079,466,479,874",37E-PM-1006-07,37E,PM,10062018,7,Adult,Cinnamon,Gray,Cinnamon+Gray,,Ground Plane,FALSE,,TRUE,FALSE,FALSE,FALSE,FALSE,,FALSE,FALSE,FALSE,FALSE,TRUE,FALSE,FALSE,TRUE,me,POINT (-73.9565151662506 40.7946647987447)
"-7,395,772,971,872","4,079,922,529,568",41B-AM-1010-08,41B,AM,10102018,8,Adult,Cinnamon,"Gray, White","Cinnamon+Gray, White",,Above Ground,20,,FALSE,FALSE,TRUE,TRUE,FALSE,,FALSE,FALSE,FALSE,FALSE,FALSE,TRUE,FALSE,FALSE,,POINT (-73.9577297187155 40.799225295679)
"-7,396,984,463,657","4,078,426,071,686",22A-AM-1008-01,22A,AM,10082018,1,Adult,Gray,Cinnamon,Gray+Cinnamon,,Above Ground,4,on fence,FALSE,FALSE,FALSE,TRUE,FALSE,,FALSE,FALSE,FALSE,FALSE,FALSE,FALSE,FALSE,FALSE,,POINT (-73.9698446365683 40.7842607168578)
"-739,569,896,639","4,079,119,145,075",33G-PM-1006-02,33G,PM,10062018,2,Adult,Gray,,Gray+,my favorite,Ground Plane,FALSE,,TRUE,FALSE,FALSE,FALSE,FALSE,,FALSE,FALSE,FALSE,FALSE,FALSE,FALSE,FALSE,FALSE,engaged w/ me,POINT (-73.9569896638974 40.7911914507504)
"-7,396,951,750,418","4,078,207,413,443",20B-PM-1013-02,20B,PM,10132018,2,Adult,Gray,White,Gray+White,,Ground Plane,FALSE,,FALSE,FALSE,FALSE,FALSE,TRUE,,FALSE,FALSE,FALSE,FALSE,FALSE,FALSE,FALSE,FALSE,,POINT (-73.969517504176 40.7820741344297)
"-739,679,156,308","4,077,452,693,603",13H-PM-1010-06,13H,PM,10102018,6,Adult,Gray,,Gray+,,Ground Plane,FALSE,,FALSE,FALSE,FALSE,FALSE,TRUE,,FALSE,FALSE,FALSE,FALSE,FALSE,FALSE,TRUE,FALSE,,POINT (-73.9679156307975 40.7745269360259)
"-7,395,266,811,072","4,079,770,120,091",42F-PM-1017-01,42F,PM,10172018,1,Adult,Gray,"Cinnamon, White","Gray+Cinnamon, White",,Ground Plane,FALSE,,TRUE,FALSE,FALSE,FALSE,FALSE,playing,FALSE,FALSE,FALSE,FALSE,FALSE,FALSE,TRUE,FALSE,,POINT (-73.9526681107152 40.7977012009146)
"-7,396,053,474,621","4,079,420,754,484",35B-AM-1010-04,35B,AM,10102018,4,Adult,Cinnamon,Gray,Cinnamon+Gray,,Ground Plane,FALSE,lawn,FALSE,FALSE,FALSE,FALSE,TRUE,,FALSE,FALSE,FALSE,FALSE,FALSE,FALSE,TRUE,FALSE,,POINT (-73.9605347462123 40.7942075448387)
"-7,397,685,444,887","407,680,069,501",3D-AM-1006-07,03D,AM,10062018,7,Adult,Cinnamon,Gray,Cinnamon+Gray,,Ground Plane,FALSE,,TRUE,FALSE,FALSE,FALSE,FALSE,running (with food in mouth),FALSE,FALSE,FALSE,FALSE,FALSE,FALSE,TRUE,FALSE,,POINT (-73.9768544488742 40.7680069500977)
"-7,396,533,435,729","4,077,752,869,246",17H-PM-1007-01,17H,PM,10072018,1,Adult,Gray,Cinnamon,Gray+Cinnamon,,Above Ground,4,,FALSE,FALSE,TRUE,TRUE,FALSE,,FALSE,FALSE,FALSE,TRUE,FALSE,FALSE,FALSE,TRUE,,POINT (-73.9653343572865 40.7775286924617)
"-739,691,318,045","4,077,098,019,747",9I-AM-1014-05,09I,AM,10142018,5,Adult,Cinnamon,,Cinnamon+,,Ground Plane,FALSE,,FALSE,FALSE,FALSE,FALSE,TRUE,,FALSE,FALSE,FALSE,FALSE,FALSE,FALSE,FALSE,FALSE,,POINT (-73.9691318044969 40.7709801974696)
"-7,396,869,998,602","4,078,440,147,351",22B-PM-1014-03,22B,PM,10142018,3,Juvenile,Gray,Cinnamon,Gray+Cinnamon,,Above Ground,8,,TRUE,TRUE,FALSE,FALSE,FALSE,,FALSE,FALSE,FALSE,FALSE,FALSE,FALSE,FALSE,FALSE,,POINT (-73.9686999860219 40.7844014735136)
"-7,395,994,199,263","4,079,727,747,288",38A-AM-1019-01,38A,AM,10192018,1,Adult,Gray,,Gray+,,Above Ground,3,,TRUE,TRUE,TRUE,FALSE,FALSE,,FALSE,FALSE,FALSE,FALSE,FALSE,FALSE,TRUE,FALSE,,POINT (-73.9599419926299 40.7972774728811)
"-7,397,559,232,564","4,076,729,679,725",3F-PM-1013-02,03F,PM,10132018,2,Adult,Black,Gray,Black+Gray,,Ground Plane,FALSE,,FALSE,FALSE,FALSE,FALSE,TRUE,,FALSE,FALSE,FALSE,FALSE,TRUE,FALSE,FALSE,TRUE,,POINT (-73.97559232564292 40.7672967972471)
"-7,396,746,037,843","4,077,494,938,032",13H-PM-1010-01,13H,PM,10102018,1,Adult,Gray,,Gray+,,Ground Plane,FALSE,,FALSE,FALSE,FALSE,FALSE,TRUE,,FALSE,FALSE,FALSE,FALSE,FALSE,FALSE,TRUE,FALSE,,POINT (-73.9674603784345 40.774949380316805)
"-7,396,009,636,391","4,079,349,623,253",34C-AM-1007-01,34C,AM,10072018,1,Adult,Black,,Black+,,Ground Plane,FALSE,,TRUE,FALSE,FALSE,FALSE,FALSE,,FALSE,FALSE,FALSE,TRUE,FALSE,FALSE,FALSE,TRUE,dog,POINT (-73.9600963639087 40.7934962325313)
"-7,396,388,775,887","4,079,154,773,043",31A-AM-1010-02,31A,AM,10102018,2,Adult,Gray,,Gray+,,Ground Plane,FALSE,,FALSE,FALSE,FALSE,TRUE,TRUE,scratching,FALSE,FALSE,FALSE,FALSE,FALSE,FALSE,TRUE,FALSE,,POINT (-73.96388775887 40.7915477304252)
"-7,396,427,429,077","407,795,319,556",19H-AM-1010-03,19H,AM,10102018,3,Juvenile,Gray,"Cinnamon, White","Gray+Cinnamon, White",,Ground Plane,FALSE,,FALSE,FALSE,TRUE,TRUE,TRUE,,FALSE,FALSE,FALSE,FALSE,FALSE,FALSE,TRUE,FALSE,ran from human w/ dog,POINT (-73.964274290774 40.7795319556023)
"-7,395,968,201,552","4,079,328,868,032",34D-PM-1007-03,34D,PM,10072018,3,Adult,Gray,Cinnamon,Gray+Cinnamon,,Ground Plane,FALSE,,FALSE,FALSE,FALSE,TRUE,FALSE,,FALSE,FALSE,FALSE,FALSE,TRUE,FALSE,FALSE,TRUE,,POINT (-73.9596820155238 40.7932886803231)
"-7,396,133,472,959","4,079,389,009,652",34B-AM-1013-02,34B,AM,10132018,2,Adult,Gray,Cinnamon,Gray+Cinnamon,,Ground Plane,FALSE,,FALSE,FALSE,FALSE,FALSE,TRUE,,FALSE,FALSE,FALSE,FALSE,FALSE,FALSE,TRUE,FALSE,,POINT (-73.9613347295946 40.7938900965153)
"-7,397,214,488,798","407,762,112,841",13C-AM-1010-02,13C,AM,10102018,2,Adult,Gray,"Cinnamon, White","Gray+Cinnamon, White",,Above Ground,7,,FALSE,FALSE,TRUE,FALSE,FALSE,burying,FALSE,FALSE,FALSE,FALSE,FALSE,FALSE,TRUE,FALSE,,POINT (-73.9721448879766 40.7762112840981)
"-7,397,364,890,419","4,077,121,433,854",7E-AM-1006-04,07E,AM,10062018,4,Adult,Gray,,Gray+,,Ground Plane,FALSE,under a tree,FALSE,FALSE,FALSE,TRUE,FALSE,,FALSE,FALSE,FALSE,FALSE,FALSE,FALSE,FALSE,FALSE,,POINT (-73.9736489041867 40.7712143385426)
"-7,397,108,433,621","4,076,797,396,013",5I-AM-1010-03,05I,AM,10102018,3,Adult,Gray,,Gray+,,Above Ground,3,,FALSE,FALSE,FALSE,FALSE,FALSE,,FALSE,FALSE,FALSE,FALSE,FALSE,FALSE,TRUE,FALSE,,POINT (-73.9710843362124 40.7679739601336)
"-7,396,632,971,446","4,078,379,320,237",22D-PM-1012-03,22D,PM,10122018,3,Adult,Gray,"Black, White","Gray+Black, White",,Ground Plane,FALSE,,FALSE,FALSE,FALSE,FALSE,TRUE,,FALSE,FALSE,FALSE,FALSE,FALSE,FALSE,TRUE,FALSE,,POINT (-73.9663297144622 40.7837932023685)
"-7,396,749,310,703","407,783,693,691",17F-AM-1007-04,17F,AM,10072018,4,Adult,Cinnamon,White,Cinnamon+White,,Above Ground,4,,FALSE,FALSE,FALSE,TRUE,FALSE,chilling,TRUE,FALSE,FALSE,FALSE,FALSE,FALSE,TRUE,FALSE,,POINT (-73.9674931070324 40.7783693690954)
"-7,396,579,584,336","4,077,634,968,751",15H-AM-1013-01,15H,AM,10132018,1,Adult,Gray,White,Gray+White,,Above Ground,50,,FALSE,FALSE,TRUE,FALSE,FALSE,,FALSE,FALSE,FALSE,FALSE,FALSE,FALSE,FALSE,FALSE,,POINT (-73.9657958433575 40.7763496875058)
"-7,395,467,809,634","4,079,032,165,221",34I-AM-1012-03,34I,AM,10122018,3,Adult,Gray,"Cinnamon, White","Gray+Cinnamon, White",,Ground Plane,FALSE,,FALSE,FALSE,FALSE,FALSE,FALSE,nut in mouth,FALSE,FALSE,FALSE,FALSE,FALSE,FALSE,TRUE,FALSE,,POINT (-73.9546780963388 40.7903216522111)
"-7,397,190,684,786","4,077,890,623,126",15B-AM-1014-02,15B,AM,10142018,2,Adult,Gray,Cinnamon,Gray+Cinnamon,,Above Ground,10,,FALSE,FALSE,FALSE,FALSE,FALSE,"grooming,scratching",FALSE,FALSE,FALSE,FALSE,FALSE,FALSE,TRUE,FALSE,,POINT (-73.9719068478565 40.7789062312585)
"-7,398,059,277,109","4,076,799,891,166",1B-PM-1019-07,01B,PM,10192018,7,Adult,Gray,White,Gray+White,,Ground Plane,FALSE,,FALSE,FALSE,FALSE,TRUE,FALSE,,FALSE,FALSE,FALSE,FALSE,FALSE,FALSE,TRUE,FALSE,,POINT (-73.9805927710872 40.7679989116642)
"-7,395,960,833,665","4,079,495,267,296",36C-PM-1013-05,36C,PM,10132018,5,Adult,Cinnamon,,Cinnamon+,"""Warm brown"" written in for Primary.",Ground Plane,FALSE,Ran across path in front of people,TRUE,FALSE,FALSE,TRUE,TRUE,,FALSE,FALSE,FALSE,FALSE,TRUE,FALSE,TRUE,TRUE,,POINT (-73.9596083366477 40.7949526729608)
"-7,396,197,864,501","4,079,198,762,745",32C-PM-1013-09,32C,PM,10132018,9,Juvenile,Gray,,Gray+,,Ground Plane,FALSE,,FALSE,FALSE,FALSE,FALSE,TRUE,,FALSE,FALSE,FALSE,FALSE,FALSE,FALSE,FALSE,FALSE,,POINT (-73.9619786450142 40.7919876274548)
"-7,395,849,506,209","4,079,027,707,106",32F-PM-1008-03,32F,PM,10082018,3,Adult,Gray,"Cinnamon, White","Gray+Cinnamon, White",,Ground Plane,FALSE,,TRUE,TRUE,TRUE,TRUE,TRUE,,FALSE,FALSE,FALSE,FALSE,FALSE,FALSE,TRUE,FALSE,,POINT (-73.9584950620879 40.7902770710643)
"-7,397,663,170,942","407,734,230,472",8B-AM-1007-05,08B,AM,10072018,5,Adult,Gray,,Gray+,,Ground Plane,FALSE,,FALSE,FALSE,FALSE,FALSE,TRUE,,FALSE,FALSE,FALSE,FALSE,TRUE,FALSE,TRUE,FALSE,,POINT (-73.9766317094163 40.7734230472026)
"-7,395,952,229,992","4,078,332,025,778",25I-AM-1012-02,25I,AM,10122018,2,Adult,Cinnamon,Gray,Cinnamon+Gray,,Above Ground,31,on tree,TRUE,TRUE,FALSE,FALSE,FALSE,,FALSE,FALSE,FALSE,TRUE,TRUE,FALSE,TRUE,FALSE,,POINT (-73.9595222999173 40.7833202577782)
"-7,397,269,208,478","4,077,941,174,639",16A-PM-1019-02,16A,PM,10192018,2,Adult,Cinnamon,Gray,Cinnamon+Gray,,Ground Plane,FALSE,,FALSE,FALSE,FALSE,FALSE,TRUE,,FALSE,FALSE,FALSE,FALSE,TRUE,FALSE,FALSE,TRUE,scared by dog,POINT (-73.9726920847792 40.7794117463889)
"-7,396,631,684,903","4,078,250,837,214",21D-AM-1008-01,21D,AM,10082018,1,Adult,Gray,Cinnamon,Gray+Cinnamon,,Ground Plane,FALSE,,FALSE,FALSE,FALSE,TRUE,TRUE,,FALSE,FALSE,FALSE,TRUE,TRUE,FALSE,TRUE,FALSE,,POINT (-73.9663168490265 40.7825083721362)
"-739,693,876,554","4,077,072,327,484",8I-AM-1006-02,08I,AM,10062018,2,Adult,Gray,White,Gray+White,,Ground Plane,FALSE,,TRUE,TRUE,FALSE,FALSE,FALSE,,FALSE,FALSE,FALSE,FALSE,TRUE,FALSE,TRUE,FALSE,,POINT (-73.9693876553956 40.7707232748402)
"-7,398,069,052,597","4,076,811,522,109",1A-AM-1007-03,01A,AM,10072018,3,Adult,Gray,Cinnamon,Gray+Cinnamon,,Ground Plane,FALSE,,FALSE,FALSE,FALSE,FALSE,FALSE,looking in bush,FALSE,FALSE,FALSE,FALSE,FALSE,FALSE,TRUE,FALSE,,POINT (-73.9806905259671 40.7681152210858)
"-7,398,016,199,561","4,076,785,766,975",1B-AM-1012-09,01B,AM,10122018,9,Adult,Cinnamon,,Cinnamon+,,Ground Plane,FALSE,,FALSE,FALSE,FALSE,FALSE,TRUE,,FALSE,FALSE,FALSE,FALSE,FALSE,FALSE,TRUE,FALSE,,POINT (-73.9801619956135 40.7678576697542)
"-7,395,476,726,556","4,079,732,436,445",40E-PM-1017-03,40E,PM,10172018,3,Adult,Cinnamon,Gray,Cinnamon+Gray,,Ground Plane,FALSE,,FALSE,FALSE,FALSE,FALSE,TRUE,,FALSE,FALSE,FALSE,FALSE,FALSE,FALSE,TRUE,FALSE,,POINT (-73.954767265558 40.7973243644491)
"-7,397,139,684,246","4,077,403,901,885",11E-PM-1012-03,11E,PM,10122018,3,Adult,Gray,White,Gray+White,,Ground Plane,FALSE,,FALSE,FALSE,FALSE,FALSE,TRUE,,FALSE,FALSE,FALSE,FALSE,FALSE,FALSE,FALSE,TRUE,,POINT (-73.9713968424625 40.7740390188527)
"-739,621,253,644","4,079,120,820,869",31C-AM-1017-01,31C,AM,10172018,1,Adult,Gray,"Cinnamon, White","Gray+Cinnamon, White",,Above Ground,8,,TRUE,FALSE,TRUE,TRUE,FALSE,,FALSE,FALSE,FALSE,FALSE,TRUE,FALSE,FALSE,TRUE,,POINT (-73.9621253644004 40.7912082086879)
"-7,396,962,742,914","4,076,919,808,081",7I-PM-1013-03,07I,PM,10132018,3,Adult,Black,Gray,Black+Gray,,Ground Plane,FALSE,Trash bins,FALSE,FALSE,FALSE,TRUE,FALSE,,FALSE,FALSE,FALSE,FALSE,FALSE,FALSE,FALSE,FALSE,,POINT (-73.9696274291417 40.7691980808067)
"-739,622,050,752","4,078,863,737,723",29D-PM-1010-01,29D,PM,10102018,1,Juvenile,Gray,White,Gray+White,,Above Ground,10,,FALSE,FALSE,TRUE,TRUE,FALSE,,FALSE,FALSE,FALSE,FALSE,FALSE,FALSE,TRUE,FALSE,,POINT (-73.9622050752008 40.7886373772305)
"-73,967,455,694","4,078,753,994,025",26A-AM-1014-02,26A,AM,10142018,2,,Gray,Cinnamon,Gray+Cinnamon,,Ground Plane,FALSE,,FALSE,TRUE,FALSE,FALSE,TRUE,,FALSE,FALSE,FALSE,FALSE,FALSE,FALSE,FALSE,FALSE,could not get close due to fences,POINT (-73.9674556940019 40.7875399402461)
"-7,396,900,799,241","4,078,454,735,056",22A-AM-1008-06,22A,AM,10082018,6,Adult,Gray,,Gray+,,Above Ground,30,,FALSE,FALSE,FALSE,TRUE,FALSE,,FALSE,FALSE,FALSE,FALSE,FALSE,FALSE,FALSE,FALSE,,POINT (-73.9690079924094 40.7845473505585)
"-7,396,897,038,807","4,077,120,256,113",9I-PM-1010-02,09I,PM,10102018,2,Adult,Gray,"Cinnamon, White","Gray+Cinnamon, White",standard coloration,Ground Plane,FALSE,,FALSE,FALSE,FALSE,FALSE,TRUE,,FALSE,FALSE,FALSE,FALSE,FALSE,FALSE,TRUE,FALSE,,POINT (-73.96897038807052 40.7712025611298)
"-7,396,169,441,958","407,927,250,423",33B-PM-1010-02,33B,PM,10102018,2,Adult,,,+,,Ground Plane,FALSE,,FALSE,FALSE,FALSE,FALSE,TRUE,,FALSE,FALSE,FALSE,FALSE,FALSE,FALSE,FALSE,TRUE,,POINT (-73.9616944195776 40.7927250423024)
"-7,397,583,753,343","4,076,767,932,898",3E-AM-1006-06,03E,AM,10062018,6,Adult,Gray,Cinnamon,Gray+Cinnamon,,Above Ground,14,,FALSE,FALSE,FALSE,TRUE,FALSE,,FALSE,FALSE,FALSE,FALSE,FALSE,FALSE,FALSE,FALSE,,POINT (-73.9758375334287 40.7676793289765)
"-739,743,825,578","4,076,748,126,274",3F-AM-1006-10,03F,AM,10062018,10,Adult,Cinnamon,White,Cinnamon+White,,Above Ground,6,on fence,FALSE,FALSE,TRUE,FALSE,FALSE,,FALSE,FALSE,FALSE,FALSE,FALSE,FALSE,FALSE,FALSE,clueless,POINT (-73.974382557804 40.7674812627373)
"-7,395,501,318,375","4,079,586,172,582",39E-PM-1013-02,39E,PM,10132018,2,Adult,Cinnamon,Gray,Cinnamon+Gray,Gray tail & butt,Ground Plane,FALSE,,FALSE,FALSE,FALSE,FALSE,TRUE,,FALSE,FALSE,FALSE,FALSE,FALSE,TRUE,TRUE,FALSE,,POINT (-73.9550131837533 40.7958617258176)
"-7,397,629,746,988","407,740,076,117",9B-PM-1013-06,09B,PM,10132018,6,Adult,Cinnamon,,Cinnamon+,,Ground Plane,FALSE,,FALSE,FALSE,FALSE,FALSE,TRUE,,FALSE,FALSE,FALSE,TRUE,FALSE,FALSE,TRUE,FALSE,,POINT (-73.9762974698771 40.7740076116964)
"-7,397,190,389,495","4,077,035,334,925",7G-AM-1010-05,07G,AM,10102018,5,Adult,Gray,Cinnamon,Gray+Cinnamon,,Ground Plane,FALSE,,FALSE,FALSE,FALSE,FALSE,TRUE,,FALSE,FALSE,FALSE,FALSE,FALSE,FALSE,TRUE,FALSE,,POINT (-73.9719038949487 40.7703533492482)
"-7,396,486,852,159","4,078,210,641,838",22F-PM-1014-01,22F,PM,10142018,1,Adult,Gray,Cinnamon,Gray+Cinnamon,,Ground Plane,FALSE,,FALSE,FALSE,FALSE,TRUE,FALSE,,FALSE,FALSE,FALSE,FALSE,FALSE,FALSE,TRUE,FALSE,,POINT (-73.964868521585 40.7821064183815)
"-7,397,938,145,045","4,077,090,336,979",4A-PM-1007-01,04A,PM,10072018,1,Adult,Gray,"Cinnamon, White","Gray+Cinnamon, White",,Ground Plane,FALSE,,TRUE,FALSE,TRUE,TRUE,TRUE,,FALSE,FALSE,FALSE,FALSE,TRUE,FALSE,TRUE,FALSE,,POINT (-73.979381450452 40.770903369788705)
"-7,397,142,951,022","4,077,695,437,195",14D-PM-1019-02,14D,PM,10192018,2,Adult,Gray,,Gray+,,Ground Plane,FALSE,,FALSE,TRUE,FALSE,FALSE,FALSE,,FALSE,FALSE,FALSE,FALSE,FALSE,FALSE,FALSE,FALSE,,POINT (-73.9714295102249 40.776954371947)
"-7,397,486,354,738","4,077,425,910,292",10C-AM-1018-02,10C,AM,10182018,2,Adult,Gray,"Cinnamon, White","Gray+Cinnamon, White",,Ground Plane,FALSE,,FALSE,FALSE,FALSE,TRUE,FALSE,sitting in the sun,FALSE,FALSE,FALSE,FALSE,FALSE,FALSE,TRUE,FALSE,,POINT (-73.9748635473782 40.7742591029151)
"-7,395,845,615,374","4,079,112,111,648",33F-PM-1012-02,33F,PM,10122018,2,Adult,Gray,"Cinnamon, White","Gray+Cinnamon, White",,Ground Plane,FALSE,,FALSE,FALSE,TRUE,TRUE,TRUE,,FALSE,FALSE,FALSE,FALSE,TRUE,FALSE,FALSE,FALSE,,POINT (-73.9584561537421 40.7911211164754)
"-7,397,427,595,499","4,077,547,238,793",11B-AM-1007-02,11B,AM,10072018,2,Adult,Gray,,Gray+,,Ground Plane,FALSE,,FALSE,TRUE,FALSE,FALSE,FALSE,,FALSE,FALSE,FALSE,FALSE,FALSE,FALSE,FALSE,FALSE,,POINT (-73.974275954985 40.7754723879307)
"-7,397,675,902,736","4,077,175,618,073",6B-PM-1017-07,06B,PM,10172018,7,Adult,Gray,Cinnamon,Gray+Cinnamon,,Ground Plane,FALSE,,TRUE,TRUE,FALSE,FALSE,TRUE,,FALSE,FALSE,FALSE,FALSE,FALSE,FALSE,FALSE,FALSE,,POINT (-73.9767590273554 40.7717561807266)
"-7,395,744,422,055","4,079,610,465,286",38D-AM-1017-04,38D,AM,10172018,4,Adult,Cinnamon,Gray,Cinnamon+Gray,,Ground Plane,FALSE,,TRUE,FALSE,FALSE,FALSE,FALSE,,FALSE,FALSE,FALSE,FALSE,FALSE,FALSE,FALSE,FALSE,,POINT (-73.95744422055 40.7961046528557)
"-7,396,933,386,572","4,077,570,558,845",13F-PM-1008-05,13F,PM,10082018,5,Adult,Gray,Cinnamon,Gray+Cinnamon,,Above Ground,2,tree trunk,TRUE,FALSE,FALSE,TRUE,TRUE,,TRUE,FALSE,FALSE,FALSE,TRUE,FALSE,FALSE,FALSE,,POINT (-73.9693338657183 40.77570558845381)
"-7,396,498,236,877","4,077,633,953,596",16I-AM-1008-02,16I,AM,10082018,2,Adult,Cinnamon,"Gray, White","Cinnamon+Gray, White",,Above Ground,1,,FALSE,FALSE,TRUE,FALSE,FALSE,,FALSE,FALSE,FALSE,FALSE,FALSE,FALSE,TRUE,FALSE,,POINT (-73.9649823687651 40.7763395359636)
"-7,397,102,213,615","4,077,249,396,916",10F-PM-1019-01,10F,PM,10192018,1,Adult,Gray,Cinnamon,Gray+Cinnamon,Cinnamon head & stripe,Above Ground,2,"Behind fence, tree trunk",FALSE,FALSE,TRUE,FALSE,FALSE,sitting,FALSE,FALSE,FALSE,FALSE,FALSE,FALSE,TRUE,FALSE,,POINT (-73.9710221361528 40.7724939691584)
"-7,396,472,194,193","4,078,120,844,029",20F-PM-1007-03,20F,PM,10072018,3,Adult,Gray,White,Gray+White,gray on haunches white on tail,Ground Plane,FALSE,,FALSE,FALSE,FALSE,FALSE,TRUE,,FALSE,FALSE,FALSE,FALSE,FALSE,FALSE,FALSE,FALSE,,POINT (-73.9647219419257 40.7812084402932)
"-7,395,894,750,654","4,079,348,468,815",35D-PM-1013-06,35D,PM,10132018,6,Adult,Gray,White,Gray+White,,Ground Plane,FALSE,,FALSE,FALSE,TRUE,FALSE,FALSE,,FALSE,FALSE,FALSE,FALSE,FALSE,FALSE,FALSE,TRUE,,POINT (-73.9589475065438 40.7934846881536)
"-7,395,482,071,063","4,079,469,918,124",38F-PM-1013-04,38F,PM,10132018,4,Juvenile,Gray,Cinnamon,Gray+Cinnamon,,Ground Plane,FALSE,,FALSE,FALSE,FALSE,FALSE,TRUE,,FALSE,FALSE,FALSE,FALSE,FALSE,FALSE,FALSE,FALSE,,POINT (-73.9548207106339 40.7946991812402)
"-7,397,686,954,979","4,077,069,824,547",5C-AM-1006-04,05C,AM,10062018,4,Adult,Cinnamon,Gray,Cinnamon+Gray,,Above Ground,12,thin branch of tree,FALSE,FALSE,FALSE,FALSE,FALSE,relaxing,FALSE,FALSE,FALSE,TRUE,FALSE,FALSE,TRUE,FALSE,,POINT (-73.976869549792 40.7706982454723)
"-7,396,587,472,459","4,077,540,337,375",14I-PM-1018-01,14I,PM,10182018,1,Juvenile,Gray,Cinnamon,Gray+Cinnamon,,Above Ground,,Fallen branch,TRUE,FALSE,FALSE,FALSE,TRUE,,FALSE,FALSE,FALSE,FALSE,TRUE,FALSE,FALSE,TRUE,,POINT (-73.9658747245917 40.7754033737532)
"-7,396,190,163,931","4,079,251,601,269",33B-PM-1010-06,33B,PM,10102018,6,Adult,Cinnamon,Gray,Cinnamon+Gray,,Ground Plane,FALSE,,FALSE,FALSE,FALSE,FALSE,TRUE,,FALSE,FALSE,FALSE,FALSE,FALSE,TRUE,FALSE,FALSE,,POINT (-73.9619016393127 40.7925160126921)
"-7,397,438,779,091","407,754,706,116",11B-AM-1007-03,11B,AM,10072018,3,Adult,Gray,,Gray+,,Ground Plane,FALSE,,FALSE,TRUE,FALSE,FALSE,FALSE,,FALSE,FALSE,FALSE,FALSE,FALSE,FALSE,FALSE,FALSE,,POINT (-73.9743877909071 40.7754706115974)
"-7,396,123,526,115","4,079,448,136,347",35B-AM-1010-02,35B,AM,10102018,2,Adult,Gray,Cinnamon,Gray+Cinnamon,,Ground Plane,FALSE,landscaped area,FALSE,FALSE,FALSE,FALSE,TRUE,,FALSE,FALSE,FALSE,FALSE,FALSE,FALSE,TRUE,FALSE,,POINT (-73.9612352611518 40.7944813634744)
"-7,396,464,954,505","407,791,203,699",19H-PM-1008-01,19H,PM,10082018,1,Adult,Gray,White,Gray+White,,Ground Plane,FALSE,,FALSE,FALSE,FALSE,TRUE,FALSE,,FALSE,FALSE,FALSE,FALSE,FALSE,FALSE,TRUE,FALSE,,POINT (-73.9646495450499 40.7791203699027)
"-7,396,756,976,002","4,077,667,974,145",15G-PM-1019-06,15G,PM,10192018,6,Adult,Gray,Cinnamon,Gray+Cinnamon,,Ground Plane,FALSE,,FALSE,FALSE,FALSE,FALSE,TRUE,scratching!,FALSE,FALSE,FALSE,FALSE,FALSE,FALSE,FALSE,FALSE,,POINT (-73.9675697600155 40.7766797414463)
"-7,396,765,297,807","4,078,232,069,905",21D-PM-1008-03,21D,PM,10082018,3,Adult,Gray,White,Gray+White,,Above Ground,4,,FALSE,FALSE,TRUE,FALSE,FALSE,,FALSE,FALSE,FALSE,FALSE,FALSE,FALSE,FALSE,FALSE,,POINT (-73.9676529780724 40.7823206990549)
"-7,398,002,714,879","407,702,554,167",4A-PM-1007-06,04A,PM,10072018,6,Adult,Gray,White,Gray+White,,Ground Plane,FALSE,A rock,FALSE,FALSE,FALSE,FALSE,TRUE,,FALSE,FALSE,FALSE,FALSE,TRUE,FALSE,FALSE,FALSE,,POINT (-73.9800271487863 40.7702554167042)
"-7,395,610,768,245","4,079,811,457,805",40D-AM-1013-01,40D,AM,10132018,1,Adult,Gray,Cinnamon,Gray+Cinnamon,,Ground Plane,FALSE,,TRUE,FALSE,FALSE,FALSE,FALSE,,FALSE,FALSE,FALSE,FALSE,FALSE,FALSE,TRUE,FALSE,,POINT (-73.9561076824455 40.7981145780509)
"-7,395,994,241,156","4,079,574,725,853",37B-AM-1018-05,37B,AM,10182018,5,Adult,Gray,Cinnamon,Gray+Cinnamon,,Ground Plane,FALSE,,FALSE,FALSE,FALSE,FALSE,TRUE,,FALSE,FALSE,FALSE,FALSE,FALSE,FALSE,TRUE,FALSE,,POINT (-73.9599424115626 40.7957472585327)
"-7,396,951,503,199","4,078,261,351,936",20B-PM-1013-04,20B,PM,10132018,4,Adult,Gray,White,Gray+White,,Ground Plane,FALSE,,FALSE,FALSE,FALSE,FALSE,TRUE,chased a bird carrying massive wad of grass,FALSE,FALSE,FALSE,FALSE,TRUE,FALSE,FALSE,FALSE,,POINT (-73.9695150319891 40.782613519363)
"-7,397,661,956,971","4,076,619,072,615",1F-AM-1010-04,01F,AM,10102018,4,Adult,Gray,,Gray+,,Ground Plane,FALSE,,FALSE,FALSE,FALSE,TRUE,FALSE,,FALSE,FALSE,FALSE,FALSE,FALSE,FALSE,TRUE,FALSE,,POINT (-73.9766195697096 40.7661907261547)
"-7,397,443,680,387","4,076,742,819,581",3G-PM-1013-03,03G,PM,10132018,3,Adult,Gray,,Gray+,,Ground Plane,FALSE,,FALSE,FALSE,TRUE,FALSE,FALSE,,FALSE,FALSE,FALSE,FALSE,FALSE,FALSE,FALSE,TRUE,runs from (climbed tree to run from),POINT (-73.97443680386752 40.7674281958115)
"-7,397,001,011,073","4,076,967,295,011",7I-PM-1013-08,07I,PM,10132018,8,Adult,Black,,Black+,,Above Ground,4,,FALSE,FALSE,TRUE,FALSE,FALSE,,FALSE,FALSE,FALSE,FALSE,TRUE,FALSE,FALSE,FALSE,,POINT (-73.9700101107283 40.7696729501144)
"-7,396,850,872,881","4,077,790,681,281",16E-AM-1014-01,16E,AM,10142018,1,Adult,Gray,Cinnamon,Gray+Cinnamon,,Ground Plane,FALSE,,FALSE,FALSE,FALSE,FALSE,FALSE,burying food,FALSE,FALSE,FALSE,FALSE,FALSE,TRUE,FALSE,FALSE,,POINT (-73.9685087288072 40.7779068128051)
"-7,397,355,337,135","407,690,605,609",5F-PM-1007-05,05F,PM,10072018,5,Adult,Gray,Cinnamon,Gray+Cinnamon,,Ground Plane,FALSE,,FALSE,FALSE,FALSE,FALSE,TRUE,,FALSE,FALSE,FALSE,FALSE,FALSE,FALSE,TRUE,FALSE,,POINT (-73.9735533713513 40.7690605609001)
"-7,397,969,854,109","4,076,786,128,351",1B-AM-1012-01,01B,AM,10122018,1,Adult,Gray,,Gray+,,Ground Plane,FALSE,,FALSE,FALSE,FALSE,FALSE,TRUE,,FALSE,FALSE,FALSE,FALSE,FALSE,FALSE,TRUE,FALSE,,POINT (-73.9796985410897 40.7678612835067)
"-7,397,810,334,485","4,076,667,240,662",1D-AM-1006-03,01D,AM,10062018,3,Adult,Cinnamon,White,Cinnamon+White,,Ground Plane,FALSE,,FALSE,FALSE,FALSE,FALSE,TRUE,,FALSE,FALSE,FALSE,FALSE,TRUE,FALSE,TRUE,FALSE,,POINT (-73.9781033448468 40.7666724066213)
"-7,395,912,791,279","4,079,211,971,304",33E-AM-1014-13,33E,AM,10142018,13,Adult,Black,Cinnamon,Black+Cinnamon,Cinnamon on the tail,Ground Plane,FALSE,,FALSE,FALSE,FALSE,FALSE,FALSE,sitting,FALSE,FALSE,FALSE,FALSE,FALSE,FALSE,TRUE,FALSE,,POINT (-73.959127912788 40.7921197130403)
"-7,395,790,971,043","4,079,722,733,947",39C-AM-1017-03,39C,AM,10172018,3,Adult,Gray,Black,Gray+Black,,Ground Plane,FALSE,,FALSE,FALSE,FALSE,FALSE,TRUE,,FALSE,FALSE,FALSE,FALSE,FALSE,FALSE,FALSE,TRUE,,POINT (-73.9579097104326 40.7972273394716)
"-7,397,548,021,389","4,077,330,080,441",9C-PM-1006-03,09C,PM,10062018,3,Adult,Gray,White,Gray+White,,Above Ground,15,,FALSE,TRUE,FALSE,FALSE,FALSE,,FALSE,FALSE,FALSE,FALSE,FALSE,FALSE,TRUE,FALSE,,POINT (-73.9754802138871 40.773300804412)
"-7,396,914,249,979","407,805,428,525",18C-AM-1018-02,18C,AM,10182018,2,Adult,Gray,Cinnamon,Gray+Cinnamon,,Ground Plane,FALSE,,TRUE,FALSE,FALSE,FALSE,FALSE,,FALSE,FALSE,FALSE,FALSE,FALSE,FALSE,TRUE,FALSE,,POINT (-73.9691424997919 40.780542852496)
"-7,397,136,808,377","4,077,716,615,084",14D-PM-1019-03,14D,PM,10192018,3,Juvenile,Gray,Cinnamon,Gray+Cinnamon,,Ground Plane,FALSE,,FALSE,FALSE,FALSE,FALSE,TRUE,,FALSE,FALSE,FALSE,FALSE,FALSE,FALSE,FALSE,TRUE,,POINT (-73.9713680837672 40.77716615083641)
"-7,396,175,943,168","4,079,468,037,252",35A-AM-1014-01,35A,AM,10142018,1,Adult,Gray,White,Gray+White,,Ground Plane,FALSE,,TRUE,FALSE,FALSE,TRUE,FALSE,,FALSE,FALSE,FALSE,FALSE,FALSE,FALSE,TRUE,FALSE,,POINT (-73.9617594316752 40.7946803725236)
"-7,396,602,673,659","4,077,644,439,551",16H-AM-1007-01,16H,AM,10072018,1,Adult,Gray,,Gray+,,Ground Plane,FALSE,,TRUE,FALSE,FALSE,FALSE,FALSE,,FALSE,FALSE,FALSE,FALSE,FALSE,FALSE,FALSE,FALSE,,POINT (-73.9660267365885 40.776444395505)
"-739,743,393,747","4,076,763,467,983",3F-AM-1006-12,03F,AM,10062018,12,Juvenile,Cinnamon,White,Cinnamon+White,,Ground Plane,FALSE,,FALSE,FALSE,FALSE,FALSE,TRUE,,FALSE,FALSE,FALSE,TRUE,FALSE,FALSE,TRUE,FALSE,,POINT (-73.9743393747021 40.7676346798325)
"-7,397,035,714,916","4,076,785,156,251",5I-AM-1010-06,05I,AM,10102018,6,Adult,Gray,,Gray+,,Ground Plane,FALSE,,FALSE,FALSE,FALSE,FALSE,TRUE,,FALSE,FALSE,FALSE,FALSE,FALSE,FALSE,TRUE,FALSE,,POINT (-73.9703571491616 40.7678515625131)
"-7,397,224,850,576","407,659,043,693",3I-PM-1013-01,03I,PM,10132018,1,Adult,Black,,Black+,,Ground Plane,FALSE,,FALSE,FALSE,FALSE,TRUE,TRUE,,FALSE,FALSE,FALSE,FALSE,FALSE,FALSE,TRUE,FALSE,,POINT (-73.972248505758 40.765904369300806)
"-7,396,948,057,455","4,077,435,569,028",12F-AM-1020-01,12F,AM,10202018,1,Adult,Cinnamon,White,Cinnamon+White,,Above Ground,17,Tree,FALSE,FALSE,FALSE,FALSE,FALSE,jumping,FALSE,FALSE,FALSE,FALSE,FALSE,FALSE,FALSE,FALSE,,POINT (-73.9694805745522 40.7743556902843)
"-7,397,013,881,025","4,077,057,929,764",8H-PM-1014-02,08H,PM,10142018,2,Adult,Gray,White,Gray+White,,Ground Plane,FALSE,,FALSE,FALSE,FALSE,TRUE,FALSE,,FALSE,FALSE,FALSE,FALSE,FALSE,FALSE,FALSE,FALSE,"froze & watched me,then went back to eating",POINT (-73.970138810251 40.770579297644)
"-7,397,249,477,107","4,076,966,193,409",6G-AM-1008-05,06G,AM,10082018,5,Adult,Gray,,Gray+,,Above Ground,30,branch,FALSE,FALSE,TRUE,FALSE,FALSE,sitting,FALSE,FALSE,FALSE,FALSE,FALSE,FALSE,TRUE,FALSE,,POINT (-73.9724947710698 40.7696619340886)
"-7,397,147,445,749","4,077,362,661,589",10E-AM-1010-01,10E,AM,10102018,1,Adult,Gray,Cinnamon,Gray+Cinnamon,,Ground Plane,FALSE,,FALSE,FALSE,FALSE,FALSE,TRUE,,FALSE,FALSE,FALSE,FALSE,TRUE,FALSE,TRUE,FALSE,,POINT (-73.9714744574918 40.7736266158925)
"-7,397,015,052,454","4,076,899,836,457",6I-PM-1013-07,06I,PM,10132018,7,Adult,Cinnamon,,Cinnamon+,,Above Ground,11,,FALSE,FALSE,TRUE,FALSE,FALSE,,FALSE,FALSE,FALSE,FALSE,FALSE,FALSE,FALSE,FALSE,,POINT (-73.9701505245419 40.768998364571004)
"-7,396,131,279,784","4,079,293,215,046",33B-AM-1010-04,33B,AM,10102018,4,Adult,Gray,,Gray+,,Ground Plane,FALSE,,FALSE,FALSE,FALSE,FALSE,TRUE,,FALSE,FALSE,FALSE,FALSE,FALSE,FALSE,TRUE,FALSE,,POINT (-73.9613127978423 40.7929321504568)
"-7,396,398,284,314","4,079,101,519,962",30B-PM-1019-09,30B,PM,10192018,9,Adult,Gray,"Cinnamon, White","Gray+Cinnamon, White",,Ground Plane,FALSE,,FALSE,FALSE,FALSE,FALSE,TRUE,,FALSE,FALSE,FALSE,FALSE,FALSE,FALSE,FALSE,TRUE,,POINT (-73.9639828431368 40.7910151996207)
"-7,397,124,542,517","4,076,742,627,499",5I-PM-1008-02,05I,PM,10082018,2,Adult,Black,,Black+,,Ground Plane,FALSE,crossing pavement in front of arsenal,TRUE,FALSE,FALSE,FALSE,FALSE,,FALSE,FALSE,FALSE,FALSE,FALSE,FALSE,FALSE,FALSE,,POINT (-73.9712454251679 40.7674262749891)
"-7,397,494,695,669","4,076,678,053,672",2F-PM-1014-10,02F,PM,10142018,10,Adult,Gray,White,Gray+White,,Ground Plane,FALSE,,TRUE,FALSE,FALSE,FALSE,FALSE,,FALSE,FALSE,FALSE,FALSE,FALSE,FALSE,TRUE,FALSE,,POINT (-73.9749469566854 40.7667805367199)
"-7,395,723,834,788","4,078,768,573,807",30H-PM-1006-01,30H,PM,10062018,1,Adult,Gray,Cinnamon,Gray+Cinnamon,,Above Ground,5,,FALSE,FALSE,TRUE,FALSE,FALSE,,FALSE,FALSE,FALSE,FALSE,TRUE,FALSE,TRUE,FALSE,,POINT (-73.9572383478774 40.7876857380722)
"-7,397,554,590,905","407,680,866,624",4E-AM-1020-04,04E,AM,10202018,4,Adult,Cinnamon,Black,Cinnamon+Black,,Ground Plane,FALSE,,FALSE,FALSE,FALSE,FALSE,FALSE,chillin',FALSE,FALSE,FALSE,FALSE,FALSE,FALSE,FALSE,TRUE,,POINT (-73.9755459090534 40.7680866624003)
"-7,395,915,130,285","4,078,359,780,673",25I-PM-1007-01,25I,PM,10072018,1,Adult,Gray,,Gray+,,Above Ground,15,,FALSE,FALSE,TRUE,FALSE,FALSE,,FALSE,FALSE,FALSE,FALSE,FALSE,FALSE,FALSE,FALSE,,POINT (-73.9591513028486 40.7835978067328)
"-7,396,156,437,429","4,079,446,784,478",35B-PM-1013-06,35B,PM,10132018,6,Adult,Gray,Cinnamon,Gray+Cinnamon,,Ground Plane,FALSE,,TRUE,FALSE,TRUE,FALSE,FALSE,chased by dog #2,TRUE,FALSE,FALSE,FALSE,FALSE,FALSE,FALSE,TRUE,runs from (dog),POINT (-73.9615643742864 40.7944678447843)
"-7,396,645,366,112","4,078,276,941,319",21D-AM-1008-03,21D,AM,10082018,3,Adult,Gray,,Gray+,,Ground Plane,FALSE,,FALSE,FALSE,FALSE,FALSE,TRUE,,FALSE,FALSE,FALSE,FALSE,FALSE,FALSE,TRUE,FALSE,,POINT (-73.9664536611195 40.7827694131949)
"-7,397,099,622,853","4,077,155,407,123",9G-PM-1007-02,09G,PM,10072018,2,Adult,Gray,Cinnamon,Gray+Cinnamon,,Ground Plane,FALSE,,TRUE,FALSE,FALSE,FALSE,TRUE,,FALSE,FALSE,FALSE,FALSE,FALSE,FALSE,FALSE,FALSE,,POINT (-73.970996228532 40.7715540712285)
"-7,397,086,402,918","4,077,817,210,635",15C-AM-1010-01,15C,AM,10102018,1,Adult,Gray,,Gray+,,Ground Plane,FALSE,,FALSE,FALSE,FALSE,FALSE,TRUE,,FALSE,FALSE,FALSE,FALSE,FALSE,FALSE,FALSE,TRUE,,POINT (-73.9708640291801 40.7781721063527)
"-7,397,442,266,829","4,077,556,257,173",11B-AM-1007-04,11B,AM,10072018,4,Adult,Gray,,Gray+,,Ground Plane,FALSE,,FALSE,FALSE,FALSE,TRUE,TRUE,,FALSE,FALSE,FALSE,FALSE,FALSE,FALSE,FALSE,FALSE,,POINT (-73.9744226682925 40.7755625717273)
"-7,396,902,418,054","4,078,379,675,808",21B-AM-1019-07,21B,AM,10192018,7,Adult,Gray,,Gray+,,Ground Plane,FALSE,,FALSE,FALSE,FALSE,FALSE,TRUE,,FALSE,FALSE,FALSE,FALSE,FALSE,FALSE,TRUE,FALSE,,POINT (-73.9690241805398 40.7837967580773)
"-7,397,790,390,826","4,076,753,131,083",2D-PM-1012-01,02D,PM,10122018,1,Adult,Gray,"Cinnamon, White","Gray+Cinnamon, White",,Ground Plane,FALSE,,FALSE,FALSE,FALSE,FALSE,TRUE,,FALSE,FALSE,FALSE,FALSE,FALSE,FALSE,TRUE,FALSE,,POINT (-73.9779039082557 40.7675313108314)
"-7,395,596,637,344","4,079,458,282,614",37F-AM-1010-01,37F,AM,10102018,1,Adult,Gray,Cinnamon,Gray+Cinnamon,,Above Ground,4,,FALSE,FALSE,TRUE,FALSE,FALSE,,FALSE,FALSE,FALSE,TRUE,FALSE,FALSE,TRUE,FALSE,,POINT (-73.9559663734409 40.7945828261377)
"-7,397,210,641,502","407,667,053,822",3I-AM-1010-01,03I,AM,10102018,1,Adult,Gray,,Gray+,,Ground Plane,FALSE,,TRUE,FALSE,FALSE,FALSE,FALSE,,FALSE,FALSE,FALSE,FALSE,FALSE,FALSE,TRUE,FALSE,,POINT (-73.9721064150173 40.7667053821991)
"-7,396,954,681,502","4,078,211,420,517",20B-PM-1013-03,20B,PM,10132018,3,Adult,Gray,White,Gray+White,,Ground Plane,FALSE,,FALSE,FALSE,FALSE,FALSE,TRUE,,FALSE,FALSE,FALSE,FALSE,FALSE,FALSE,FALSE,FALSE,,POINT (-73.9695468150218 40.7821142051746)
"-7,397,199,018,486","4,077,205,259,654",9F-PM-1014-07,09F,PM,10142018,7,Adult,Black,,Black+,!!!,Ground Plane,FALSE,,FALSE,FALSE,FALSE,FALSE,TRUE,,FALSE,FALSE,FALSE,FALSE,FALSE,FALSE,TRUE,FALSE,,POINT (-73.9719901848577 40.7720525965356)
"-7,398,101,491,476","4,076,839,253,777",2A-AM-1010-03,02A,AM,10102018,3,Adult,Gray,Cinnamon,Gray+Cinnamon,,Above Ground,1,on trunk,FALSE,FALSE,FALSE,TRUE,FALSE,,FALSE,FALSE,FALSE,FALSE,FALSE,FALSE,TRUE,FALSE,,POINT (-73.9810149147578 40.7683925377714)
"-7,397,819,954,369","4,076,956,605,634",4C-PM-1010-17,04C,PM,10102018,17,Adult,Cinnamon,"Gray, White","Cinnamon+Gray, White",,Ground Plane,FALSE,climbed up tree,TRUE,FALSE,TRUE,FALSE,TRUE,,FALSE,FALSE,FALSE,FALSE,TRUE,FALSE,FALSE,TRUE,,POINT (-73.978199543688 40.7695660563362)
"-7,397,357,533,521","407,687,061,447",5G-PM-1010-04,05G,PM,10102018,4,Adult,Gray,Cinnamon,Gray+Cinnamon,,Ground Plane,FALSE,,FALSE,FALSE,FALSE,TRUE,FALSE,,FALSE,FALSE,FALSE,FALSE,FALSE,TRUE,FALSE,FALSE,,POINT (-73.9735753352129 40.7687061447032)
"-7,397,516,259,103","4,076,710,234,129",3F-AM-1006-02,03F,AM,10062018,2,Adult,Gray,White,Gray+White,,Ground Plane,FALSE,,FALSE,FALSE,FALSE,FALSE,TRUE,,FALSE,FALSE,FALSE,FALSE,TRUE,FALSE,TRUE,FALSE,,POINT (-73.9751625910271 40.7671023412885)
"-7,395,970,484,901","4,079,558,464,662",37B-AM-1018-06,37B,AM,10182018,6,Adult,Gray,,Gray+,,Above Ground,1,,FALSE,FALSE,TRUE,FALSE,FALSE,,FALSE,TRUE,FALSE,FALSE,FALSE,FALSE,FALSE,TRUE,,POINT (-73.9597048490102 40.7955846466241)
"-7,397,653,869,654","4,076,637,197,127",1F-AM-1010-02,01F,AM,10102018,2,Adult,Gray,,Gray+,,Ground Plane,FALSE,,FALSE,FALSE,FALSE,TRUE,FALSE,,FALSE,FALSE,FALSE,FALSE,FALSE,FALSE,TRUE,FALSE,,POINT (-73.9765386965371 40.766371971273)
"-7,396,981,304,526","4,077,450,006,454",12F-PM-1007-15,12F,PM,10072018,15,Adult,Gray,"Cinnamon, White","Gray+Cinnamon, White",,Ground Plane,FALSE,,FALSE,FALSE,FALSE,TRUE,TRUE,,FALSE,FALSE,FALSE,FALSE,FALSE,FALSE,TRUE,FALSE,,POINT (-73.9698130452581 40.7745000645436)
"-739,707,957,461","4,077,047,272,123",8H-PM-1014-01,08H,PM,10142018,1,Adult,Gray,Cinnamon,Gray+Cinnamon,,Ground Plane,FALSE,,FALSE,FALSE,FALSE,TRUE,FALSE,,FALSE,FALSE,FALSE,FALSE,FALSE,FALSE,TRUE,FALSE,,POINT (-73.970795746101 40.7704727212299)
"-7,396,359,812,276","4,079,281,695,403",32A-AM-1018-05,32A,AM,10182018,5,Adult,Gray,,Gray+,,Ground Plane,FALSE,,TRUE,FALSE,FALSE,FALSE,FALSE,,FALSE,FALSE,FALSE,FALSE,FALSE,FALSE,TRUE,FALSE,,POINT (-73.9635981227569 40.7928169540326)
"-7,396,650,041,485","4,078,056,564,118",19E-PM-1018-05,19E,PM,10182018,5,,Gray,White,Gray+White,,Ground Plane,FALSE,,FALSE,FALSE,FALSE,FALSE,TRUE,,FALSE,FALSE,FALSE,FALSE,FALSE,FALSE,TRUE,FALSE,,POINT (-73.9665004148497 40.7805656411756)
"-7,397,696,931,407","4,076,843,900,152",3D-AM-1006-01,03D,AM,10062018,1,Adult,Cinnamon,Gray,Cinnamon+Gray,,Above Ground,9,up a tree,TRUE,FALSE,TRUE,TRUE,TRUE,digging (?),FALSE,FALSE,FALSE,TRUE,FALSE,FALSE,FALSE,TRUE,runs from (man led his dog into the area to chase squirrel),POINT (-73.9769693140651 40.7684390015166)
"-7,397,271,874,537","4,076,695,957,106",3H-AM-1008-02,03H,AM,10082018,2,Adult,Gray,,Gray+,,Above Ground,,,FALSE,FALSE,TRUE,FALSE,FALSE,,FALSE,FALSE,FALSE,FALSE,FALSE,FALSE,TRUE,FALSE,,POINT (-73.9727187453699 40.7669595710626)
"-7,397,717,268,315","4,077,323,207,818",8A-AM-1013-01,08A,AM,10132018,1,Adult,Gray,Cinnamon,Gray+Cinnamon,,Ground Plane,FALSE,trail,TRUE,FALSE,FALSE,FALSE,TRUE,,FALSE,FALSE,FALSE,FALSE,FALSE,FALSE,FALSE,TRUE,,POINT (-73.9771726831497 40.7732320781799)
"-7,397,529,653,169","4,077,525,385,758",10B-AM-1006-03,10B,AM,10062018,3,Adult,Gray,Cinnamon,Gray+Cinnamon,,Above Ground,,In tree,FALSE,FALSE,TRUE,FALSE,FALSE,,FALSE,FALSE,FALSE,FALSE,TRUE,TRUE,FALSE,FALSE,,POINT (-73.9752965316933 40.7752538575789)
"-7,397,899,712,868","4,077,070,241,464",5A-PM-1010-04,05A,PM,10102018,4,Adult,Cinnamon,White,Cinnamon+White,,Ground Plane,FALSE,,FALSE,FALSE,FALSE,TRUE,TRUE,,FALSE,FALSE,FALSE,FALSE,TRUE,FALSE,FALSE,FALSE,,POINT (-73.9789971286844 40.7707024146365)
"-7,395,810,074,371","4,079,594,031,127",38C-AM-1019-06,38C,AM,10192018,6,Adult,Gray,,Gray+,,Above Ground,23,,FALSE,FALSE,TRUE,FALSE,FALSE,,TRUE,FALSE,FALSE,TRUE,FALSE,FALSE,TRUE,FALSE,,POINT (-73.9581007437094 40.7959403112722)
"-7,396,941,666,423","4,076,977,886,411",8I-PM-1013-03,08I,PM,10132018,3,Adult,Gray,"Cinnamon, White","Gray+Cinnamon, White",,Ground Plane,FALSE,,FALSE,FALSE,FALSE,TRUE,TRUE,,FALSE,FALSE,FALSE,FALSE,FALSE,FALSE,TRUE,FALSE,,POINT (-73.9694166642262 40.7697788641081)
"-7,395,685,247,711","4,079,746,649,856",40C-PM-1006-06,40C,PM,10062018,6,Juvenile,Gray,,Gray+,,Ground Plane,FALSE,By The Road,FALSE,FALSE,FALSE,FALSE,TRUE,,FALSE,FALSE,FALSE,FALSE,FALSE,TRUE,FALSE,FALSE,,POINT (-73.9568524771058 40.7974664985551)
"-7,397,863,510,291","407,716,114,164",6A-PM-1012-06,06A,PM,10122018,6,Adult,Gray,White,Gray+White,,Ground Plane,FALSE,elevated ground,FALSE,TRUE,FALSE,FALSE,TRUE,,FALSE,FALSE,FALSE,TRUE,FALSE,FALSE,TRUE,FALSE,,POINT (-73.9786351029146 40.771611416400205)
"-7,397,581,285,097","4,077,159,460,971",7C-PM-1020-03,07C,PM,10202018,3,Adult,Gray,Cinnamon,Gray+Cinnamon,,Above Ground,5,,FALSE,FALSE,TRUE,FALSE,FALSE,,FALSE,FALSE,FALSE,FALSE,FALSE,FALSE,FALSE,FALSE,,POINT (-73.9758128509653 40.7715946097064)
"-7,395,901,918,125","4,079,061,669,814",32E-PM-1017-08,32E,PM,10172018,8,Adult,Gray,,Gray+,,Ground Plane,FALSE,treed area,FALSE,FALSE,FALSE,TRUE,TRUE,,FALSE,FALSE,FALSE,FALSE,FALSE,FALSE,FALSE,TRUE,,POINT (-73.9590191812452 40.7906166981409)
"-7,396,388,120,604","4,079,237,149,414",32A-PM-1013-02,32A,PM,10132018,2,?,Gray,White,Gray+White,,Ground Plane,FALSE,,FALSE,FALSE,FALSE,FALSE,TRUE,,FALSE,FALSE,FALSE,FALSE,FALSE,FALSE,TRUE,FALSE,,POINT (-73.9638812060405 40.792371494142905)
"-7,396,926,766,598","4,077,006,789,191",8I-PM-1013-08,08I,PM,10132018,8,Adult,Cinnamon,"Gray, White","Cinnamon+Gray, White",,Above Ground,1,,FALSE,FALSE,TRUE,TRUE,TRUE,,FALSE,FALSE,FALSE,FALSE,FALSE,FALSE,FALSE,TRUE,,POINT (-73.96926766598071 40.7700678919108)
"-7,397,297,865,709","4,077,782,385,704",14B-AM-1007-01,14B,AM,10072018,1,Adult,Gray,Cinnamon,Gray+Cinnamon,tail straight,Ground Plane,FALSE,,FALSE,FALSE,FALSE,FALSE,TRUE,,FALSE,FALSE,FALSE,FALSE,FALSE,FALSE,FALSE,TRUE,,POINT (-73.97297865708792 40.7778238570396)
"-7,397,063,044,051","4,077,710,605,948",14D-PM-1019-14,14D,PM,10192018,14,Adult,Gray,Cinnamon,Gray+Cinnamon,,Ground Plane,FALSE,,FALSE,FALSE,FALSE,FALSE,TRUE,,FALSE,FALSE,FALSE,FALSE,FALSE,FALSE,FALSE,FALSE,,POINT (-73.97063044051 40.7771060594808)
"-7,397,665,850,342","4,076,868,684,569",4D-AM-1012-03,04D,AM,10122018,3,Adult,Gray,,Gray+,,Ground Plane,FALSE,,FALSE,TRUE,TRUE,FALSE,FALSE,,FALSE,FALSE,FALSE,FALSE,TRUE,FALSE,TRUE,FALSE,,POINT (-73.976658503418 40.7686868456917)
"-7,396,898,934,127","4,078,530,873,768",23A-AM-1018-03,23A,AM,10182018,3,Juvenile,Gray,Cinnamon,Gray+Cinnamon,,Above Ground,8,Tree,FALSE,FALSE,TRUE,FALSE,FALSE,,FALSE,FALSE,FALSE,FALSE,FALSE,FALSE,TRUE,FALSE,,POINT (-73.9689893412693 40.785308737683)
"-7,395,445,536,977","4,079,128,662,081",34I-AM-1012-01,34I,AM,10122018,1,Adult,Gray,"Cinnamon, White","Gray+Cinnamon, White",,Ground Plane,FALSE,,FALSE,FALSE,FALSE,TRUE,FALSE,,FALSE,FALSE,FALSE,FALSE,FALSE,FALSE,FALSE,FALSE,,POINT (-73.9544553697736 40.7912866208106)
"-7,397,963,695,007","407,677,999,754",1C-PM-1013-10,01C,PM,10132018,10,Adult,Cinnamon,,Cinnamon+,,Ground Plane,FALSE,,FALSE,FALSE,FALSE,FALSE,TRUE,,FALSE,FALSE,FALSE,FALSE,FALSE,FALSE,TRUE,FALSE,,POINT (-73.979636950073 40.7677999753976)
"-7,397,548,229,389","4,077,177,668,938",7C-PM-1020-01,07C,PM,10202018,1,Adult,Gray,Cinnamon,Gray+Cinnamon,,Ground Plane,FALSE,,FALSE,FALSE,FALSE,TRUE,FALSE,,FALSE,FALSE,FALSE,FALSE,FALSE,FALSE,FALSE,FALSE,,POINT (-73.9754822938869 40.7717766893833)
"-7,397,087,815,045","4,077,241,380,704",10F-AM-1007-03,10F,AM,10072018,3,Adult,Gray,,Gray+,,Above Ground,50,,FALSE,FALSE,TRUE,FALSE,FALSE,,FALSE,FALSE,FALSE,FALSE,FALSE,FALSE,FALSE,FALSE,,POINT (-73.9708781504528 40.7724138070355)
"-7,396,051,636,983","407,914,179,995",32D-PM-1006-05,32D,PM,10062018,5,Juvenile,Gray,"Black, Cinnamon, White","Gray+Black, Cinnamon, White",,Ground Plane,FALSE,,TRUE,FALSE,TRUE,TRUE,FALSE,,FALSE,FALSE,FALSE,FALSE,TRUE,FALSE,FALSE,TRUE,,POINT (-73.9605163698302 40.7914179994956)
"-739,736,896,363","4,076,776,308,626",4G-AM-1006-01,04G,AM,10062018,1,Adult,Gray,White,Gray+White,,Ground Plane,FALSE,,FALSE,FALSE,FALSE,FALSE,TRUE,,FALSE,FALSE,FALSE,FALSE,FALSE,FALSE,TRUE,FALSE,,POINT (-73.9736896363006 40.7677630862626)
"-7,396,143,417,385","4,079,454,642,621",35B-PM-1013-02,35B,PM,10132018,2,Juvenile,,,+,,Ground Plane,FALSE,,FALSE,FALSE,FALSE,TRUE,FALSE,did not notice dog sitting a few yards away (10-20 ft),FALSE,FALSE,FALSE,FALSE,TRUE,FALSE,TRUE,FALSE,,POINT (-73.96143417385 40.7945464262112)
"-7,396,429,886,907","407,795,591,282",19H-AM-1010-04,19H,AM,10102018,4,Adult,Gray,"Cinnamon, White","Gray+Cinnamon, White",,Ground Plane,FALSE,,FALSE,FALSE,TRUE,TRUE,TRUE,,FALSE,FALSE,FALSE,FALSE,FALSE,FALSE,TRUE,TRUE,runs from human w/ dog,POINT (-73.9642988690682 40.7795591281979)
"-7,395,226,776,577","4,079,340,348,114",38I-AM-1019-02,38I,AM,10192018,2,Adult,Cinnamon,Gray,Cinnamon+Gray,,Ground Plane,FALSE,,FALSE,FALSE,FALSE,FALSE,TRUE,,FALSE,FALSE,FALSE,FALSE,FALSE,FALSE,FALSE,TRUE,,POINT (-73.9522677657659 40.7934034811368)
"-7,395,968,653,181","4,078,937,871,885",31F-AM-1013-01,31F,AM,10132018,1,Adult,Gray,Black,Gray+Black,,Above Ground,25,,TRUE,FALSE,TRUE,FALSE,FALSE,,FALSE,FALSE,FALSE,FALSE,FALSE,FALSE,FALSE,FALSE,,POINT (-73.9596865318094 40.7893787188526)
"-7,397,133,799,144","4,076,963,676,096",7H-PM-1006-01,07H,PM,10062018,1,Adult,Gray,"Cinnamon, White","Gray+Cinnamon, White",,Ground Plane,FALSE,middle of grass,FALSE,FALSE,FALSE,TRUE,TRUE,,FALSE,FALSE,FALSE,FALSE,TRUE,TRUE,FALSE,FALSE,,POINT (-73.9713379914423 40.7696367609606)
"-7,395,144,805,187","4,079,739,516,493",42G-AM-1018-02,42G,AM,10182018,2,Adult,Gray,,Gray+,,Ground Plane,FALSE,,TRUE,FALSE,FALSE,FALSE,FALSE,,FALSE,FALSE,FALSE,FALSE,FALSE,FALSE,TRUE,FALSE,,POINT (-73.951448051873 40.7973951649254)
"-7,397,116,730,065","4,077,479,796,146",12E-PM-1018-05,12E,PM,10182018,5,Adult,Cinnamon,,Cinnamon+,,Ground Plane,FALSE,,FALSE,FALSE,FALSE,FALSE,TRUE,,FALSE,FALSE,FALSE,FALSE,TRUE,FALSE,TRUE,FALSE,,POINT (-73.9711673006524 40.7747979614577)
"-7,396,393,252,683","4,078,082,897,659",21G-AM-1014-04,21G,AM,10142018,4,Adult,Gray,White,Gray+White,,Above Ground,6,,FALSE,FALSE,FALSE,TRUE,FALSE,,FALSE,FALSE,FALSE,FALSE,FALSE,FALSE,TRUE,FALSE,,POINT (-73.96393252683 40.7808289765857)
"-7,397,658,779,206","4,076,609,460,716",1F-AM-1010-04,01F,AM,10102018,4,Adult,Gray,,Gray+,,Ground Plane,FALSE,,FALSE,FALSE,FALSE,TRUE,FALSE,,FALSE,FALSE,FALSE,FALSE,FALSE,FALSE,TRUE,FALSE,,POINT (-73.9765877920583 40.7660946071574)
"-7,397,346,051,766","4,076,862,188,814",5G-PM-1010-02,05G,PM,10102018,2,Adult,Gray,Cinnamon,Gray+Cinnamon,,Ground Plane,FALSE,,FALSE,FALSE,FALSE,TRUE,TRUE,,FALSE,FALSE,FALSE,FALSE,FALSE,FALSE,FALSE,TRUE,,POINT (-73.9734605176646 40.7686218881386)
"-7,396,759,177,022","4,077,899,222,816",17E-AM-1017-02,17E,AM,10172018,2,Adult,Gray,,Gray+,,Above Ground,8,Shore,FALSE,FALSE,TRUE,FALSE,TRUE,,FALSE,FALSE,FALSE,FALSE,FALSE,FALSE,TRUE,FALSE,,POINT (-73.9675917702187 40.7789922281625)
"-7,395,642,282,387","4,079,369,088,876",36F-PM-1012-06,36F,PM,10122018,6,Adult,Gray,White,Gray+White,,Ground Plane,FALSE,,FALSE,FALSE,FALSE,FALSE,FALSE,,FALSE,FALSE,FALSE,FALSE,FALSE,FALSE,FALSE,FALSE,,POINT (-73.9564228238736 40.7936908887644)
"-7,395,795,157,569","407,961,254,698",38C-PM-1014-04,38C,PM,10142018,4,Adult,Gray,White,Gray+White,,Ground Plane,FALSE,,TRUE,FALSE,FALSE,TRUE,FALSE,,FALSE,FALSE,FALSE,TRUE,FALSE,FALSE,FALSE,TRUE,,POINT (-73.95795157569 40.7961254697958)
"-7,397,397,375,926","4,077,271,304,768",9D-AM-1008-04,09D,AM,10082018,4,Adult,Gray,,Gray+,,Ground Plane,FALSE,,TRUE,FALSE,FALSE,FALSE,FALSE,,FALSE,FALSE,FALSE,FALSE,FALSE,FALSE,TRUE,FALSE,,POINT (-73.9739737592602 40.7727130476777)
"-7,397,718,000,981","4,077,088,631,313",5C-PM-1010-03,05C,PM,10102018,3,Adult,Cinnamon,White,Cinnamon+White,,Ground Plane,FALSE,,TRUE,FALSE,FALSE,FALSE,FALSE,,FALSE,FALSE,FALSE,FALSE,FALSE,FALSE,FALSE,TRUE,,POINT (-73.9771800098131 40.7708863131336)
"-7,395,969,047,403","4,078,972,000,257",31E-AM-1014-01,31E,AM,10142018,1,Adult,Gray,,Gray+,,Ground Plane,FALSE,,TRUE,FALSE,FALSE,FALSE,FALSE,,FALSE,FALSE,FALSE,FALSE,FALSE,FALSE,FALSE,TRUE,,POINT (-73.9596904740342 40.7897200025671)
"-7,396,971,595,629","4,077,306,714,177",11G-PM-1013-02,11G,PM,10132018,2,Adult,Gray,Cinnamon,Gray+Cinnamon,,Ground Plane,FALSE,Near Summerstage,FALSE,FALSE,FALSE,FALSE,TRUE,,FALSE,FALSE,FALSE,FALSE,FALSE,FALSE,TRUE,FALSE,,POINT (-73.9697159562944 40.7730671417653)
"-7,396,044,829,015","4,078,986,462,936",31E-PM-1006-07,31E,PM,10062018,7,Adult,Gray,Cinnamon,Gray+Cinnamon,,Ground Plane,FALSE,,FALSE,FALSE,FALSE,FALSE,TRUE,,FALSE,FALSE,FALSE,FALSE,FALSE,FALSE,TRUE,FALSE,,POINT (-73.9604482901468 40.7898646293603)
"-7,397,063,085,006","4,076,961,748,746",7H-PM-1006-10,07H,PM,10062018,10,Adult,Gray,,Gray+,,Ground Plane,FALSE,,FALSE,FALSE,FALSE,FALSE,TRUE,,FALSE,FALSE,FALSE,FALSE,FALSE,FALSE,FALSE,FALSE,,POINT (-73.9706308500637 40.7696174874596)
"-7,396,991,885,445","4,077,721,803,701",15E-PM-1008-09,15E,PM,10082018,9,Adult,Gray,,Gray+,,Ground Plane,FALSE,,FALSE,FALSE,FALSE,TRUE,TRUE,,FALSE,FALSE,FALSE,FALSE,FALSE,FALSE,TRUE,FALSE,,POINT (-73.9699188544459 40.7772180370053)
"-7,397,373,296,558","4,077,264,244,413",8D-PM-1007-02,08D,PM,10072018,2,Adult,Gray,Cinnamon,Gray+Cinnamon,,Ground Plane,FALSE,,FALSE,FALSE,FALSE,TRUE,FALSE,,FALSE,FALSE,FALSE,FALSE,FALSE,FALSE,TRUE,FALSE,,POINT (-73.9737329655838 40.7726424441344)
"-7,397,663,480,786","4,077,177,156,344",7C-AM-1012-01,07C,AM,10122018,1,Adult,Gray,Cinnamon,Gray+Cinnamon,,Ground Plane,FALSE,,TRUE,FALSE,FALSE,FALSE,TRUE,hopping around grass,FALSE,FALSE,FALSE,FALSE,FALSE,FALSE,TRUE,FALSE,,POINT (-73.9766348078633 40.7717715634438)
"-739,770,439,077","4,076,857,201,417",3D-PM-1010-13,03D,PM,10102018,13,Adult,Gray,White,Gray+White,,Ground Plane,FALSE,,TRUE,FALSE,FALSE,FALSE,FALSE,,FALSE,FALSE,FALSE,FALSE,FALSE,FALSE,FALSE,FALSE,,POINT (-73.9770439076963 40.7685720141731)
"-7,396,045,762,375","4,078,181,201,014",23I-PM-1019-01,23I,PM,10192018,1,Adult,Gray,,Gray+,,Above Ground,35,,TRUE,FALSE,FALSE,FALSE,FALSE,running (across branches),FALSE,FALSE,FALSE,FALSE,FALSE,FALSE,FALSE,FALSE,,POINT (-73.9604576237503 40.7818120101394)
"-7,396,501,982,731","4,077,598,642,913",15I-AM-1008-03,15I,AM,10082018,3,Adult,Gray,,Gray+,,Ground Plane,FALSE,,TRUE,FALSE,FALSE,FALSE,FALSE,,FALSE,FALSE,FALSE,FALSE,FALSE,FALSE,TRUE,FALSE,,POINT (-73.965019827314 40.7759864291323)
"-7,396,900,801,053","4,077,102,305,151",9I-PM-1010-03,09I,PM,10102018,3,Adult,Gray,"Cinnamon, White","Gray+Cinnamon, White",,,,,FALSE,FALSE,FALSE,FALSE,TRUE,,FALSE,FALSE,FALSE,FALSE,FALSE,FALSE,TRUE,TRUE,,POINT (-73.9690080105286 40.7710230515054)
"-7,395,082,755,734","4,079,757,907,367",42H-PM-1014-02,42H,PM,10142018,2,Adult,Gray,White,Gray+White,,Above Ground,,Running along stone ledge,TRUE,FALSE,FALSE,FALSE,FALSE,,FALSE,FALSE,FALSE,FALSE,FALSE,FALSE,TRUE,FALSE,,POINT (-73.950827557335 40.797579073666)
"-7,397,761,511,099","4,076,946,815,584",4C-PM-1010-09,04C,PM,10102018,9,Adult,Gray,White,Gray+White,,Ground Plane,FALSE,,FALSE,TRUE,FALSE,FALSE,TRUE,,FALSE,FALSE,FALSE,FALSE,FALSE,FALSE,FALSE,FALSE,,POINT (-73.9776151109912 40.7694681558386)
"-7,396,956,851,865","4,077,882,930,263",16D-AM-1007-04,16D,AM,10072018,4,Adult,Gray,,Gray+,,Above Ground,8,,FALSE,FALSE,TRUE,FALSE,FALSE,,FALSE,FALSE,FALSE,TRUE,FALSE,FALSE,FALSE,TRUE,,POINT (-73.9695685186489 40.7788293026327)
"-7,397,638,367,403","4,077,061,211,515",5C-AM-1006-06,05C,AM,10062018,6,Adult,Gray,Cinnamon,Gray+Cinnamon,,Ground Plane,FALSE,,FALSE,FALSE,FALSE,TRUE,FALSE,,FALSE,FALSE,FALSE,FALSE,FALSE,FALSE,TRUE,FALSE,,POINT (-73.9763836740342 40.7706121151491)
"-7,397,002,641,284","4,076,920,146,377",7I-PM-1013-01,07I,PM,10132018,1,Juvenile,Cinnamon,Gray,Cinnamon+Gray,,Ground Plane,FALSE,Bench,FALSE,FALSE,FALSE,TRUE,FALSE,,FALSE,FALSE,FALSE,FALSE,FALSE,TRUE,FALSE,FALSE,,POINT (-73.9700264128414 40.7692014637698)
"-7,396,889,167,389","4,077,670,014,717",15F-AM-1007-06,15F,AM,10072018,6,Adult,Gray,Cinnamon,Gray+Cinnamon,,Ground Plane,FALSE,,TRUE,FALSE,FALSE,FALSE,FALSE,pair with #5,FALSE,FALSE,FALSE,FALSE,FALSE,FALSE,FALSE,TRUE,,POINT (-73.968891673893 40.7767001471729)
"-7,395,989,733,377","4,079,333,463,605",34C-PM-1012-01,34C,PM,10122018,1,Adult,Black,,Black+,,Ground Plane,FALSE,,FALSE,FALSE,FALSE,FALSE,TRUE,digging,FALSE,FALSE,FALSE,FALSE,FALSE,FALSE,TRUE,FALSE,,POINT (-73.9598973337711 40.7933346360478)
"-7,395,438,326,099","4,079,535,506,397",39F-AM-1014-02,39F,AM,10142018,2,Adult,Gray,Cinnamon,Gray+Cinnamon,,Above Ground,2,rocks,TRUE,FALSE,TRUE,FALSE,TRUE,,FALSE,FALSE,FALSE,FALSE,FALSE,FALSE,FALSE,FALSE,,POINT (-73.9543832609857 40.7953550639701)
"-7,397,883,047,141","4,076,963,736,353",4B-AM-1010-06,04B,AM,10102018,6,Adult,Gray,,Gray+,,Above Ground,12,,TRUE,FALSE,FALSE,FALSE,FALSE,running from squirrel #5,FALSE,FALSE,FALSE,FALSE,FALSE,FALSE,FALSE,FALSE,,POINT (-73.9788304714091 40.7696373635315)
"-7,396,155,167,035","4,079,052,193,884",31D-AM-1014-04,31D,AM,10142018,4,Juvenile,Gray,,Gray+,,Ground Plane,FALSE,Open ground,TRUE,FALSE,FALSE,TRUE,TRUE,,FALSE,FALSE,FALSE,FALSE,TRUE,FALSE,TRUE,FALSE,,POINT (-73.9615516703494 40.7905219388359)
"-739,751,454,726","4,077,029,136,157",6D-PM-1020-06,06D,PM,10202018,6,Adult,Gray,White,Gray+White,,Ground Plane,FALSE,by carousel,FALSE,FALSE,FALSE,FALSE,TRUE,,FALSE,FALSE,FALSE,FALSE,FALSE,FALSE,TRUE,FALSE,,POINT (-73.9751454725998 40.770291361572006)
"-7,396,937,190,159","4,077,687,101,606",14E-PM-1017-02,14E,PM,10172018,2,Adult,Gray,White,Gray+White,,Ground Plane,FALSE,,FALSE,FALSE,FALSE,FALSE,TRUE,staring,FALSE,FALSE,FALSE,FALSE,FALSE,FALSE,FALSE,FALSE,,POINT (-73.9693719015914 40.7768710160557)
"-7,397,754,454,412","4,076,970,965,337",4C-PM-1010-13,04C,PM,10102018,13,Adult,Gray,"Cinnamon, White","Gray+Cinnamon, White",,Ground Plane,FALSE,,TRUE,FALSE,FALSE,FALSE,TRUE,,FALSE,FALSE,FALSE,FALSE,FALSE,FALSE,FALSE,FALSE,,POINT (-73.9775445441194 40.7697096533728)
"-7,395,849,673,689","4,079,773,203,411",39B-PM-1014-05,39B,PM,10142018,5,Adult,Gray,White,Gray+White,,Ground Plane,FALSE,,FALSE,FALSE,FALSE,TRUE,TRUE,"pretended to bury a nut,stuck a leaf on top to make the spot less conspicuous.",FALSE,FALSE,FALSE,FALSE,FALSE,FALSE,TRUE,FALSE,,POINT (-73.9584967368893 40.7977320341094)
"-7,397,722,392,519","4,077,317,166,658",8A-AM-1013-05,08A,AM,10132018,5,Adult,Cinnamon,Gray,Cinnamon+Gray,,Above Ground,20,,TRUE,FALSE,TRUE,TRUE,FALSE,,FALSE,FALSE,FALSE,FALSE,FALSE,TRUE,FALSE,FALSE,,POINT (-73.9772239251936 40.7731716665766)
"-7,395,449,953,982","4,079,497,166,937",38F-AM-1018-01,38F,AM,10182018,1,Adult,Cinnamon,"Gray, White","Cinnamon+Gray, White",,Ground Plane,FALSE,,TRUE,FALSE,FALSE,FALSE,FALSE,,FALSE,FALSE,FALSE,FALSE,FALSE,FALSE,FALSE,TRUE,,POINT (-73.954499539822 40.7949716693686)
"-739,729,410,488","4,077,094,849,646",7F-AM-1008-13,07F,AM,10082018,13,Adult,Gray,,Gray+,,Above Ground,4,to tree,TRUE,FALSE,FALSE,TRUE,TRUE,ran up tree 4 feet and ate leaves,FALSE,FALSE,FALSE,FALSE,FALSE,FALSE,TRUE,FALSE,,POINT (-73.9729410488021 40.7709484964577)
"-7,397,064,286,418","4,077,629,339,365",13E-AM-1017-07,13E,AM,10172018,7,Adult,Gray,Cinnamon,Gray+Cinnamon,,Ground Plane,FALSE,,FALSE,FALSE,FALSE,FALSE,TRUE,,FALSE,FALSE,FALSE,FALSE,FALSE,FALSE,TRUE,FALSE,,POINT (-73.9706428641753 40.7762933936464)
"-7,395,382,517,163","4,079,193,601,982",35I-PM-1006-01,35I,PM,10062018,1,Adult,Gray,Cinnamon,Gray+Cinnamon,,Ground Plane,FALSE,,FALSE,FALSE,FALSE,FALSE,TRUE,,FALSE,FALSE,FALSE,FALSE,FALSE,FALSE,TRUE,FALSE,,POINT (-73.9538251716292 40.7919360198175)
"-7,396,329,932,463","4,078,881,995,197",29C-AM-1007-05,29C,AM,10072018,5,Adult,Black,Gray,Black+Gray,,Ground Plane,FALSE,,FALSE,FALSE,FALSE,FALSE,TRUE,,FALSE,FALSE,FALSE,FALSE,FALSE,FALSE,FALSE,FALSE,,POINT (-73.9632993246327 40.7888199519656)
"-7,396,205,425,147","4,079,437,317,221",34A-AM-1012-01,34A,AM,10122018,1,Adult,Gray,Cinnamon,Gray+Cinnamon,,Above Ground,10,chasing from tree to ground,TRUE,TRUE,TRUE,FALSE,FALSE,,FALSE,FALSE,FALSE,FALSE,FALSE,FALSE,TRUE,FALSE,,POINT (-73.9620542514749 40.7943731722138)
"-7,395,893,254,373","4,079,134,455,313",33E-AM-1014-11,33E,AM,10142018,11,Juvenile,Gray,"Cinnamon, White","Gray+Cinnamon, White",,Above Ground,15,,FALSE,TRUE,FALSE,FALSE,FALSE,,FALSE,FALSE,FALSE,FALSE,FALSE,FALSE,TRUE,FALSE,,POINT (-73.958932543729 40.7913445531266)
"-7,395,492,612,425","4,079,447,019,946",37G-AM-1014-04,37G,AM,10142018,4,Adult,Gray,,Gray+,,Above Ground,5,,FALSE,TRUE,FALSE,FALSE,FALSE,playing,FALSE,FALSE,FALSE,FALSE,FALSE,FALSE,TRUE,FALSE,,POINT (-73.9549261242548 40.7944701994615)
"-7,396,591,561,081","4,078,107,098,187",20E-AM-1014-01,20E,AM,10142018,1,Adult,Gray,"Cinnamon, White","Gray+Cinnamon, White",,Ground Plane,FALSE,,TRUE,FALSE,FALSE,TRUE,TRUE,,FALSE,FALSE,FALSE,FALSE,TRUE,FALSE,FALSE,FALSE,,POINT (-73.9659156108069 40.7810709818696)
"-7,397,239,959,684","4,077,887,650,784",15B-PM-1017-04,15B,PM,10172018,4,Adult,Gray,,Gray+,,Ground Plane,FALSE,on hill,FALSE,FALSE,FALSE,FALSE,TRUE,,FALSE,FALSE,FALSE,FALSE,FALSE,FALSE,FALSE,FALSE,,POINT (-73.972399596842 40.7788765078432)
"-7,395,821,507,345","4,079,628,627,943",38C-AM-1019-08,38C,AM,10192018,8,Juvenile,Gray,White,Gray+White,,Ground Plane,FALSE,,TRUE,FALSE,FALSE,FALSE,TRUE,,TRUE,FALSE,FALSE,FALSE,FALSE,FALSE,TRUE,FALSE,,POINT (-73.9582150734453 40.7962862794303)
"-739,690,212,174","4,078,340,994,041",21B-PM-1017-05,21B,PM,10172018,5,Juvenile,Gray,,Gray+,,Ground Plane,FALSE,,TRUE,FALSE,FALSE,FALSE,FALSE,,FALSE,FALSE,FALSE,FALSE,FALSE,FALSE,FALSE,FALSE,,POINT (-73.9690212174 40.7834099404107)
"-739,553,603,438","4,079,852,829,632",41D-PM-1014-05,41D,PM,10142018,5,Adult,Gray,White,Gray+White,,Above Ground,12,,FALSE,FALSE,FALSE,TRUE,FALSE,,FALSE,FALSE,FALSE,FALSE,FALSE,FALSE,FALSE,FALSE,,POINT (-73.9553603438021 40.7985282963244)
"-739,726,056,412","4,077,934,679,047",16A-PM-1019-03,16A,PM,10192018,3,,Gray,,Gray+,,Above Ground,15,,FALSE,FALSE,TRUE,FALSE,FALSE,,FALSE,FALSE,FALSE,FALSE,FALSE,FALSE,FALSE,FALSE,,POINT (-73.9726056411971 40.7793467904743)
"-7,396,938,410,041","4,077,041,486,583",8I-PM-1013-06,08I,PM,10132018,6,Adult,Gray,"Cinnamon, White","Gray+Cinnamon, White",,Ground Plane,FALSE,,FALSE,FALSE,FALSE,FALSE,TRUE,,FALSE,FALSE,FALSE,FALSE,FALSE,FALSE,TRUE,FALSE,,POINT (-73.9693841004072 40.7704148658294)
"-7,397,086,289,336","4,077,256,308,868",10F-PM-1019-08,10F,PM,10192018,8,Adult,Gray,Cinnamon,Gray+Cinnamon,,Ground Plane,FALSE,Under "Grape Arbor" structure behind Bandshell,TRUE,FALSE,FALSE,FALSE,TRUE,digging,FALSE,FALSE,FALSE,FALSE,FALSE,FALSE,FALSE,TRUE,,POINT (-73.9708628933624 40.7725630886784)
"-739,613,429,185","4,079,121,580,573",32C-AM-1014-02,32C,AM,10142018,2,Adult,Gray,,Gray+,,Above Ground,3,,FALSE,TRUE,TRUE,FALSE,FALSE,,FALSE,FALSE,FALSE,FALSE,FALSE,FALSE,FALSE,FALSE,,POINT (-73.9613429184974 40.7912158057267)
"-7,395,983,503,855","4,079,732,740,002",38A-PM-1013-04,38A,PM,10132018,4,Adult,Gray,Cinnamon,Gray+Cinnamon,,Ground Plane,FALSE,,FALSE,FALSE,TRUE,FALSE,FALSE,,FALSE,FALSE,FALSE,FALSE,FALSE,FALSE,TRUE,FALSE,,POINT (-73.9598350385541 40.7973274000224)
"-7,396,978,406,677","4,077,669,404,054",14E-AM-1008-11,14E,AM,10082018,11,Adult,Gray,White,Gray+White,,Ground Plane,FALSE,,FALSE,FALSE,FALSE,TRUE,TRUE,burying,FALSE,FALSE,FALSE,FALSE,FALSE,FALSE,TRUE,FALSE,curious,POINT (-73.969784066769 40.7766940405403)
"-7,397,635,933,907","4,077,172,970,585",7C-AM-1012-03,07C,AM,10122018,3,Adult,Gray,Cinnamon,Gray+Cinnamon,,Ground Plane,FALSE,,FALSE,FALSE,FALSE,FALSE,TRUE,foraging (loving the acorns!),FALSE,FALSE,FALSE,FALSE,FALSE,FALSE,TRUE,FALSE,,POINT (-73.97635933907321 40.7717297058549)
"-7,397,595,108,428","4,076,928,828,911",5D-AM-1020-04,05D,AM,10202018,4,Adult,Gray,"Black, White","Gray+Black, White",White selected as Primary. Black selected as Highlights. Made executive adjustments.,Ground Plane,FALSE,,FALSE,FALSE,FALSE,FALSE,TRUE,,FALSE,FALSE,FALSE,FALSE,FALSE,FALSE,TRUE,FALSE,,POINT (-73.9759510842771 40.76928828911101)
"-7,395,486,485,186","4,079,467,309,249",38F-PM-1013-03,38F,PM,10132018,3,Juvenile,Gray,Cinnamon,Gray+Cinnamon,,Ground Plane,FALSE,,FALSE,FALSE,FALSE,FALSE,TRUE,,FALSE,FALSE,FALSE,FALSE,FALSE,FALSE,FALSE,FALSE,,POINT (-73.9548648518558 40.7946730924872)
"-7,396,159,008,339","4,079,454,312,928",35A-PM-1013-07,35A,PM,10132018,7,Adult,Gray,White,Gray+White,,Ground Plane,FALSE,,FALSE,FALSE,FALSE,FALSE,TRUE,,FALSE,FALSE,FALSE,FALSE,FALSE,FALSE,FALSE,FALSE,,POINT (-73.9615900833886 40.7945431292846)
"-7,395,310,419,065","4,079,199,168,192",36I-PM-1007-02,36I,PM,10072018,2,Adult,Gray,,Gray+,,Ground Plane,FALSE,,TRUE,TRUE,FALSE,FALSE,TRUE,,FALSE,FALSE,FALSE,FALSE,TRUE,TRUE,TRUE,FALSE,chased birds (blue jay),POINT (-73.9531041906469 40.7919916819219)
"-7,397,433,690,683","407,675,726,966",3F-AM-1006-11,03F,AM,10062018,11,Juvenile,Cinnamon,Gray,Cinnamon+Gray,,Ground Plane,FALSE,,FALSE,FALSE,FALSE,TRUE,FALSE,,FALSE,FALSE,FALSE,FALSE,FALSE,FALSE,FALSE,TRUE,,POINT (-73.9743369068254 40.7675726965985)
"-739,614,599,022","407,945,181,286",35A-PM-1013-11,35A,PM,10132018,11,Juvenile,Cinnamon,,Cinnamon+,,Ground Plane,FALSE,,TRUE,FALSE,FALSE,FALSE,FALSE,,FALSE,FALSE,FALSE,TRUE,FALSE,FALSE,FALSE,TRUE,,POINT (-73.9614599022015 40.7945181285991)
"-7,397,688,679,594","4,077,348,039,546",8B-PM-1012-01,08B,PM,10122018,1,Adult,Gray,"Cinnamon, White","Gray+Cinnamon, White",,Ground Plane,FALSE,,TRUE,FALSE,FALSE,FALSE,TRUE,,FALSE,FALSE,FALSE,FALSE,FALSE,FALSE,FALSE,TRUE,,POINT (-73.9768867959365 40.7734803954589)
"-7,397,710,090,246","4,076,887,932,889",3D-PM-1010-06,03D,PM,10102018,6,Adult,Cinnamon,White,Cinnamon+White,,Ground Plane,FALSE,,FALSE,FALSE,FALSE,FALSE,TRUE,,FALSE,FALSE,FALSE,FALSE,FALSE,FALSE,FALSE,FALSE,,POINT (-73.9771009024581 40.7688793288864)
"-7,397,622,273,231","4,076,845,360,377",3E-PM-1008-02,03E,PM,10082018,2,Adult,Gray,Cinnamon,Gray+Cinnamon,,Ground Plane,FALSE,,FALSE,FALSE,FALSE,FALSE,TRUE,,FALSE,FALSE,FALSE,FALSE,FALSE,FALSE,TRUE,FALSE,,POINT (-73.9762227323096 40.768453603768)
"-7,396,928,490,746","4,077,087,550,981",9H-PM-1018-06,09H,PM,10182018,6,Adult,Gray,,Gray+,,Ground Plane,FALSE,,TRUE,TRUE,FALSE,FALSE,FALSE,,FALSE,FALSE,FALSE,FALSE,FALSE,FALSE,FALSE,FALSE,,POINT (-73.9692849074642 40.7708755098145)
"-7,397,348,276,186","4,076,561,718,329",2H-PM-1006-02,02H,PM,10062018,2,Adult,Gray,,Gray+,,Ground Plane,FALSE,,FALSE,FALSE,FALSE,TRUE,FALSE,,FALSE,FALSE,FALSE,FALSE,FALSE,FALSE,TRUE,FALSE,,POINT (-73.97348276186 40.7656171832911)
"-7,395,629,468,737","4,079,385,930,126",36F-AM-1017-01,36F,AM,10172018,1,Adult,Gray,,Gray+,,Ground Plane,FALSE,,TRUE,FALSE,FALSE,FALSE,FALSE,,FALSE,FALSE,FALSE,FALSE,FALSE,FALSE,FALSE,TRUE,runs from (dog),POINT (-73.9562946873694 40.7938593012595)
"-7,397,944,816,024","4,077,063,857,286",4A-AM-1007-03,04A,AM,10072018,3,Adult,Gray,Cinnamon,Gray+Cinnamon,,Ground Plane,FALSE,,FALSE,FALSE,FALSE,FALSE,TRUE,,FALSE,FALSE,FALSE,FALSE,FALSE,FALSE,TRUE,FALSE,,POINT (-73.9794481602391 40.770638572864)
"-7,397,213,480,507","4,076,669,200,467",3H-AM-1008-01,03H,AM,10082018,1,Adult,Gray,Cinnamon,Gray+Cinnamon,,Above Ground,8,,FALSE,FALSE,FALSE,FALSE,FALSE,teasing barking dog,FALSE,FALSE,FALSE,FALSE,FALSE,FALSE,TRUE,FALSE,indifferent by not caring about dog,POINT (-73.9721348050673 40.7666920046704)
"-7,396,880,716,362","4,078,120,181,595",19C-PM-1018-02,19C,PM,10182018,2,Adult,Gray,Cinnamon,Gray+Cinnamon,,Ground Plane,FALSE,,FALSE,FALSE,FALSE,FALSE,TRUE,,FALSE,FALSE,FALSE,FALSE,FALSE,FALSE,FALSE,FALSE,,POINT (-73.968807163616 40.7812018159499)
"-7,397,110,012,784","4,077,874,660,958",15C-PM-1017-01,15C,PM,10172018,1,Adult,Gray,Cinnamon,Gray+Cinnamon,,Ground Plane,FALSE,,TRUE,FALSE,FALSE,TRUE,TRUE,,FALSE,FALSE,FALSE,FALSE,FALSE,FALSE,FALSE,TRUE,,POINT (-73.9711001278389 40.7787466095841)
"-7,397,217,994,794","4,078,100,428,272",17A-PM-1013-02,17A,PM,10132018,2,Adult,Gray,Cinnamon,Gray+Cinnamon,,Above Ground,20,on a little pedestal-shaped part of a tree,FALSE,FALSE,FALSE,TRUE,FALSE,,FALSE,FALSE,FALSE,FALSE,TRUE,FALSE,TRUE,FALSE,,POINT (-73.972179947936 40.7810042827198)
"-7,398,096,886,941","4,076,885,359,749",2A-PM-1019-06,02A,PM,10192018,6,Adult,Gray,White,Gray+White,,Ground Plane,FALSE,,FALSE,FALSE,FALSE,FALSE,TRUE,,FALSE,FALSE,FALSE,FALSE,FALSE,FALSE,TRUE,FALSE,,POINT (-73.9809688694074 40.7688535974878)
"-739,601,851,468","4,079,686,981,515",38A-AM-1019-05,38A,AM,10192018,5,Adult,Gray,"Cinnamon, White","Gray+Cinnamon, White","Cinnamon head, White belly",Ground Plane,FALSE,,FALSE,FALSE,FALSE,FALSE,TRUE,standing on back legs,FALSE,FALSE,FALSE,FALSE,FALSE,TRUE,TRUE,FALSE,,POINT (-73.9601851468038 40.7968698151479)
"-7,397,755,714,039","4,076,653,165,852",1E-PM-1007-03,01E,PM,10072018,3,Adult,Gray,,Gray+,,Ground Plane,FALSE,,FALSE,FALSE,FALSE,FALSE,TRUE,,FALSE,FALSE,FALSE,FALSE,FALSE,FALSE,TRUE,FALSE,,POINT (-73.9775571403892 40.7665316585198)
"-7,395,502,355,893","4,079,513,123,568",38F-AM-1018-03,38F,AM,10182018,3,Adult,Gray,"Cinnamon, White","Gray+Cinnamon, White",,Ground Plane,FALSE,,TRUE,FALSE,FALSE,FALSE,FALSE,,FALSE,FALSE,FALSE,FALSE,FALSE,FALSE,FALSE,TRUE,,POINT (-73.9550235589287 40.7951312356844)
"-7,397,993,029,522","4,076,772,072,098",1B-PM-1019-02,01B,PM,10192018,2,Adult,Gray,White,Gray+White,,Ground Plane,FALSE,,TRUE,FALSE,FALSE,FALSE,FALSE,,FALSE,FALSE,FALSE,FALSE,FALSE,FALSE,TRUE,FALSE,,POINT (-73.9799302952205 40.7677207209798)
"-7,397,041,219,895","407,824,040,237",19A-PM-1013-02,19A,PM,10132018,2,Adult,Gray,White,Gray+White,"Looks very brown, not like English red squirrels",Ground Plane,FALSE,,FALSE,FALSE,FALSE,FALSE,TRUE,,FALSE,FALSE,FALSE,FALSE,FALSE,FALSE,TRUE,FALSE,,POINT (-73.9704121989487 40.7824040236981)
"-739,572,840,458","4,078,869,333,717",31H-PM-1008-04,31H,PM,10082018,4,Adult,Gray,,Gray+,,Above Ground,,Also way up,FALSE,FALSE,TRUE,FALSE,TRUE,,FALSE,FALSE,FALSE,FALSE,FALSE,FALSE,FALSE,FALSE,,POINT (-73.95728404579711 40.7886933371744)
"-7,395,645,990,772","4,079,651,850,987",39D-PM-1012-01,39D,PM,10122018,1,Adult,Gray,White,Gray+White,,Ground Plane,FALSE,,TRUE,FALSE,FALSE,FALSE,TRUE,,FALSE,FALSE,FALSE,FALSE,FALSE,FALSE,TRUE,FALSE,,POINT (-73.9564599077179 40.7965185098695)
"-7,398,016,364,007","4,076,901,920,559",2A-AM-1010-09,02A,AM,10102018,9,Adult,Gray,White,Gray+White,,Above Ground,,climbing in bush,FALSE,FALSE,TRUE,FALSE,FALSE,hopping & flipping around. this one was very energetic & jumping aorund,FALSE,FALSE,FALSE,FALSE,TRUE,FALSE,FALSE,FALSE,climbed a foot up a tree and watched me,POINT (-73.9801636400744 40.7690192055926)
"-739,561,498,646","4,079,492,885,619",37E-AM-1013-05,37E,AM,10132018,5,?,,,+,,Above Ground,10,"unsure, just heard kuks",FALSE,FALSE,FALSE,FALSE,FALSE,,TRUE,FALSE,FALSE,FALSE,FALSE,FALSE,FALSE,FALSE,,POINT (-73.9561498646036 40.79492885618931)
"-7,396,962,858,329","4,077,040,677,979",8H-AM-1017-03,08H,AM,10172018,3,Adult,Gray,Cinnamon,Gray+Cinnamon,,Above Ground,2,fence,TRUE,FALSE,FALSE,FALSE,TRUE,,FALSE,FALSE,FALSE,FALSE,FALSE,FALSE,TRUE,FALSE,,POINT (-73.969628583287 40.7704067797932)
"-7,396,280,044,865","4,079,155,326,401",31B-PM-1007-03,31B,PM,10072018,3,Juvenile,Gray,Cinnamon,Gray+Cinnamon,,Ground Plane,FALSE,,FALSE,FALSE,FALSE,FALSE,TRUE,,FALSE,FALSE,FALSE,FALSE,FALSE,FALSE,TRUE,FALSE,,POINT (-73.962800448652 40.7915532640139)
"-7,395,014,572,336","4,079,709,435,656",42I-PM-1014-01,42I,PM,10142018,1,Adult,Cinnamon,Gray,Cinnamon+Gray,,Ground Plane,FALSE,,FALSE,FALSE,TRUE,FALSE,FALSE,,FALSE,FALSE,FALSE,FALSE,TRUE,FALSE,TRUE,FALSE,,POINT (-73.9501457233643 40.797094356558)
"-7,397,106,749,289","407,778,757,544",15D-PM-1017-06,15D,PM,10172018,6,Adult,Gray,Cinnamon,Gray+Cinnamon,,Ground Plane,FALSE,,FALSE,FALSE,FALSE,FALSE,FALSE,walking,FALSE,FALSE,FALSE,FALSE,FALSE,FALSE,FALSE,FALSE,stopped and watched me before slowly moving on,POINT (-73.9710674928906 40.7778757544025)
"-7,397,449,173,627","4,077,783,887,377",13A-AM-1017-02,13A,AM,10172018,2,Adult,Gray,,Gray+,,Ground Plane,FALSE,,TRUE,FALSE,FALSE,FALSE,FALSE,,FALSE,FALSE,FALSE,FALSE,FALSE,FALSE,TRUE,FALSE,,POINT (-73.9744917362668 40.77783887377)
"-7,397,435,094,238","4,076,900,436,773",5F-AM-1007-02,05F,AM,10072018,2,Adult,Gray,Cinnamon,Gray+Cinnamon,,Above Ground,,tree,TRUE,TRUE,FALSE,FALSE,TRUE,,FALSE,FALSE,FALSE,FALSE,FALSE,FALSE,FALSE,FALSE,,POINT (-73.97435094238212 40.7690043677328)
"-7,396,019,888,715","4,079,434,731,613",35C-PM-1013-01,35C,PM,10132018,1,,Gray,Cinnamon,Gray+Cinnamon,,Above Ground,20,,FALSE,FALSE,TRUE,FALSE,TRUE,,TRUE,TRUE,FALSE,TRUE,TRUE,FALSE,TRUE,FALSE,,POINT (-73.9601988871514 40.7943473161329)
"-7,397,912,175,107","4,076,765,834,754",2C-AM-1010-05,02C,AM,10102018,5,Adult,Gray,White,Gray+White,,Ground Plane,FALSE,right at the base of the same tree as #3,FALSE,FALSE,FALSE,TRUE,TRUE,,FALSE,FALSE,FALSE,FALSE,FALSE,FALSE,FALSE,FALSE,,POINT (-73.9791217510656 40.7676583475394)
"-7,395,883,398,976","4,078,480,848,654",26I-PM-1010-06,26I,PM,10102018,6,Adult,Gray,Cinnamon,Gray+Cinnamon,,Above Ground,35,tree,FALSE,FALSE,TRUE,FALSE,TRUE,,FALSE,FALSE,FALSE,FALSE,TRUE,FALSE,TRUE,FALSE,,POINT (-73.9588339897601 40.7848084865431)
"-7,396,901,744,429","4,078,176,176,965",19C-PM-1018-05,19C,PM,10182018,5,Adult,Gray,Cinnamon,Gray+Cinnamon,,Ground Plane,FALSE,,TRUE,FALSE,FALSE,FALSE,FALSE,,FALSE,FALSE,FALSE,FALSE,FALSE,TRUE,FALSE,FALSE,,POINT (-73.9690174442945 40.7817617696508)
"-7,396,577,644,903","4,078,119,232,293",20F-PM-1007-10,20F,PM,10072018,10,Adult,Gray,White,Gray+White,,Ground Plane,FALSE,,FALSE,FALSE,FALSE,FALSE,TRUE,,FALSE,FALSE,FALSE,FALSE,FALSE,FALSE,TRUE,FALSE,,POINT (-73.9657764490284 40.7811923229286)
"-7,397,489,626,816","4,076,787,782,717",4F-PM-1013-02,04F,PM,10132018,2,Adult,Gray,"Black, Cinnamon","Gray+Black, Cinnamon",,Ground Plane,FALSE,,TRUE,FALSE,FALSE,FALSE,FALSE,,FALSE,FALSE,FALSE,TRUE,FALSE,FALSE,TRUE,FALSE,,POINT (-73.9748962681637 40.76787782717)
"-7,397,451,411,856","4,076,914,797,812",5E-AM-1008-01,05E,AM,10082018,1,Adult,Gray,White,Gray+White,,Above Ground,2,on a checker table,FALSE,FALSE,FALSE,TRUE,FALSE,,FALSE,FALSE,FALSE,FALSE,FALSE,FALSE,TRUE,FALSE,,POINT (-73.9745141185576 40.7691479781207)
"-7,397,431,653,211","4,077,546,746,786",11B-PM-1014-07,11B,PM,10142018,7,,Gray,,Gray+,,Above Ground,10,,TRUE,FALSE,FALSE,TRUE,TRUE,,FALSE,FALSE,FALSE,FALSE,FALSE,FALSE,FALSE,FALSE,,POINT (-73.9743165321099 40.7754674678574)
"-7,395,284,292,381","4,079,226,518,489",36I-PM-1007-09,36I,PM,10072018,9,Juvenile,Gray,,Gray+,,Above Ground,5,,TRUE,TRUE,FALSE,FALSE,FALSE,burying nut,FALSE,FALSE,FALSE,FALSE,TRUE,FALSE,FALSE,FALSE,,POINT (-73.9528429238071 40.7922651848867)
"-7,397,750,689,157","4,076,644,243,947",1E-AM-1006-01,01E,AM,10062018,1,Adult,Gray,Cinnamon,Gray+Cinnamon,,Ground Plane,FALSE,,FALSE,FALSE,FALSE,FALSE,TRUE,,FALSE,FALSE,FALSE,FALSE,FALSE,FALSE,TRUE,FALSE,,POINT (-73.9775068915715 40.7664424394736)
"-7,395,779,193,653","4,079,608,532,851",38C-PM-1014-08,38C,PM,10142018,8,Adult,Gray,Cinnamon,Gray+Cinnamon,,Ground Plane,FALSE,,TRUE,FALSE,FALSE,FALSE,TRUE,,TRUE,FALSE,FALSE,FALSE,FALSE,FALSE,FALSE,TRUE,,POINT (-73.9577919365342 40.7960853285059)
"-7,396,288,429,601","4,079,380,485,724",34A-PM-1013-01,34A,PM,10132018,1,Adult,Gray,Cinnamon,Gray+Cinnamon,,Ground Plane,FALSE,,FALSE,FALSE,FALSE,TRUE,TRUE,took a chestnut,FALSE,FALSE,FALSE,FALSE,FALSE,FALSE,FALSE,FALSE,,POINT (-73.9628842960118 40.7938048572403)
"-7,396,827,608,645","4,077,807,275,694",16E-PM-1018-04,16E,PM,10182018,4,Adult,Gray,,Gray+,,Ground Plane,FALSE,,FALSE,FALSE,FALSE,FALSE,TRUE,,TRUE,FALSE,FALSE,FALSE,FALSE,FALSE,TRUE,FALSE,,POINT (-73.9682760864462 40.7780727569417)
"-7,396,872,146,842","4,077,928,417,202",17D-AM-1008-07,17D,AM,10082018,7,Adult,Gray,White,Gray+White,,Ground Plane,FALSE,,TRUE,FALSE,FALSE,FALSE,FALSE,,FALSE,FALSE,FALSE,FALSE,FALSE,FALSE,TRUE,FALSE,,POINT (-73.9687214684206 40.7792841720164)
"-7,396,007,389,854","4,079,383,287,988",35C-PM-1013-08,35C,PM,10132018,8,,,,+,,,,,FALSE,FALSE,FALSE,FALSE,FALSE,,TRUE,FALSE,FALSE,FALSE,FALSE,FALSE,FALSE,FALSE,did not *see*,POINT (-73.9600738985438 40.7938328798752)
"-7,397,102,730,707","4,077,665,212,462",14D-PM-1019-16,14D,PM,10192018,16,Adult,Gray,Cinnamon,Gray+Cinnamon,,Ground Plane,FALSE,,TRUE,FALSE,FALSE,FALSE,FALSE,,FALSE,FALSE,FALSE,FALSE,FALSE,FALSE,FALSE,FALSE,,POINT (-73.9710273070712 40.7766521246153)
"-7,396,180,940,763","4,079,440,973,682",35A-PM-1013-03,35A,PM,10132018,3,Adult,Gray,White,Gray+White,,Ground Plane,FALSE,,TRUE,FALSE,FALSE,TRUE,TRUE,,FALSE,FALSE,FALSE,FALSE,FALSE,FALSE,FALSE,TRUE,,POINT (-73.9618094076328 40.7944097368153)
"-7,396,322,385,286","4,079,203,289,913",32B-PM-1010-02,32B,PM,10102018,2,Adult,Gray,,Gray+,,Ground Plane,FALSE,,FALSE,FALSE,FALSE,FALSE,TRUE,,FALSE,FALSE,FALSE,FALSE,FALSE,FALSE,TRUE,FALSE,,POINT (-73.9632238528617 40.7920328991252)
"-7,395,305,878,254","4,079,190,873,092",36I-PM-1007-03,36I,PM,10072018,3,Adult,Gray,,Gray+,,Ground Plane,FALSE,,FALSE,FALSE,FALSE,FALSE,TRUE,,FALSE,FALSE,FALSE,FALSE,FALSE,FALSE,FALSE,FALSE,,POINT (-73.9530587825442 40.7919087309222)
"-7,397,342,592,735","4,077,819,299,193",14B-AM-1007-03,14B,AM,10072018,3,Adult,Gray,,Gray+,,,,,FALSE,FALSE,FALSE,FALSE,FALSE,,FALSE,FALSE,FALSE,FALSE,FALSE,FALSE,FALSE,FALSE,,POINT (-73.973425927351 40.7781929919344)
"-7,395,663,007,892","4,079,936,921,208",42C-PM-1013-06,42C,PM,10132018,6,Adult,Gray,Cinnamon,Gray+Cinnamon,,Ground Plane,FALSE,Between park and main drag,FALSE,FALSE,TRUE,TRUE,FALSE,,FALSE,FALSE,FALSE,FALSE,FALSE,FALSE,TRUE,TRUE,,POINT (-73.9566300789162 40.7993692120774)
"-7,395,519,234,082","4,079,683,026,614",40E-PM-1017-01,40E,PM,10172018,1,Adult,Gray,Cinnamon,Gray+Cinnamon,,Ground Plane,FALSE,,FALSE,FALSE,FALSE,FALSE,TRUE,,FALSE,FALSE,FALSE,FALSE,FALSE,FALSE,TRUE,FALSE,,POINT (-73.9551923408239 40.7968302661402)
"-7,396,922,711,321","4,077,752,850,884",15E-PM-1008-04,15E,PM,10082018,4,Adult,Gray,,Gray+,,Above Ground,10,,FALSE,FALSE,TRUE,FALSE,FALSE,,FALSE,FALSE,FALSE,FALSE,FALSE,FALSE,TRUE,FALSE,,POINT (-73.9692271132136 40.777528508844)
"-7,396,064,260,276","4,079,172,654,198",32D-PM-1006-08,32D,PM,10062018,8,Juvenile,Gray,"Black, Cinnamon, White","Gray+Black, Cinnamon, White",,Ground Plane,FALSE,,FALSE,FALSE,FALSE,TRUE,FALSE,,FALSE,FALSE,FALSE,FALSE,TRUE,FALSE,FALSE,FALSE,stand on two feet and watching me,POINT (-73.960642602756 40.7917265419842)
"-7,396,114,340,827","4,078,936,717,728",30E-PM-1008-01,30E,PM,10082018,1,Adult,Gray,Cinnamon,Gray+Cinnamon,,Above Ground,40,,FALSE,FALSE,TRUE,FALSE,FALSE,,FALSE,TRUE,FALSE,FALSE,FALSE,FALSE,FALSE,FALSE,,POINT (-73.9611434082667 40.7893671772846)
"-7,396,588,676,604","4,077,565,235,775",15H-PM-1008-06,15H,PM,10082018,6,Juvenile,Cinnamon,Gray,Cinnamon+Gray,,Ground Plane,FALSE,base of gingko tree,FALSE,FALSE,FALSE,TRUE,FALSE,,FALSE,FALSE,FALSE,FALSE,FALSE,FALSE,TRUE,FALSE,,POINT (-73.9658867660358 40.7756523577509)
"-7,397,342,064,353","4,076,578,546,842",2H-PM-1006-01,02H,PM,10062018,1,Adult,Gray,,Gray+,,Ground Plane,FALSE,,FALSE,FALSE,FALSE,TRUE,FALSE,,FALSE,FALSE,FALSE,FALSE,FALSE,FALSE,TRUE,FALSE,,POINT (-73.9734206435334 40.7657854684194)
"-7,397,459,690,392","4,077,654,982,157",12A-PM-1013-02,12A,PM,10132018,2,Adult,Cinnamon,Gray,Cinnamon+Gray,,Ground Plane,FALSE,,TRUE,FALSE,TRUE,FALSE,TRUE,,FALSE,FALSE,FALSE,FALSE,TRUE,FALSE,FALSE,TRUE,,POINT (-73.974596903918 40.7765498215674)
"-739,507,140,046","4,079,577,009,863",41I-PM-1017-01,41I,PM,10172018,1,Adult,Gray,Cinnamon,Gray+Cinnamon,Cinnamon oval on back,Ground Plane,FALSE,,FALSE,FALSE,FALSE,FALSE,TRUE,,FALSE,FALSE,FALSE,FALSE,FALSE,FALSE,TRUE,FALSE,,POINT (-73.9507140045973 40.7957700986293)
"-7,396,154,292,034","4,079,074,176,487",31D-AM-1014-01,31D,AM,10142018,1,,Gray,Cinnamon,Gray+Cinnamon,,Above Ground,20,Ground then up tree,FALSE,FALSE,TRUE,FALSE,FALSE,chased by a doggo,FALSE,FALSE,TRUE,FALSE,FALSE,FALSE,FALSE,TRUE,runs from (dogs!),POINT (-73.9615429203441 40.7907417648701)
"-7,396,535,757,587","4,078,053,399,534",20F-PM-1007-12,20F,PM,10072018,12,Adult,Gray,White,Gray+White,,Above Ground,20,in tree,FALSE,FALSE,TRUE,TRUE,FALSE,,FALSE,FALSE,FALSE,FALSE,FALSE,FALSE,FALSE,FALSE,,POINT (-73.9653575758687 40.7805339953372)
"-7,395,958,860,632","4,079,184,051,826",33D-AM-1017-09,33D,AM,10172018,9,Adult,Black,Cinnamon,Black+Cinnamon,,Above Ground,7,,FALSE,FALSE,TRUE,FALSE,FALSE,,TRUE,TRUE,FALSE,FALSE,FALSE,FALSE,TRUE,TRUE,,POINT (-73.9595886063173 40.7918405182594)
"-7,396,941,857,862","4,077,871,899,996",16D-AM-1007-06,16D,AM,10072018,6,Adult,Cinnamon,White,Cinnamon+White,primary color: brown ( I marked cinnamon as closest to brown - JO),Ground Plane,FALSE,,TRUE,FALSE,FALSE,FALSE,TRUE,,FALSE,FALSE,FALSE,FALSE,FALSE,FALSE,TRUE,FALSE,,POINT (-73.9694185786221 40.7787189999566)
"-7,396,900,823,149","4,077,389,939,429",12G-AM-1012-05,12G,AM,10122018,5,Adult,Gray,"Cinnamon, White","Gray+Cinnamon, White",,Ground Plane,FALSE,,FALSE,TRUE,FALSE,FALSE,FALSE,,TRUE,FALSE,FALSE,FALSE,FALSE,FALSE,FALSE,TRUE,,POINT (-73.9690082314914 40.7738993942891)
"-7,397,636,295,415","407,682,321,897",3E-PM-1008-04,03E,PM,10082018,4,Adult,Gray,,Gray+,,Above Ground,6,,TRUE,FALSE,TRUE,FALSE,FALSE,,FALSE,FALSE,FALSE,FALSE,FALSE,FALSE,FALSE,TRUE,,POINT (-73.9763629541474 40.7682321897044)
"-7,397,680,969,536","4,077,081,852,131",5C-PM-1010-08,05C,PM,10102018,8,Adult,Cinnamon,"Gray, White","Cinnamon+Gray, White",,Ground Plane,FALSE,,TRUE,FALSE,FALSE,FALSE,FALSE,,FALSE,FALSE,FALSE,FALSE,FALSE,FALSE,FALSE,FALSE,,POINT (-73.9768096953647 40.7708185213129)
"-7,395,938,952,535","4,079,730,858,441",38B-AM-1019-03,38B,AM,10192018,3,Juvenile,Gray,,Gray+,,Ground Plane,FALSE,,FALSE,FALSE,FALSE,TRUE,TRUE,,FALSE,FALSE,FALSE,FALSE,TRUE,FALSE,TRUE,FALSE,,POINT (-73.9593895253501 40.7973085844087)
"-7,397,036,835,102","407,743,975,364",12F-PM-1007-10,12F,PM,10072018,10,Adult,Gray,Cinnamon,Gray+Cinnamon,,,,,FALSE,FALSE,FALSE,FALSE,TRUE,,FALSE,FALSE,FALSE,FALSE,FALSE,FALSE,TRUE,FALSE,,POINT (-73.9703683510176 40.7743975363958)
"-7,396,918,017,914","4,077,092,723,536",9I-AM-1014-04,09I,AM,10142018,4,Adult,Gray,Cinnamon,Gray+Cinnamon,,Ground Plane,FALSE,,FALSE,FALSE,FALSE,FALSE,TRUE,,FALSE,FALSE,FALSE,FALSE,FALSE,FALSE,FALSE,FALSE,,POINT (-73.9691801791373 40.7709272353572)
"-7,396,819,601,386","407,726,867,422",11H-AM-1010-02,11H,AM,10102018,2,,Cinnamon,Gray,Cinnamon+Gray,,,,,FALSE,FALSE,FALSE,TRUE,FALSE,,FALSE,FALSE,FALSE,FALSE,TRUE,FALSE,TRUE,FALSE,,POINT (-73.9681960138614 40.7726867422002)
"-7,396,126,586,889","4,079,121,199,405",32C-AM-1014-04,32C,AM,10142018,4,Adult,Gray,,Gray+,,Above Ground,8,,FALSE,FALSE,FALSE,TRUE,FALSE,,FALSE,FALSE,FALSE,FALSE,FALSE,FALSE,FALSE,FALSE,,POINT (-73.9612658688914 40.7912119940469)
"-7,395,458,777,412","4,079,000,012,104",33I-PM-1006-01,33I,PM,10062018,1,Adult,Gray,,Gray+,,Ground Plane,FALSE,,FALSE,FALSE,FALSE,FALSE,TRUE,,FALSE,FALSE,FALSE,FALSE,FALSE,FALSE,FALSE,FALSE,,POINT (-73.9545877741228 40.7900001210353)
"-7,396,280,415,779","4,078,841,801,561",28D-AM-1012-06,28D,AM,10122018,6,Juvenile,Cinnamon,White,Cinnamon+White,,Above Ground,5,,FALSE,FALSE,FALSE,TRUE,FALSE,,FALSE,FALSE,FALSE,FALSE,FALSE,FALSE,FALSE,TRUE,,POINT (-73.9628041577934 40.78841801560551)
"-7,395,871,796,138","4,079,921,195,717",41A-PM-1007-01,41A,PM,10072018,1,Adult,Gray,White,Gray+White,,Ground Plane,FALSE,,TRUE,FALSE,FALSE,FALSE,FALSE,,FALSE,FALSE,FALSE,FALSE,FALSE,FALSE,FALSE,FALSE,,POINT (-73.9587179613803 40.7992119571657)
"-7,397,529,156,017","40,773,932,957",9B-AM-1010-04,09B,AM,10102018,4,,,,+,,Above Ground,10,,TRUE,FALSE,TRUE,FALSE,FALSE,,FALSE,FALSE,FALSE,FALSE,FALSE,FALSE,FALSE,FALSE,,POINT (-73.9752915601718 40.7739329570033)
"-7,397,296,259,363","4,076,526,018,513",1I-PM-1012-04,01I,PM,10122018,4,Juvenile,Cinnamon,White,Cinnamon+White,Cinnamon & White selected as Primary. Cinnamon & White selected as Highlights. Made executive adjustments.,Above Ground,2,on ledge,FALSE,FALSE,TRUE,FALSE,FALSE,,FALSE,FALSE,FALSE,FALSE,TRUE,FALSE,FALSE,TRUE,,POINT (-73.97296259363 40.7652601851275)
"-7,395,614,328,369","4,079,826,653,472",41C-AM-1017-07,41C,AM,10172018,7,Adult,Cinnamon,Gray,Cinnamon+Gray,,Ground Plane,FALSE,,FALSE,FALSE,FALSE,FALSE,TRUE,,FALSE,FALSE,FALSE,FALSE,TRUE,FALSE,TRUE,FALSE,,POINT (-73.9561432836863 40.7982665347234)
"-7,397,131,483,837","4,077,495,128,504",12E-AM-1017-03,12E,AM,10172018,3,Adult,Gray,Cinnamon,Gray+Cinnamon,,Above Ground,8,,FALSE,FALSE,TRUE,FALSE,TRUE,,FALSE,FALSE,FALSE,FALSE,FALSE,FALSE,TRUE,FALSE,,POINT (-73.971314838366 40.774951285041)
"-7,396,009,470,503","4,079,160,661,377",33D-AM-1017-01,33D,AM,10172018,1,Adult,Gray,Cinnamon,Gray+Cinnamon,,Above Ground,5,,FALSE,FALSE,TRUE,FALSE,FALSE,,FALSE,FALSE,FALSE,FALSE,FALSE,FALSE,TRUE,FALSE,,POINT (-73.960094705031 40.7916066137699)
"-7,397,296,700,321","4,077,118,484,382",7F-AM-1008-17,07F,AM,10082018,17,Adult,Gray,,Gray+,,Ground Plane,FALSE,,FALSE,FALSE,FALSE,FALSE,TRUE,scratching self,FALSE,FALSE,FALSE,FALSE,FALSE,FALSE,FALSE,TRUE,,POINT (-73.972967003211 40.7711848438157)
"-7,395,777,599,809","4,079,328,809,374",35E-PM-1006-05,35E,PM,10062018,5,Adult,Gray,,Gray+,,Ground Plane,FALSE,,FALSE,FALSE,FALSE,TRUE,TRUE,,FALSE,FALSE,FALSE,FALSE,FALSE,TRUE,FALSE,FALSE,,POINT (-73.957775998085 40.7932880937406)
"-7,395,628,911,716","4,079,533,939,938",38E-AM-1010-11,38E,AM,10102018,11,Adult,Gray,Cinnamon,Gray+Cinnamon,,Ground Plane,FALSE,edge of the stream,FALSE,FALSE,FALSE,FALSE,TRUE,,FALSE,FALSE,FALSE,TRUE,FALSE,FALSE,TRUE,FALSE,,POINT (-73.956289117157 40.7953393993803)
"-7,397,206,993,775","4,076,594,026,278",3I-PM-1013-04,03I,PM,10132018,4,Adult,Cinnamon,Gray,Cinnamon+Gray,,Ground Plane,FALSE,,FALSE,FALSE,FALSE,FALSE,TRUE,,FALSE,FALSE,FALSE,FALSE,FALSE,FALSE,TRUE,FALSE,,POINT (-73.97206993774601 40.7659402627832)
"-739,681,090,825","4,078,382,758,303",22B-PM-1014-04,22B,PM,10142018,4,Adult,Cinnamon,,Cinnamon+,,Ground Plane,FALSE,,FALSE,FALSE,FALSE,FALSE,TRUE,,FALSE,FALSE,FALSE,FALSE,FALSE,FALSE,TRUE,FALSE,,POINT (-73.9681090824978 40.7838275830328)
"-7,396,870,259,124","4,077,193,198,226",10H-AM-1014-04,10H,AM,10142018,4,Juvenile,,,+,,Above Ground,20,,FALSE,FALSE,TRUE,FALSE,FALSE,,FALSE,FALSE,FALSE,FALSE,FALSE,FALSE,FALSE,FALSE,,POINT (-73.9687025912431 40.7719319822619)
"-739,712,022,111","4,076,725,043,683",4I-AM-1006-01,04I,AM,10062018,1,Adult,Black,,Black+,,Above Ground,3,On top of park lamp,TRUE,FALSE,FALSE,FALSE,FALSE,,FALSE,FALSE,FALSE,FALSE,FALSE,FALSE,TRUE,FALSE,,POINT (-73.9712022111028 40.7672504368263)
"-7,397,873,120,256","4,077,010,714,059",4B-PM-1018-04,04B,PM,10182018,4,Adult,Gray,,Gray+,,Ground Plane,FALSE,,FALSE,FALSE,FALSE,TRUE,FALSE,,FALSE,FALSE,FALSE,FALSE,FALSE,FALSE,FALSE,FALSE,,POINT (-73.9787312025627 40.7701071405918)
"-7,396,714,191,195","4,077,586,024,869",14G-AM-1012-01,14G,AM,10122018,1,Adult,Cinnamon,Black,Cinnamon+Black,,Ground Plane,FALSE,,FALSE,FALSE,FALSE,FALSE,TRUE,,FALSE,FALSE,FALSE,FALSE,TRUE,FALSE,FALSE,TRUE,,POINT (-73.9671419119456 40.7758602486862)
"-7,395,420,748,143","40,795,432,224",39F-AM-1014-01,39F,AM,10142018,1,Adult,Gray,Cinnamon,Gray+Cinnamon,,Ground Plane,FALSE,,TRUE,FALSE,FALSE,FALSE,TRUE,,FALSE,FALSE,FALSE,FALSE,FALSE,FALSE,FALSE,FALSE,,POINT (-73.9542074814296 40.7954322240004)
"-7,395,433,737,035","4,079,438,890,871",38G-PM-1020-07,38G,PM,10202018,7,Adult,Gray,Cinnamon,Gray+Cinnamon,,Ground Plane,FALSE,,FALSE,TRUE,FALSE,FALSE,TRUE,,FALSE,TRUE,FALSE,TRUE,FALSE,FALSE,TRUE,FALSE,,POINT (-73.9543373703455 40.7943889087123)
"-7,397,018,081,225","4,077,446,327,309",12F-PM-1007-11,12F,PM,10072018,11,Adult,Gray,"Cinnamon, White","Gray+Cinnamon, White",,Ground Plane,FALSE,,FALSE,FALSE,FALSE,FALSE,TRUE,,FALSE,FALSE,FALSE,FALSE,FALSE,FALSE,TRUE,FALSE,,POINT (-73.9701808122548 40.7744632730919)
"-7,396,892,042,581","407,712,540,589",9I-AM-1014-01,09I,AM,10142018,1,Adult,Cinnamon,"Black, White","Cinnamon+Black, White","Black on body, White Belly, White tail",Ground Plane,FALSE,,FALSE,FALSE,FALSE,FALSE,TRUE,digging deeeep,FALSE,FALSE,FALSE,FALSE,FALSE,FALSE,TRUE,FALSE,,POINT (-73.9689204258063 40.7712540588951)
"-7,396,563,244,629","4,078,340,347,531",22E-PM-1014-02,22E,PM,10142018,2,Adult,Gray,,Gray+,,Above Ground,6,,FALSE,FALSE,TRUE,FALSE,FALSE,,FALSE,FALSE,FALSE,FALSE,FALSE,TRUE,FALSE,FALSE,,POINT (-73.9656324462902 40.7834034753081)
"-7,396,260,656,729","4,078,872,264,512",29D-AM-1014-03,29D,AM,10142018,3,Juvenile,Gray,,Gray+,,Above Ground,35,End of tree limb foraging,FALSE,FALSE,FALSE,FALSE,TRUE,,FALSE,FALSE,FALSE,FALSE,FALSE,FALSE,TRUE,FALSE,,POINT (-73.9626065672894 40.788722645116)
"-7,396,926,609,775","4,078,305,323,108",21B-PM-1017-01,21B,PM,10172018,1,Juvenile,Cinnamon,White,Cinnamon+White,,Ground Plane,FALSE,,FALSE,FALSE,FALSE,TRUE,FALSE,,FALSE,FALSE,FALSE,FALSE,FALSE,FALSE,FALSE,FALSE,paused to look at me,POINT (-73.9692660977515 40.7830532310766)
"-7,397,152,512,357","4,077,036,853,598",7G-PM-1018-06,07G,PM,10182018,6,Adult,Gray,Cinnamon,Gray+Cinnamon,,Ground Plane,FALSE,,FALSE,FALSE,FALSE,FALSE,TRUE,grooming,FALSE,FALSE,FALSE,FALSE,FALSE,FALSE,FALSE,FALSE,,POINT (-73.971525123573 40.7703685359842)
"-7,395,516,398,475","4,079,085,819,989",34H-PM-1006-03,34H,PM,10062018,3,,Gray,White,Gray+White,white belly,Ground Plane,FALSE,Under Tupelo Tree,FALSE,FALSE,FALSE,TRUE,FALSE,,FALSE,FALSE,FALSE,FALSE,TRUE,FALSE,FALSE,FALSE,,POINT (-73.9551639847466 40.790858199891)
"-7,397,518,067,272","4,076,719,403,323",3F-PM-1013-05,03F,PM,10132018,5,Adult,Gray,White,Gray+White,,Above Ground,13,,TRUE,FALSE,FALSE,FALSE,FALSE,,FALSE,FALSE,FALSE,FALSE,FALSE,FALSE,FALSE,TRUE,,POINT (-73.97518067271972 40.7671940332258)
"-7,396,410,881,726","4,078,865,551,842",28C-AM-1014-01,28C,AM,10142018,1,Adult,Black,,Black+,,Ground Plane,FALSE,,TRUE,FALSE,FALSE,FALSE,FALSE,,FALSE,FALSE,FALSE,FALSE,FALSE,FALSE,TRUE,FALSE,,POINT (-73.9641088172632 40.7886555184212)
"-7,397,698,851,893","4,077,089,361,734",5C-PM-1010-06,05C,PM,10102018,6,Adult,Gray,Cinnamon,Gray+Cinnamon,,Ground Plane,FALSE,,FALSE,FALSE,FALSE,TRUE,TRUE,,FALSE,FALSE,FALSE,FALSE,FALSE,FALSE,FALSE,FALSE,,POINT (-73.9769885189342 40.7708936173356)
"-7,396,379,835,138","4,078,287,125,164",23F-PM-1013-04,23F,PM,10132018,4,Adult,Gray,"Cinnamon, White","Gray+Cinnamon, White","Gray & Cinnamon selected as Primary: ""much browner, like 1/2 & 1/2"".",Ground Plane,FALSE,,FALSE,FALSE,FALSE,FALSE,TRUE,,FALSE,FALSE,FALSE,FALSE,TRUE,FALSE,TRUE,FALSE,indifferent (busy foraging),POINT (-73.9637983513789 40.7828712516396)
"-7,397,353,836,029","4,077,231,247,039",8D-AM-1007-01,08D,AM,10072018,1,Adult,Gray,Cinnamon,Gray+Cinnamon,,Ground Plane,FALSE,,FALSE,FALSE,FALSE,FALSE,TRUE,,FALSE,FALSE,FALSE,FALSE,FALSE,FALSE,TRUE,FALSE,acknowledged me though,POINT (-73.9735383602914 40.7723124703937)
"-739,677,368,646","4,078,215,509,648",20C-PM-1018-06,20C,PM,10182018,6,Juvenile,Gray,,Gray+,,Ground Plane,FALSE,,TRUE,FALSE,FALSE,FALSE,FALSE,,FALSE,FALSE,FALSE,FALSE,FALSE,TRUE,FALSE,FALSE,,POINT (-73.96773686460392 40.782155096483706)
"-739,625,932,665","4,078,853,794,773",29D-AM-1014-01,29D,AM,10142018,1,Adult,Black,,Black+,,Ground Plane,FALSE,,FALSE,FALSE,FALSE,FALSE,TRUE,,FALSE,FALSE,FALSE,FALSE,FALSE,FALSE,TRUE,FALSE,,POINT (-73.9625932664956 40.7885379477349)
"-7,397,054,094,463","4,077,646,080,877",14E-PM-1017-03,14E,PM,10172018,3,Adult,Gray,White,Gray+White,,Ground Plane,FALSE,,FALSE,FALSE,FALSE,TRUE,FALSE,,FALSE,FALSE,FALSE,FALSE,FALSE,FALSE,FALSE,FALSE,,POINT (-73.9705409446299 40.7764608087703)
"-7,396,971,093,983","4,077,762,182,608",15E-PM-1008-06,15E,PM,10082018,6,Adult,Gray,,Gray+,,Ground Plane,FALSE,,FALSE,FALSE,FALSE,TRUE,TRUE,burying,FALSE,FALSE,FALSE,FALSE,FALSE,FALSE,TRUE,FALSE,,POINT (-73.9697109398302 40.7776218260789)
"-7,397,896,879,059","4,076,926,931,393",3B-PM-1007-04,03B,PM,10072018,4,Juvenile,Gray,"Cinnamon, White","Gray+Cinnamon, White",,Above Ground,4,At fence,TRUE,FALSE,TRUE,TRUE,FALSE,,FALSE,FALSE,FALSE,FALSE,TRUE,FALSE,TRUE,TRUE,,POINT (-73.9789687905912 40.7692693139328)
"-7,398,108,436,111","4,076,879,054,937",2A-PM-1019-05,02A,PM,10192018,5,?,Gray,,Gray+,,Above Ground,50,in tall planetree,TRUE,FALSE,FALSE,FALSE,FALSE,,FALSE,FALSE,FALSE,FALSE,FALSE,FALSE,FALSE,FALSE,,POINT (-73.9810843611086 40.7687905493699)
"-7,397,617,996,993","4,077,421,340,993",9B-AM-1010-07,09B,AM,10102018,7,Adult,Gray,White,Gray+White,,Ground Plane,FALSE,,FALSE,FALSE,FALSE,FALSE,TRUE,,FALSE,FALSE,FALSE,FALSE,FALSE,FALSE,TRUE,FALSE,,POINT (-73.9761799699276 40.774213409933)
"-7,397,678,351,601","4,076,740,303,305",2E-PM-1014-04,02E,PM,10142018,4,Adult,Cinnamon,White,Cinnamon+White,,Above Ground,15,,FALSE,FALSE,TRUE,FALSE,FALSE,,FALSE,FALSE,FALSE,FALSE,FALSE,FALSE,FALSE,TRUE,,POINT (-73.9767835160078 40.7674030330482)
"-739,700,634,278","4,077,842,237,225",16D-PM-1010-07,16D,PM,10102018,7,Adult,Gray,,Gray+,,Ground Plane,FALSE,,FALSE,TRUE,FALSE,FALSE,FALSE,,FALSE,FALSE,FALSE,FALSE,FALSE,FALSE,TRUE,FALSE,,POINT (-73.9700634278 40.7784223722453)
"-7,397,526,738,844","4,076,626,424,138",2G-AM-1010-04,02G,AM,10102018,4,Adult,Gray,,Gray+,,Ground Plane,FALSE,,FALSE,FALSE,FALSE,TRUE,FALSE,,FALSE,FALSE,FALSE,FALSE,FALSE,FALSE,TRUE,FALSE,,POINT (-73.9752673884392 40.7662642413761)
"-7,395,634,733,417","4,078,937,123,984",32H-PM-1006-03,32H,PM,10062018,3,Adult,Gray,White,Gray+White,,Ground Plane,FALSE,,TRUE,FALSE,FALSE,FALSE,TRUE,,FALSE,FALSE,FALSE,FALSE,TRUE,TRUE,FALSE,TRUE,,POINT (-73.9563473341712 40.78937123984251)
"-7,397,917,671,563","4,077,144,452,588",5A-AM-1006-02,05A,AM,10062018,2,Juvenile,Gray,Cinnamon,Gray+Cinnamon,,Above Ground,12,in tall shrubs near wall next to CPW,FALSE,FALSE,TRUE,TRUE,FALSE,,FALSE,FALSE,FALSE,FALSE,FALSE,FALSE,TRUE,FALSE,,POINT (-73.9791767156268 40.7714445258765)
"-7,397,637,224,338","4,077,441,214,309",9A-AM-1013-07,09A,AM,10132018,7,Adult,,,+,,,,,FALSE,FALSE,FALSE,FALSE,FALSE,,FALSE,FALSE,FALSE,FALSE,FALSE,FALSE,FALSE,TRUE,,POINT (-73.9763722433833 40.7744121430891)
"-7,397,291,050,023","4,076,727,580,371",4H-PM-1006-02,04H,PM,10062018,2,Adult,Gray,"Cinnamon, White","Gray+Cinnamon, White",,Ground Plane,FALSE,,TRUE,FALSE,FALSE,TRUE,TRUE,,FALSE,FALSE,FALSE,FALSE,FALSE,FALSE,TRUE,FALSE,,POINT (-73.9729105002306 40.7672758037086)
"-7,396,838,837,501","4,077,543,443,968",13G-PM-1008-01,13G,PM,10082018,1,Juvenile,Gray,,Gray+,,Above Ground,20,willow oak tree,FALSE,FALSE,FALSE,FALSE,TRUE,,FALSE,FALSE,FALSE,FALSE,FALSE,FALSE,TRUE,FALSE,,POINT (-73.9683883750097 40.7754344396847)
"-7,397,653,069,703","4,076,949,568,759",4D-PM-1008-09,04D,PM,10082018,9,Adult,Cinnamon,"Gray, White","Cinnamon+Gray, White",,,,,FALSE,FALSE,FALSE,FALSE,TRUE,,FALSE,FALSE,FALSE,FALSE,FALSE,FALSE,TRUE,FALSE,,POINT (-73.9765306970303 40.7694956875859)
"-739,647,845,656","4,078,165,738,087",21F-AM-1018-07,21F,AM,10182018,7,Adult,Cinnamon,Gray,Cinnamon+Gray,,Ground Plane,FALSE,,TRUE,FALSE,FALSE,FALSE,FALSE,,FALSE,FALSE,FALSE,FALSE,TRUE,FALSE,FALSE,TRUE,,POINT (-73.9647845655965 40.7816573808695)
"-7,396,868,007,849","4,077,667,390,291",15F-AM-1007-03,15F,AM,10072018,3,Adult,Gray,Cinnamon,Gray+Cinnamon,"Listed as primary white with cinnamon highlights, I changed to Gray/cinnamon - JO",Ground Plane,FALSE,,FALSE,FALSE,FALSE,FALSE,TRUE,,FALSE,FALSE,FALSE,FALSE,FALSE,FALSE,TRUE,FALSE,,POINT (-73.9686800784941 40.7766739029138)
"-7,396,735,549,353","4,078,275,272,496",21C-AM-1014-04,21C,AM,10142018,4,Adult,,,+,"High in tree, unable to tell",Above Ground,60,,FALSE,FALSE,TRUE,FALSE,FALSE,,FALSE,FALSE,FALSE,TRUE,FALSE,FALSE,TRUE,FALSE,,POINT (-73.96735549352582 40.7827527249594)
"-7,395,936,242,594","4,079,055,223,568",32E-AM-1007-02,32E,AM,10072018,2,Adult,Gray,,Gray+,,Above Ground,40,,FALSE,FALSE,TRUE,FALSE,TRUE,,FALSE,FALSE,FALSE,FALSE,FALSE,FALSE,TRUE,FALSE,,POINT (-73.9593624259363 40.7905522356793)
"-7,397,237,364,946","4,076,695,013,433",4H-AM-1006-01,04H,AM,10062018,1,Adult,Gray,Cinnamon,Gray+Cinnamon,,Ground Plane,FALSE,,FALSE,FALSE,FALSE,FALSE,TRUE,,FALSE,FALSE,FALSE,FALSE,FALSE,FALSE,TRUE,FALSE,,POINT (-73.9723736494597 40.7669501343297)
"-7,397,428,475,527","407,731,740,123",9D-AM-1008-02,09D,AM,10082018,2,Adult,Gray,,Gray+,,Ground Plane,FALSE,,FALSE,FALSE,FALSE,FALSE,TRUE,,FALSE,FALSE,FALSE,FALSE,FALSE,FALSE,TRUE,FALSE,,POINT (-73.9742847552668 40.7731740123046)
"-7,397,121,878,907","4,077,506,401,731",12E-PM-1018-01,12E,PM,10182018,1,Juvenile,Cinnamon,White,Cinnamon+White,,Ground Plane,FALSE,,TRUE,FALSE,TRUE,FALSE,FALSE,,TRUE,FALSE,FALSE,TRUE,FALSE,FALSE,FALSE,TRUE,,POINT (-73.9712187890707 40.7750640173134)
"-739,541,056,052","4,079,398,639,232",37G-PM-1007-06,37G,PM,10072018,6,Adult,Gray,,Gray+,,Ground Plane,FALSE,,FALSE,FALSE,FALSE,FALSE,FALSE,,FALSE,FALSE,FALSE,FALSE,FALSE,FALSE,FALSE,FALSE,,POINT (-73.9541056052047 40.7939863923231)
"-7,396,310,890,114","4,078,919,194,688",29C-PM-1006-02,29C,PM,10062018,2,Adult,Gray,Cinnamon,Gray+Cinnamon,,Ground Plane,FALSE,,FALSE,TRUE,FALSE,FALSE,FALSE,,FALSE,FALSE,FALSE,FALSE,FALSE,FALSE,FALSE,FALSE,,POINT (-73.9631089011412 40.789191946875)
"-7,395,769,134,927","4,079,942,160,614",41B-AM-1010-11,41B,AM,10102018,11,Adult,Gray,Cinnamon,Gray+Cinnamon,,,,,FALSE,FALSE,FALSE,TRUE,FALSE,eating a mushroom!,FALSE,FALSE,FALSE,FALSE,FALSE,FALSE,TRUE,FALSE,,POINT (-73.9576913492669 40.7994216061391)
"-73,975,382,564","4,076,716,620,139",3F-PM-1013-04,03F,PM,10132018,4,Adult,Gray,Cinnamon,Gray+Cinnamon,,Ground Plane,FALSE,,FALSE,FALSE,FALSE,FALSE,TRUE,,FALSE,FALSE,FALSE,FALSE,FALSE,FALSE,TRUE,FALSE,,POINT (-73.9753825640019 40.7671662013861)
"-7,396,826,273,821","4,077,307,667,435",11H-AM-1010-09,11H,AM,10102018,9,Adult,Cinnamon,Gray,Cinnamon+Gray,,Ground Plane,FALSE,,TRUE,FALSE,FALSE,FALSE,FALSE,,FALSE,FALSE,FALSE,FALSE,FALSE,FALSE,FALSE,FALSE,,POINT (-73.9682627382073 40.7730766743452)
"-7,398,029,831,383","4,076,765,407,723",1B-PM-1019-05,01B,PM,10192018,5,Adult,Gray,White,Gray+White,,Ground Plane,FALSE,,FALSE,FALSE,FALSE,TRUE,FALSE,,FALSE,FALSE,FALSE,FALSE,FALSE,FALSE,TRUE,FALSE,,POINT (-73.9802983138318 40.7676540772339)
"-7,396,976,658,301","4,077,590,949,171",13E-PM-1008-08,13E,PM,10082018,8,Juvenile,Cinnamon,"Black, White","Cinnamon+Black, White",,Ground Plane,FALSE,,FALSE,FALSE,FALSE,TRUE,FALSE,,FALSE,FALSE,FALSE,FALSE,TRUE,FALSE,TRUE,FALSE,,POINT (-73.9697665830132 40.7759094917104)
"-7,395,331,015,441","4,079,386,342,802",38H-AM-1019-01,38H,AM,10192018,1,Adult,Cinnamon,Gray,Cinnamon+Gray,,Ground Plane,FALSE,,FALSE,FALSE,FALSE,TRUE,TRUE,,FALSE,FALSE,FALSE,FALSE,FALSE,FALSE,TRUE,FALSE,,POINT (-73.9533101544112 40.7938634280159)
"-7,395,766,520,873","4,078,754,579,778",29H-PM-1006-02,29H,PM,10062018,2,Adult,Gray,,Gray+,,Above Ground,2,,TRUE,FALSE,TRUE,FALSE,FALSE,,FALSE,FALSE,FALSE,FALSE,TRUE,FALSE,FALSE,TRUE,,POINT (-73.9576652087316 40.7875457977801)
"-7,395,760,944,325","4,079,653,426,641",38C-PM-1014-07,38C,PM,10142018,7,Adult,Gray,White,Gray+White,,Ground Plane,FALSE,,FALSE,FALSE,TRUE,TRUE,FALSE,,FALSE,FALSE,FALSE,FALSE,FALSE,FALSE,TRUE,FALSE,,POINT (-73.9576094432477 40.7965342664074)
"-7,397,116,343,407","4,077,605,533,387",13D-AM-1014-05,13D,AM,10142018,5,Adult,Gray,White,Gray+White,,Ground Plane,FALSE,,FALSE,TRUE,FALSE,TRUE,TRUE,,FALSE,FALSE,FALSE,FALSE,FALSE,FALSE,TRUE,FALSE,,POINT (-73.9711634340673 40.7760553338671)
"-7,397,142,988,804","4,077,410,578,689",11E-PM-1012-02,11E,PM,10122018,2,Adult,Gray,"Cinnamon, White","Gray+Cinnamon, White",,Ground Plane,FALSE,,FALSE,FALSE,FALSE,FALSE,TRUE,,FALSE,FALSE,FALSE,FALSE,FALSE,FALSE,TRUE,FALSE,,POINT (-73.9714298880357 40.77410578689)
"-7,396,182,136,447","4,079,276,488,197",33B-AM-1010-02,33B,AM,10102018,2,Adult,Gray,,Gray+,,Ground Plane,FALSE,,TRUE,FALSE,FALSE,FALSE,FALSE,,FALSE,FALSE,FALSE,FALSE,FALSE,FALSE,FALSE,TRUE,,POINT (-73.96182136446711 40.7927648819738)
"-7,397,650,279,536","4,077,173,273,608",7C-AM-1012-02,07C,AM,10122018,2,Adult,Gray,Cinnamon,Gray+Cinnamon,,Ground Plane,FALSE,,TRUE,FALSE,FALSE,FALSE,TRUE,hopping around,FALSE,FALSE,FALSE,FALSE,FALSE,FALSE,TRUE,FALSE,,POINT (-73.9765027953575 40.7717327360835)
"-7,396,867,562,549","4,077,774,591,027",16E-AM-1014-04,16E,AM,10142018,4,Adult,Gray,Cinnamon,Gray+Cinnamon,,Ground Plane,FALSE,,FALSE,TRUE,FALSE,FALSE,FALSE,,FALSE,FALSE,FALSE,FALSE,FALSE,FALSE,FALSE,TRUE,,POINT (-73.9686756254868 40.7777459102651)
"-739,614,659,899","4,079,455,629,076",35A-PM-1013-10,35A,PM,10132018,10,Adult,Gray,Cinnamon,Gray+Cinnamon,,Ground Plane,FALSE,,TRUE,FALSE,FALSE,FALSE,FALSE,,FALSE,FALSE,FALSE,FALSE,FALSE,FALSE,FALSE,TRUE,,POINT (-73.9614659899028 40.7945562907624)
"-7,397,568,897,661","4,076,760,783,086",3F-AM-1006-14,03F,AM,10062018,14,Adult,Gray,White,Gray+White,,Above Ground,12,,TRUE,FALSE,TRUE,FALSE,FALSE,running from dog,FALSE,FALSE,FALSE,FALSE,FALSE,FALSE,FALSE,TRUE,,POINT (-73.9756889766089 40.7676078308589)
"-739,632,096,393","4,079,261,384,437",32A-PM-1013-07,32A,PM,10132018,7,Adult,Gray,Cinnamon,Gray+Cinnamon,,Ground Plane,FALSE,,FALSE,TRUE,FALSE,FALSE,FALSE,,FALSE,FALSE,FALSE,FALSE,FALSE,FALSE,TRUE,FALSE,,POINT (-73.963209639301 40.7926138443715)
"-7,396,591,181,894","4,077,657,399,285",15H-AM-1013-02,15H,AM,10132018,2,Adult,Gray,,Gray+,,Above Ground,15,,FALSE,FALSE,TRUE,FALSE,FALSE,,FALSE,FALSE,FALSE,FALSE,FALSE,FALSE,TRUE,FALSE,,POINT (-73.9659118189359 40.7765739928504)
"-7,395,516,252,723","4,079,119,307,192",34H-PM-1006-06,34H,PM,10062018,6,Adult,Gray,,Gray+,,Ground Plane,FALSE,in grass,TRUE,FALSE,FALSE,FALSE,FALSE,,FALSE,FALSE,FALSE,FALSE,FALSE,FALSE,FALSE,FALSE,,POINT (-73.9551625272308 40.791193071916)
"-7,397,473,113,124","407,677,319,725",3F-PM-1013-06,03F,PM,10132018,6,Adult,Gray,White,Gray+White,,Above Ground,19,,FALSE,FALSE,TRUE,FALSE,FALSE,,FALSE,TRUE,FALSE,FALSE,FALSE,FALSE,FALSE,TRUE,,POINT (-73.97473113123941 40.7677319725044)
"-7,398,093,422,906","4,076,872,656,062",2A-AM-1010-05,02A,AM,10102018,5,Adult,Gray,White,Gray+White,,Ground Plane,FALSE,base of tree with ~ 30 small birds all eating,FALSE,FALSE,FALSE,TRUE,TRUE,,FALSE,FALSE,FALSE,FALSE,TRUE,TRUE,TRUE,FALSE,,POINT (-73.9809342290598 40.7687265606227)
"-7,395,964,458,616","407,971,948,679",38A-PM-1013-05,38A,PM,10132018,5,Adult,Black,,Black+,,Ground Plane,FALSE,,FALSE,FALSE,FALSE,FALSE,TRUE,,FALSE,FALSE,FALSE,FALSE,FALSE,FALSE,FALSE,TRUE,,POINT (-73.9596445861554 40.7971948679007)
"-739,681,664,642","407,724,669,682",11I-PM-1012-02,11I,PM,10122018,2,Adult,Gray,,Gray+,,Above Ground,4,,TRUE,FALSE,TRUE,FALSE,TRUE,,FALSE,FALSE,FALSE,FALSE,FALSE,FALSE,FALSE,TRUE,runs away from the ball,POINT (-73.9681664642028 40.7724669681958)
"-7,395,503,500,969","4,079,769,421,871",41E-PM-1013-02,41E,PM,10132018,2,Adult,Gray,White,Gray+White,,Ground Plane,FALSE,,FALSE,FALSE,FALSE,FALSE,TRUE,,FALSE,FALSE,FALSE,FALSE,FALSE,FALSE,FALSE,FALSE,,POINT (-73.9550350096938 40.797694218705004)
"-7,396,159,260,313","4,079,442,232,354",35B-PM-1013-05,35B,PM,10132018,5,Adult,Gray,,Gray+,,Ground Plane,FALSE,,TRUE,FALSE,TRUE,FALSE,FALSE,chased by dog #2,TRUE,FALSE,FALSE,FALSE,FALSE,FALSE,FALSE,TRUE,runs from (dog),POINT (-73.96159260312531 40.7944223235385)
"-739,754,536,566","4,076,986,049,188",5E-PM-1012-04,05E,PM,10122018,4,Adult,Gray,"Cinnamon, White","Gray+Cinnamon, White",,Ground Plane,FALSE,,TRUE,FALSE,FALSE,FALSE,FALSE,,FALSE,FALSE,FALSE,TRUE,FALSE,FALSE,FALSE,TRUE,,POINT (-73.9754536566013 40.7698604918771)
"-7,397,111,200,795","4,077,608,019,118",13D-PM-1018-14,13D,PM,10182018,14,Adult,Cinnamon,Gray,Cinnamon+Gray,,Ground Plane,FALSE,,TRUE,FALSE,TRUE,FALSE,FALSE,climbing (down),FALSE,FALSE,FALSE,FALSE,FALSE,FALSE,TRUE,FALSE,,POINT (-73.9711120079542 40.7760801911766)
"-7,396,640,543,278","4,077,561,808,933",14H-PM-1012-07,14H,PM,10122018,7,Adult,Gray,Cinnamon,Gray+Cinnamon,,Ground Plane,FALSE,,FALSE,FALSE,FALSE,TRUE,TRUE,,FALSE,FALSE,FALSE,FALSE,FALSE,FALSE,TRUE,FALSE,,POINT (-73.9664054327771 40.7756180893318)
"-7,397,506,180,081","4,077,375,211,671",9B-AM-1010-05,09B,AM,10102018,5,Adult,Gray,White,Gray+White,,Ground Plane,FALSE,,FALSE,FALSE,FALSE,FALSE,TRUE,,FALSE,FALSE,FALSE,FALSE,TRUE,FALSE,TRUE,FALSE,,POINT (-73.9750618008099 40.7737521167094)
"-739,643,507,588","4,079,043,246,933",30B-PM-1019-07,30B,PM,10192018,7,Adult,Gray,"Black, Cinnamon, White","Gray+Black, Cinnamon, White",,Ground Plane,FALSE,,FALSE,FALSE,FALSE,TRUE,TRUE,,FALSE,FALSE,FALSE,FALSE,FALSE,FALSE,FALSE,TRUE,,POINT (-73.96435075880082 40.7904324693292)
"-7,396,003,570,184","4,079,065,397,669",32E-AM-1007-08,32E,AM,10072018,8,Adult,Gray,,Gray+,,Above Ground,65,tree top,FALSE,FALSE,TRUE,FALSE,FALSE,,FALSE,FALSE,FALSE,FALSE,FALSE,FALSE,FALSE,FALSE,,POINT (-73.9600357018376 40.7906539766881)
"-7,397,785,788,223","4,077,054,327,053",5B-PM-1013-03,05B,PM,10132018,3,Adult,Gray,,Gray+,,Ground Plane,FALSE,,FALSE,FALSE,FALSE,FALSE,TRUE,grooming,FALSE,FALSE,FALSE,FALSE,FALSE,FALSE,FALSE,FALSE,,POINT (-73.9778578822323 40.7705432705286)
"-7,395,874,397,565","4,078,490,061,074",27I-AM-1007-04,27I,AM,10072018,4,Adult,Gray,Cinnamon,Gray+Cinnamon,,Ground Plane,FALSE,,FALSE,FALSE,FALSE,FALSE,TRUE,,FALSE,FALSE,FALSE,FALSE,FALSE,FALSE,TRUE,TRUE,,POINT (-73.9587439756541 40.7849006107353)
"-7,395,652,309,636","4,079,855,638,771",41C-PM-1007-02,41C,PM,10072018,2,Adult,Gray,"Cinnamon, White","Gray+Cinnamon, White",,Ground Plane,FALSE,,TRUE,FALSE,TRUE,FALSE,FALSE,,FALSE,FALSE,FALSE,FALSE,FALSE,FALSE,FALSE,FALSE,,POINT (-73.9565230963554 40.798556387711)
"-7,395,560,836,957","4,079,652,237,095",39E-AM-1018-02,39E,AM,10182018,2,Adult,Gray,,Gray+,,Ground Plane,FALSE,,FALSE,FALSE,FALSE,FALSE,TRUE,,FALSE,FALSE,FALSE,FALSE,FALSE,FALSE,TRUE,FALSE,,POINT (-73.9556083695689 40.7965223709493)
"-7,397,535,851,576","4,076,983,986,079",5E-AM-1008-07,05E,AM,10082018,7,Adult,Gray,Cinnamon,Gray+Cinnamon,,Above Ground,1,on fence,FALSE,FALSE,FALSE,FALSE,TRUE,,FALSE,FALSE,FALSE,FALSE,FALSE,FALSE,TRUE,FALSE,,POINT (-73.9753585157592 40.7698398607941)
"-7,395,860,756,697","4,079,836,955,056",40B-PM-1014-04,40B,PM,10142018,4,Adult,Gray,Cinnamon,Gray+Cinnamon,,Ground Plane,FALSE,,FALSE,FALSE,FALSE,FALSE,TRUE,,FALSE,FALSE,FALSE,FALSE,FALSE,FALSE,TRUE,FALSE,,POINT (-73.958607566971 40.7983695505584)
"-7,395,525,955,648","4,078,895,330,295",32I-PM-1007-01,32I,PM,10072018,1,Adult,Gray,Cinnamon,Gray+Cinnamon,,Ground Plane,FALSE,,FALSE,FALSE,TRUE,TRUE,TRUE,chirps,FALSE,FALSE,FALSE,FALSE,TRUE,FALSE,TRUE,FALSE,,POINT (-73.9552595564798 40.7889533029466)
"-7,396,511,329,041","4,079,053,841,241",29A-PM-1019-02,29A,PM,10192018,2,Adult,Gray,Cinnamon,Gray+Cinnamon,,Ground Plane,FALSE,,FALSE,FALSE,FALSE,FALSE,TRUE,,FALSE,FALSE,FALSE,FALSE,FALSE,FALSE,TRUE,FALSE,,POINT (-73.9651132904127 40.7905384124102)
"-7,395,319,535,949","4,079,604,135,201",40G-PM-1013-01,40G,PM,10132018,1,Adult,Gray,,Gray+,,Ground Plane,FALSE,,TRUE,FALSE,FALSE,TRUE,FALSE,,FALSE,FALSE,FALSE,FALSE,FALSE,TRUE,FALSE,FALSE,,POINT (-73.9531953594918 40.7960413520131)
"-7,395,309,205,326","4,079,822,569,302",42F-PM-1017-03,42F,PM,10172018,3,,Gray,Cinnamon,Gray+Cinnamon,,,,,TRUE,FALSE,FALSE,FALSE,FALSE,,FALSE,FALSE,FALSE,FALSE,FALSE,FALSE,TRUE,FALSE,,POINT (-73.953092053256 40.7982256930243)
"-7,397,726,912,102","407,690,960,713",4D-PM-1008-13,04D,PM,10082018,13,Adult,Cinnamon,"Gray, White","Cinnamon+Gray, White",,Ground Plane,FALSE,,FALSE,FALSE,FALSE,FALSE,TRUE,,FALSE,FALSE,FALSE,FALSE,FALSE,FALSE,TRUE,FALSE,,POINT (-73.9772691210241 40.7690960712994)
"-7,395,076,996,671","4,079,551,660,396",40I-AM-1018-02,40I,AM,10182018,2,Adult,Cinnamon,,Cinnamon+,,Ground Plane,FALSE,,TRUE,FALSE,FALSE,FALSE,TRUE,,FALSE,FALSE,FALSE,FALSE,FALSE,FALSE,TRUE,FALSE,,POINT (-73.9507699667119 40.795516603955505)
"-7,396,722,521,368","4,078,765,047,432",26A-PM-1006-04,26A,PM,10062018,4,Adult,Gray,,Gray+,,Above Ground,40,,FALSE,TRUE,FALSE,FALSE,FALSE,,FALSE,FALSE,FALSE,FALSE,TRUE,FALSE,FALSE,FALSE,,POINT (-73.9672252136807 40.7876504743212)
"-7,395,321,635,352","4,079,829,703,131",42F-PM-1017-04,42F,PM,10172018,4,,Gray,,Gray+,,,,,TRUE,FALSE,FALSE,FALSE,FALSE,,FALSE,FALSE,FALSE,FALSE,FALSE,FALSE,TRUE,FALSE,,POINT (-73.9532163535175 40.7982970313067)
"-7,396,932,629,522","4,078,326,041,108",21B-AM-1019-01,21B,AM,10192018,1,Juvenile,Gray,,Gray+,,Ground Plane,FALSE,,FALSE,FALSE,FALSE,FALSE,TRUE,,FALSE,FALSE,FALSE,FALSE,FALSE,FALSE,TRUE,FALSE,,POINT (-73.9693262952166 40.783260411082)
"-7,395,792,923,401","407,976,287,835",39C-PM-1006-04,39C,PM,10062018,4,Adult,Gray,White,Gray+White,,Ground Plane,FALSE,,FALSE,FALSE,FALSE,FALSE,TRUE,,FALSE,FALSE,FALSE,FALSE,FALSE,FALSE,TRUE,FALSE,,POINT (-73.9579292340076 40.7976287835027)
"-7,397,147,871,782","4,077,980,494,707",16B-PM-1017-01,16B,PM,10172018,1,Adult,Gray,White,Gray+White,,Ground Plane,FALSE,,FALSE,FALSE,FALSE,TRUE,TRUE,,FALSE,FALSE,FALSE,FALSE,FALSE,FALSE,TRUE,FALSE,,POINT (-73.9714787178201 40.7798049470745)
"-7,395,788,409,412","4,079,555,862,324",37D-PM-1014-06,37D,PM,10142018,6,Adult,Gray,,Gray+,,Above Ground,25,,FALSE,FALSE,TRUE,FALSE,TRUE,,FALSE,FALSE,FALSE,FALSE,FALSE,FALSE,FALSE,FALSE,,POINT (-73.9578840941242 40.7955586232429)
"-7,397,650,164,137","407,740,672,863",9A-AM-1013-06,09A,AM,10132018,6,Juvenile,Gray,Cinnamon,Gray+Cinnamon,,Ground Plane,FALSE,,FALSE,TRUE,FALSE,TRUE,FALSE,,FALSE,FALSE,FALSE,FALSE,FALSE,FALSE,TRUE,FALSE,,POINT (-73.9765016413674 40.7740672862953)
"-739,661,570,478","4,078,072,715,188",20E-AM-1014-02,20E,AM,10142018,2,Adult,Gray,Cinnamon,Gray+Cinnamon,,Ground Plane,FALSE,,FALSE,FALSE,FALSE,TRUE,TRUE,,FALSE,FALSE,FALSE,FALSE,FALSE,FALSE,TRUE,FALSE,,POINT (-73.9661570478029 40.7807271518813)
"-7,395,683,783,303","4,078,803,178,028",30I-PM-1006-04,30I,PM,10062018,4,Adult,Gray,Cinnamon,Gray+Cinnamon,,Ground Plane,FALSE,,FALSE,FALSE,TRUE,FALSE,FALSE,,FALSE,FALSE,FALSE,FALSE,FALSE,FALSE,FALSE,TRUE,,POINT (-73.9568378330302 40.7880317802766)
"-7,397,159,771,705","4,077,421,726,506",11E-AM-1013-03,11E,AM,10132018,3,Adult,Gray,,Gray+,,Ground Plane,FALSE,,FALSE,FALSE,FALSE,FALSE,TRUE,burying,FALSE,FALSE,FALSE,FALSE,FALSE,FALSE,TRUE,FALSE,,POINT (-73.9715977170548 40.774217265062205)
"-739,709,912,561","4,077,589,655,952",13D-AM-1014-01,13D,AM,10142018,1,Adult,Gray,"Cinnamon, White","Gray+Cinnamon, White",,Ground Plane,FALSE,,TRUE,FALSE,FALSE,FALSE,TRUE,,FALSE,FALSE,FALSE,FALSE,TRUE,FALSE,FALSE,TRUE,,POINT (-73.9709912560997 40.7758965595198)
"-7,397,448,474,469","4,076,924,227,444",5E-AM-1008-04,05E,AM,10082018,4,Adult,Gray,,Gray+,,Ground Plane,FALSE,,FALSE,FALSE,FALSE,FALSE,TRUE,,FALSE,FALSE,FALSE,FALSE,FALSE,FALSE,TRUE,FALSE,,POINT (-73.9744847446854 40.76924227444)
"-7,395,520,823,323","4,078,905,743,311",32I-PM-1007-02,32I,PM,10072018,2,Adult,,,+,,Above Ground,30,,FALSE,FALSE,TRUE,FALSE,FALSE,"different sound - happy,playful chirps",FALSE,FALSE,FALSE,FALSE,TRUE,FALSE,TRUE,FALSE,,POINT (-73.955208233231 40.7890574331084)
"-7,397,281,464,824","4,076,529,517,147",1I-PM-1012-03,01I,PM,10122018,3,Adult,Gray,"Black, Cinnamon, White","Gray+Black, Cinnamon, White","Gray, Black, & Cinnamon selected as Primary. Gray, Black, & White selected as Highlights. Made executive adjustments.",Ground Plane,FALSE,,FALSE,FALSE,FALSE,TRUE,FALSE,,FALSE,FALSE,FALSE,TRUE,FALSE,FALSE,FALSE,TRUE,,POINT (-73.97281464823851 40.765295171474506)
"-7,396,786,131,851","4,078,221,708,875",20C-PM-1018-03,20C,PM,10182018,3,Adult,Gray,,Gray+,,Ground Plane,FALSE,,FALSE,FALSE,FALSE,FALSE,TRUE,,FALSE,FALSE,FALSE,FALSE,FALSE,FALSE,FALSE,FALSE,,POINT (-73.9678613185071 40.7822170887526)
"-7,397,729,086,673","4,076,972,074,047",4C-AM-1006-05,04C,AM,10062018,5,Juvenile,Gray,White,Gray+White,,Above Ground,20,,FALSE,FALSE,TRUE,TRUE,TRUE,,FALSE,FALSE,FALSE,FALSE,FALSE,FALSE,TRUE,FALSE,,POINT (-73.9772908667333 40.7697207404744)
"-7,396,908,322,193","4,078,234,334,099",20B-PM-1013-06,20B,PM,10132018,6,Adult,Gray,White,Gray+White,,Ground Plane,FALSE,,FALSE,TRUE,FALSE,FALSE,FALSE,,FALSE,FALSE,FALSE,FALSE,TRUE,FALSE,TRUE,FALSE,,POINT (-73.96908322193221 40.782343340986)
"-7,397,516,155,278","4,076,701,387,151",3F-AM-1006-03,03F,AM,10062018,3,Adult,Gray,"Cinnamon, White","Gray+Cinnamon, White",Gray & Cinnamon selected as Primary. Cinnamon & White selected as Highlights. Made executive adjustments.,Ground Plane,FALSE,on the path,FALSE,FALSE,FALSE,FALSE,TRUE,,FALSE,FALSE,FALSE,FALSE,FALSE,TRUE,FALSE,FALSE,,POINT (-73.9751615527833 40.767013871509)
"-7,396,492,302,712","4,078,217,662,157",22F-PM-1014-02,22F,PM,10142018,2,Adult,Gray,Cinnamon,Gray+Cinnamon,,Ground Plane,FALSE,,FALSE,FALSE,FALSE,FALSE,TRUE,,FALSE,FALSE,FALSE,TRUE,FALSE,FALSE,TRUE,FALSE,,POINT (-73.9649230271173 40.7821766215675)
"-739,728,723,854","407,670,816,165",4H-PM-1006-01,04H,PM,10062018,1,Adult,Gray,"Cinnamon, White","Gray+Cinnamon, White",,Ground Plane,FALSE,,FALSE,FALSE,FALSE,TRUE,TRUE,,FALSE,FALSE,FALSE,FALSE,FALSE,FALSE,FALSE,FALSE,,POINT (-73.9728723853967 40.7670816164986)
"-7,397,869,409,459","4,076,908,202,769",3B-PM-1007-05,03B,PM,10072018,5,Juvenile,Gray,,Gray+,,Above Ground,6,on rock,FALSE,FALSE,TRUE,TRUE,FALSE,,FALSE,FALSE,FALSE,FALSE,FALSE,FALSE,TRUE,FALSE,,POINT (-73.9786940945874 40.7690820276888)
"-7,395,651,796,713","4,079,366,639,404",36F-PM-1012-03,36F,PM,10122018,3,,Gray,White,Gray+White,,Ground Plane,FALSE,,FALSE,FALSE,FALSE,FALSE,TRUE,,FALSE,FALSE,FALSE,FALSE,FALSE,FALSE,TRUE,FALSE,,POINT (-73.95651796713192 40.7936663940365)
"-7,397,201,023,611","4,076,921,439,303",6G-PM-1020-01,06G,PM,10202018,1,Adult,Gray,,Gray+,,Ground Plane,FALSE,,TRUE,TRUE,FALSE,FALSE,FALSE,,FALSE,FALSE,FALSE,FALSE,FALSE,FALSE,TRUE,FALSE,,POINT (-73.9720102361126 40.7692143930301)
"-7,396,746,671,615","4,078,243,465,483",21D-PM-1008-04,21D,PM,10082018,4,Juvenile,Gray,"Cinnamon, White","Gray+Cinnamon, White",,Above Ground,4,,FALSE,FALSE,FALSE,TRUE,FALSE,,FALSE,FALSE,FALSE,FALSE,FALSE,FALSE,FALSE,TRUE,i scared it,POINT (-73.967466716152 40.7824346548278)
"-7,396,982,463,699","4,077,114,727,945",9H-AM-1006-04,09H,AM,10062018,4,Adult,Gray,"Cinnamon, White","Gray+Cinnamon, White",,Ground Plane,FALSE,,FALSE,FALSE,FALSE,TRUE,FALSE,,FALSE,FALSE,FALSE,FALSE,FALSE,FALSE,TRUE,FALSE,,POINT (-73.9698246369929 40.7711472794488)
"-7,397,618,793","4,076,839,189,703",3E-PM-1008-01,03E,PM,10082018,1,Adult,Gray,,Gray+,,Above Ground,3,,FALSE,FALSE,TRUE,FALSE,TRUE,,FALSE,FALSE,FALSE,FALSE,FALSE,FALSE,TRUE,FALSE,,POINT (-73.9761879300037 40.7683918970301)
"-739,802,842,404","407,678,257,385",1B-PM-1019-03,01B,PM,10192018,3,Juvenile,Gray,White,Gray+White,,Above Ground,25,in tree,FALSE,TRUE,FALSE,FALSE,FALSE,,FALSE,FALSE,FALSE,FALSE,FALSE,FALSE,FALSE,FALSE,,POINT (-73.98028424040162 40.7678257384977)
"-7,397,440,253,834","4,077,772,966,058",13A-AM-1017-04,13A,AM,10172018,4,Adult,Gray,,Gray+,,,,,TRUE,FALSE,FALSE,FALSE,FALSE,,FALSE,FALSE,FALSE,FALSE,FALSE,FALSE,TRUE,FALSE,,POINT (-73.9744025383371 40.7777296605765)
"-7,396,937,014,181","407,840,721,192",22A-PM-1017-03,22A,PM,10172018,3,Juvenile,Gray,Cinnamon,Gray+Cinnamon,,Ground Plane,FALSE,,FALSE,FALSE,FALSE,TRUE,FALSE,,FALSE,FALSE,FALSE,FALSE,FALSE,FALSE,FALSE,FALSE,,POINT (-73.969370141813 40.7840721191988)
"-7,396,538,732,845","4,078,046,998,826",20F-PM-1007-11,20F,PM,10072018,11,Adult,Gray,White,Gray+White,,Above Ground,10,in tree,FALSE,FALSE,TRUE,FALSE,FALSE,,FALSE,FALSE,FALSE,FALSE,FALSE,FALSE,FALSE,FALSE,,POINT (-73.9653873284496 40.7804699882574)
"-7,396,308,223,854","4,079,148,449,899",31B-PM-1007-04,31B,PM,10072018,4,Juvenile,Gray,,Gray+,,,,,FALSE,FALSE,FALSE,TRUE,FALSE,,FALSE,FALSE,FALSE,FALSE,FALSE,FALSE,FALSE,FALSE,,POINT (-73.9630822385425 40.7914844989865)
"-7,395,384,757,412","4,079,647,942,196",40F-PM-1006-02,40F,PM,10062018,2,Adult,Gray,Cinnamon,Gray+Cinnamon,,Above Ground,6,,FALSE,FALSE,FALSE,FALSE,TRUE,,FALSE,FALSE,FALSE,FALSE,FALSE,FALSE,TRUE,FALSE,,POINT (-73.9538475741188 40.796479421955)
"-739,777,124,332","4,077,040,510,567",5B-AM-1008-03,05B,AM,10082018,3,Adult,Gray,Cinnamon,Gray+Cinnamon,,Ground Plane,FALSE,,TRUE,FALSE,FALSE,TRUE,TRUE,,FALSE,FALSE,FALSE,FALSE,FALSE,FALSE,TRUE,FALSE,,POINT (-73.9777124331985 40.7704051056666)
"-739,615,396,458","4,079,235,943,668",33C-AM-1012-01,33C,AM,10122018,1,Adult,Gray,Cinnamon,Gray+Cinnamon,Cinnamon along tail & back,Above Ground,20,tree branches,FALSE,TRUE,TRUE,FALSE,FALSE,,FALSE,FALSE,FALSE,FALSE,FALSE,FALSE,TRUE,FALSE,,POINT (-73.9615396457996 40.7923594366783)
"-7,395,506,847,411","4,079,117,881,529",34H-PM-1006-05,34H,PM,10062018,5,Adult,Gray,"Cinnamon, White","Gray+Cinnamon, White",white tail tip,Ground Plane,FALSE,in grass,TRUE,FALSE,FALSE,FALSE,TRUE,,FALSE,FALSE,FALSE,FALSE,FALSE,FALSE,FALSE,FALSE,,POINT (-73.955068474109 40.7911788152878)
"-7,395,974,536,643","4,078,913,821,537",30F-PM-1007-01,30F,PM,10072018,1,Adult,Gray,"Black, Cinnamon, White","Gray+Black, Cinnamon, White",,Above Ground,1,tree,FALSE,FALSE,TRUE,FALSE,FALSE,,FALSE,FALSE,FALSE,FALSE,TRUE,FALSE,FALSE,TRUE,,POINT (-73.9597453664295 40.7891382153733)
"-7,395,466,167,829","4,079,097,453,374",34I-PM-1010-05,34I,PM,10102018,5,Adult,Gray,,Gray+,,,,,FALSE,FALSE,FALSE,FALSE,TRUE,,FALSE,FALSE,FALSE,FALSE,TRUE,FALSE,FALSE,FALSE,,POINT (-73.9546616782922 40.790974533739)
"-7,395,589,957,377","4,079,600,977,346",39E-AM-1018-05,39E,AM,10182018,5,Adult,Gray,Cinnamon,Gray+Cinnamon,,Ground Plane,FALSE,,FALSE,FALSE,FALSE,FALSE,TRUE,,FALSE,FALSE,FALSE,TRUE,FALSE,FALSE,TRUE,FALSE,,POINT (-73.9558995737654 40.7960097734603)
"-7,397,300,272","4,077,980,008,688",16A-PM-1019-05,16A,PM,10192018,5,Adult,Gray,Cinnamon,Gray+Cinnamon,,Above Ground,20,,FALSE,FALSE,TRUE,FALSE,FALSE,,FALSE,FALSE,FALSE,FALSE,FALSE,FALSE,FALSE,FALSE,,POINT (-73.9730027200009 40.7798000868804)
"-7,396,972,078,056","4,077,411,056,888",12F-AM-1020-04,12F,AM,10202018,4,Adult,Cinnamon,Gray,Cinnamon+Gray,,Ground Plane,FALSE,,TRUE,FALSE,FALSE,TRUE,FALSE,,FALSE,FALSE,FALSE,FALSE,TRUE,FALSE,FALSE,FALSE,,POINT (-73.969720780557 40.7741105688757)
"-7,397,440,807,001","4,077,315,157,218",9C-PM-1006-07,09C,PM,10062018,7,Adult,Black,"Cinnamon, White","Black+Cinnamon, White",,Ground Plane,FALSE,on top of tarped sand pile,FALSE,FALSE,FALSE,TRUE,FALSE,,FALSE,FALSE,FALSE,FALSE,FALSE,FALSE,FALSE,TRUE,(me),POINT (-73.9744080700098 40.7731515721826)
"-7,397,265,982,569","4,077,078,624,462",7F-PM-1012-03,07F,PM,10122018,3,Adult,Gray,Cinnamon,Gray+Cinnamon,,Ground Plane,FALSE,,FALSE,FALSE,FALSE,FALSE,TRUE,digging,FALSE,FALSE,FALSE,FALSE,FALSE,FALSE,FALSE,TRUE,,POINT (-73.9726598256924 40.7707862446236)
"-7,395,416,290,633","4,079,342,593,016",37G-AM-1014-02,37G,AM,10142018,2,Adult,Gray,,Gray+,,Ground Plane,FALSE,,TRUE,FALSE,FALSE,FALSE,FALSE,ran away & disappeared,FALSE,FALSE,FALSE,FALSE,FALSE,FALSE,FALSE,FALSE,,POINT (-73.9541629063295 40.7934259301577)
"-7,395,658,123,379","4,079,021,276,908",33H-AM-1019-01,33H,AM,10192018,1,Adult,Cinnamon,Gray,Cinnamon+Gray,Cinnamon patches,Ground Plane,FALSE,,FALSE,FALSE,FALSE,FALSE,FALSE,wrestling with child,FALSE,FALSE,FALSE,FALSE,FALSE,FALSE,FALSE,FALSE,,POINT (-73.956581233786 40.79021276908371)
"-7,396,985,928,388","407,743,071,444",12F-AM-1020-03,12F,AM,10202018,3,Adult,Gray,Black,Gray+Black,,Ground Plane,FALSE,,FALSE,FALSE,FALSE,FALSE,FALSE,playing,FALSE,FALSE,FALSE,FALSE,TRUE,FALSE,FALSE,FALSE,,POINT (-73.9698592838836 40.7743071443959)
"-7,395,983,784,958","4,079,568,430,217",37B-AM-1018-04,37B,AM,10182018,4,Adult,Gray,,Gray+,,Ground Plane,FALSE,,FALSE,FALSE,FALSE,FALSE,TRUE,,FALSE,FALSE,FALSE,FALSE,TRUE,FALSE,FALSE,FALSE,,POINT (-73.9598378495787 40.7956843021662)
"-7,395,308,112,557","4,079,830,691,186",42F-AM-1019-02,42F,AM,10192018,2,Adult,Gray,White,Gray+White,,Ground Plane,FALSE,,FALSE,FALSE,FALSE,TRUE,TRUE,,FALSE,FALSE,FALSE,FALSE,FALSE,FALSE,TRUE,FALSE,,POINT (-73.9530811255728 40.79830691185791)
"-7,397,292,653,005","4,077,417,682,916",10D-AM-1008-02,10D,AM,10082018,2,Adult,Cinnamon,White,Cinnamon+White,,Ground Plane,FALSE,,TRUE,FALSE,FALSE,FALSE,FALSE,,FALSE,FALSE,FALSE,FALSE,FALSE,FALSE,FALSE,TRUE,,POINT (-73.9729265300533 40.7741768291642)
"-7,396,459,316,756","4,077,803,748,901",18H-PM-1014-02,18H,PM,10142018,2,Adult,Gray,White,Gray+White,,Ground Plane,FALSE,,FALSE,FALSE,FALSE,FALSE,TRUE,,FALSE,FALSE,FALSE,FALSE,FALSE,FALSE,TRUE,FALSE,,POINT (-73.964593167562 40.7780374890066)
"-7,395,525,816,277","4,079,581,476,736",39E-AM-1018-01,39E,AM,10182018,1,Adult,Gray,Cinnamon,Gray+Cinnamon,,Ground Plane,FALSE,,FALSE,FALSE,FALSE,FALSE,FALSE,standing still,FALSE,FALSE,FALSE,FALSE,FALSE,FALSE,FALSE,TRUE,,POINT (-73.955258162768 40.7958147673603)
"-7,397,716,468,353","4,076,930,491,651",4C-PM-1010-05,04C,PM,10102018,5,Adult,Gray,Cinnamon,Gray+Cinnamon,,Ground Plane,FALSE,,TRUE,FALSE,FALSE,FALSE,FALSE,,FALSE,FALSE,FALSE,FALSE,FALSE,FALSE,FALSE,FALSE,,POINT (-73.9771646835311 40.7693049165084)
"-7,397,262,360,834","4,077,882,177,715",15B-PM-1017-03,15B,PM,10172018,3,Adult,Gray,White,Gray+White,,Ground Plane,FALSE,by water,TRUE,FALSE,FALSE,FALSE,TRUE,,FALSE,FALSE,FALSE,FALSE,FALSE,FALSE,TRUE,FALSE,,POINT (-73.9726236083428 40.778821777147506)
"-7,396,364,825,569","4,077,758,315,702",18I-PM-1007-05,18I,PM,10072018,5,Juvenile,Cinnamon,"Gray, Black","Cinnamon+Gray, Black",,Ground Plane,FALSE,,FALSE,FALSE,FALSE,FALSE,TRUE,jumping crazily / digging hole,FALSE,FALSE,FALSE,FALSE,FALSE,FALSE,TRUE,FALSE,,POINT (-73.9636482556874 40.7775831570186)
"-7,396,880,707,608","4,077,796,882,942",16E-AM-1014-06,16E,AM,10142018,6,Adult,Gray,Cinnamon,Gray+Cinnamon,,Ground Plane,FALSE,,FALSE,FALSE,TRUE,FALSE,TRUE,,FALSE,FALSE,FALSE,FALSE,FALSE,FALSE,FALSE,TRUE,,POINT (-73.9688070760806 40.777968829417205)
"-7,397,931,014,827","4,076,926,002,385",3B-PM-1007-02,03B,PM,10072018,2,Adult,Gray,,Gray+,,Above Ground,10,in tree,FALSE,FALSE,FALSE,FALSE,FALSE,chased by dog,FALSE,FALSE,FALSE,FALSE,FALSE,FALSE,FALSE,FALSE,,POINT (-73.9793101482654 40.7692600238491)
"-7,397,973,415,156","4,076,821,502,147",2B-AM-1010-06,02B,AM,10102018,6,Adult,Gray,,Gray+,,Ground Plane,FALSE,,FALSE,FALSE,FALSE,FALSE,TRUE,,FALSE,FALSE,FALSE,FALSE,FALSE,FALSE,TRUE,FALSE,,POINT (-73.979734151564 40.7682150214703)
"-7,397,478,738,997","4,077,319,452,583",9C-PM-1006-04,09C,PM,10062018,4,Adult,Cinnamon,"Gray, White","Cinnamon+Gray, White",,Ground Plane,FALSE,,FALSE,FALSE,TRUE,FALSE,FALSE,,FALSE,FALSE,FALSE,FALSE,FALSE,FALSE,FALSE,FALSE,,POINT (-73.9747873899653 40.7731945258327)
"-7,397,059,586,025","4,078,320,607,513",20A-AM-1010-01,20A,AM,10102018,1,Adult,Gray,Cinnamon,Gray+Cinnamon,,Above Ground,10,,FALSE,FALSE,TRUE,FALSE,FALSE,,FALSE,FALSE,FALSE,FALSE,TRUE,FALSE,TRUE,FALSE,,POINT (-73.970595860252 40.7832060751268)
"-7,396,895,544,586","407,778,593,394",16E-PM-1018-10,16E,PM,10182018,10,Adult,Cinnamon,White,Cinnamon+White,,Ground Plane,FALSE,,TRUE,FALSE,FALSE,FALSE,FALSE,,FALSE,FALSE,FALSE,FALSE,FALSE,FALSE,TRUE,FALSE,,POINT (-73.9689554458632 40.7778593393957)
"-7,397,941,182,347","4,076,744,955,406",1C-AM-1012-02,01C,AM,10122018,2,Adult,Gray,"Cinnamon, White","Gray+Cinnamon, White",Gray & Cinnamon selected as Primary. Cinnamon & White selected as Highlights. Made executive adjustments.,Ground Plane,FALSE,,FALSE,FALSE,TRUE,FALSE,FALSE,,FALSE,FALSE,FALSE,FALSE,TRUE,FALSE,FALSE,TRUE,,POINT (-73.9794118234651 40.7674495540569)
"-7,396,863,581,295","4,077,780,355,165",16E-AM-1014-05,16E,AM,10142018,5,Adult,Gray,Cinnamon,Gray+Cinnamon,,Ground Plane,FALSE,,TRUE,TRUE,FALSE,FALSE,FALSE,,FALSE,FALSE,FALSE,FALSE,FALSE,FALSE,FALSE,FALSE,,POINT (-73.9686358129525 40.7778035516486)
"-7,396,310,054,704","4,078,854,940,572",28D-AM-1012-01,28D,AM,10122018,1,Adult,Cinnamon,White,Cinnamon+White,,Ground Plane,FALSE,,TRUE,FALSE,FALSE,FALSE,TRUE,,FALSE,FALSE,FALSE,FALSE,TRUE,FALSE,FALSE,FALSE,,POINT (-73.9631005470369 40.7885494057193)
"-7,397,358,331,042","4,077,863,180,416",14A-PM-1014-08,14A,PM,10142018,8,Adult,Gray,"Cinnamon, White","Gray+Cinnamon, White",,Ground Plane,FALSE,,FALSE,FALSE,FALSE,FALSE,TRUE,new movement flailing arms while foraging,FALSE,FALSE,FALSE,FALSE,FALSE,FALSE,FALSE,TRUE,,POINT (-73.9735833104203 40.7786318041581)
"-7,396,732,205,044","407,770,296,346",15G-PM-1019-04,15G,PM,10192018,4,Adult,Gray,,Gray+,,Ground Plane,FALSE,,FALSE,FALSE,FALSE,FALSE,TRUE,,FALSE,FALSE,FALSE,FALSE,FALSE,FALSE,FALSE,FALSE,,POINT (-73.9673220504383 40.7770296345963)
"-739,670,432,106","4,077,534,620,135",14H-PM-1012-03,14H,PM,10122018,3,Adult,Gray,"Cinnamon, White","Gray+Cinnamon, White",,Above Ground,20,,TRUE,FALSE,FALSE,TRUE,TRUE,,FALSE,FALSE,FALSE,FALSE,FALSE,FALSE,TRUE,FALSE,,POINT (-73.9670432105975 40.7753462013506)
"-7,397,203,897,567","407,763,524,092",13C-PM-1019-02,13C,PM,10192018,2,Adult,Gray,,Gray+,,Ground Plane,FALSE,,TRUE,FALSE,FALSE,FALSE,FALSE,,FALSE,FALSE,FALSE,FALSE,TRUE,FALSE,TRUE,FALSE,,POINT (-73.9720389756717 40.7763524091989)
"-7,397,848,727,282","4,076,881,226,039",3C-AM-1007-01,03C,AM,10072018,1,Adult,Gray,"Cinnamon, White","Gray+Cinnamon, White",,Ground Plane,FALSE,,TRUE,FALSE,FALSE,FALSE,FALSE,,FALSE,FALSE,FALSE,FALSE,FALSE,FALSE,TRUE,FALSE,,POINT (-73.9784872728213 40.7688122603932)
"-7,395,972,600,144","4,079,070,742,303",32E-AM-1007-04,32E,AM,10072018,4,Adult,Gray,White,Gray+White,,Ground Plane,FALSE,,FALSE,FALSE,FALSE,FALSE,TRUE,,FALSE,FALSE,FALSE,FALSE,FALSE,FALSE,TRUE,FALSE,,POINT (-73.9597260014375 40.790707423031)
"-7,396,852,016,269","4,078,332,926,123",21B-AM-1019-05,21B,AM,10192018,5,Adult,Gray,,Gray+,,Ground Plane,FALSE,,TRUE,FALSE,FALSE,FALSE,TRUE,,FALSE,FALSE,FALSE,FALSE,FALSE,FALSE,TRUE,FALSE,,POINT (-73.9685201626934 40.783329261225)
"-7,396,542,881,513","4,078,159,539,702",21E-AM-1017-02,21E,AM,10172018,2,Adult,Gray,,Gray+,,Above Ground,7,,FALSE,TRUE,FALSE,FALSE,FALSE,,FALSE,FALSE,FALSE,FALSE,FALSE,FALSE,TRUE,FALSE,,POINT (-73.9654288151266 40.7815953970174)
"-7,395,644,789,094","4,079,769,287,754",40C-PM-1006-04,40C,PM,10062018,4,Adult,Black,,Black+,,Ground Plane,FALSE,,TRUE,FALSE,FALSE,FALSE,FALSE,,FALSE,FALSE,FALSE,FALSE,FALSE,FALSE,FALSE,TRUE,,POINT (-73.9564478909357 40.7976928775417)
"-7,395,060,629,975","4,079,761,894,967",42H-PM-1014-03,42H,PM,10142018,3,Adult,,,+,,,,,FALSE,FALSE,FALSE,FALSE,FALSE,,FALSE,FALSE,FALSE,FALSE,FALSE,FALSE,FALSE,TRUE,,POINT (-73.9506062997507 40.7976189496674)
"-7,397,939,239,849","4,077,084,754,746",5A-AM-1006-01,05A,AM,10062018,1,Adult,Gray,,Gray+,,Above Ground,10,Oak tree near rock outcropping,FALSE,FALSE,TRUE,FALSE,FALSE,,FALSE,FALSE,FALSE,FALSE,FALSE,FALSE,TRUE,FALSE,,POINT (-73.97939239848742 40.7708475474583)
"-7,396,321,647,383","4,079,212,701,213",32B-PM-1010-03,32B,PM,10102018,3,Adult,Cinnamon,Gray,Cinnamon+Gray,,Above Ground,15,,FALSE,FALSE,FALSE,TRUE,FALSE,,FALSE,FALSE,FALSE,FALSE,FALSE,FALSE,FALSE,FALSE,,POINT (-73.9632164738341 40.7921270121312)
"-7,396,212,979,461","4,079,440,582,228",34A-PM-1013-05,34A,PM,10132018,5,Adult,Cinnamon,Gray,Cinnamon+Gray,,Above Ground,4,,TRUE,FALSE,FALSE,FALSE,FALSE,,FALSE,FALSE,FALSE,FALSE,FALSE,FALSE,FALSE,FALSE,,POINT (-73.9621297946132 40.7944058222814)
"-7,397,220,533,555","4,076,620,949,936",3I-AM-1010-03,03I,AM,10102018,3,Adult,Gray,,Gray+,,Above Ground,50,,TRUE,FALSE,FALSE,FALSE,FALSE,,FALSE,FALSE,FALSE,FALSE,FALSE,FALSE,TRUE,FALSE,,POINT (-73.9722053355548 40.7662094993614)
"-7,397,346,304,126","4,076,530,971,394",1H-PM-1013-02,01H,PM,10132018,2,Adult,Cinnamon,Gray,Cinnamon+Gray,,Ground Plane,FALSE,,FALSE,FALSE,FALSE,TRUE,TRUE,,FALSE,FALSE,FALSE,FALSE,FALSE,FALSE,TRUE,FALSE,,POINT (-73.9734630412566 40.7653097139415)
"-7,395,175,251,117","4,079,744,076,411",42G-PM-1014-02,42G,PM,10142018,2,Adult,Gray,"Cinnamon, White","Gray+Cinnamon, White",,Above Ground,14,,FALSE,FALSE,TRUE,TRUE,FALSE,,FALSE,FALSE,FALSE,FALSE,FALSE,FALSE,TRUE,FALSE,,POINT (-73.9517525111679 40.7974407641075)
"-7,397,703,138,877","4,077,248,692,521",7B-AM-1008-05,07B,AM,10082018,5,Adult,Gray,,Gray+,,Above Ground,,,FALSE,TRUE,FALSE,FALSE,FALSE,,FALSE,FALSE,FALSE,FALSE,FALSE,FALSE,TRUE,FALSE,,POINT (-73.9770313887741 40.772486925209904)
"-7,397,451,524,626","4,076,554,155,159",1G-AM-1006-04,01G,AM,10062018,4,Adult,Gray,White,Gray+White,,,,,FALSE,TRUE,FALSE,FALSE,TRUE,collecting nest material,FALSE,FALSE,FALSE,FALSE,TRUE,FALSE,TRUE,FALSE,,POINT (-73.9745152462626 40.76554155159081)
"-7,397,685,634,023","4,077,444,873,108",9A-AM-1013-12,09A,AM,10132018,12,Juvenile,Cinnamon,Gray,Cinnamon+Gray,,Ground Plane,FALSE,foot of tree,TRUE,TRUE,FALSE,FALSE,FALSE,,FALSE,FALSE,FALSE,FALSE,FALSE,FALSE,TRUE,FALSE,,POINT (-73.9768563402344 40.7744487310786)
"-7,396,573,919,182","4,077,650,247,035",16H-PM-1014-01,16H,PM,10142018,1,Juvenile,Gray,White,Gray+White,,Ground Plane,FALSE,,TRUE,FALSE,FALSE,FALSE,FALSE,,FALSE,FALSE,FALSE,FALSE,FALSE,FALSE,TRUE,FALSE,,POINT (-73.9657391918196 40.776502470347)
"-7,396,995,734,852","407,765,857,838",14E-AM-1008-10,14E,AM,10082018,10,Adult,Gray,,Gray+,,Ground Plane,FALSE,,FALSE,FALSE,FALSE,TRUE,TRUE,,FALSE,FALSE,FALSE,FALSE,FALSE,FALSE,TRUE,FALSE,,POINT (-73.9699573485164 40.7765857838015)
"-7,397,034,213,914","4,077,737,065,754",14D-AM-1014-01,14D,AM,10142018,1,Adult,Gray,"Cinnamon, White","Gray+Cinnamon, White",,Ground Plane,FALSE,,FALSE,FALSE,FALSE,FALSE,TRUE,,FALSE,FALSE,FALSE,FALSE,FALSE,TRUE,FALSE,FALSE,,POINT (-73.9703421391442 40.7773706575356)
"-7,396,721,605,338","4,078,302,639,087",21C-AM-1014-05,21C,AM,10142018,5,Adult,Gray,Cinnamon,Gray+Cinnamon,,Ground Plane,FALSE,,TRUE,FALSE,FALSE,FALSE,FALSE,,FALSE,FALSE,FALSE,TRUE,FALSE,FALSE,TRUE,FALSE,,POINT (-73.9672160533827 40.7830263908749)
"-7,397,272,306,098","4,077,953,416,409",16A-PM-1019-01,16A,PM,10192018,1,Adult,Gray,,Gray+,,Ground Plane,FALSE,,FALSE,FALSE,FALSE,FALSE,TRUE,,FALSE,FALSE,FALSE,FALSE,TRUE,FALSE,FALSE,TRUE,,POINT (-73.9727230609785 40.7795341640894)
"-7,396,721,526,968","4,078,238,745,818",21D-AM-1008-05,21D,AM,10082018,5,Adult,Gray,Cinnamon,Gray+Cinnamon,,Ground Plane,FALSE,,FALSE,FALSE,FALSE,TRUE,FALSE,,FALSE,FALSE,FALSE,FALSE,FALSE,FALSE,FALSE,TRUE,,POINT (-73.9672152696834 40.7823874581829)
"-739,714,653,576","4,077,174,001,395",9F-AM-1013-03,09F,AM,10132018,3,Adult,Gray,White,Gray+White,,Ground Plane,FALSE,,FALSE,FALSE,FALSE,TRUE,FALSE,,FALSE,FALSE,FALSE,FALSE,FALSE,FALSE,FALSE,FALSE,,POINT (-73.9714653576023 40.7717400139502)
"-7,396,501,200,661","4,078,059,328,824",20F-PM-1007-13,20F,PM,10072018,13,Juvenile,Cinnamon,Gray,Cinnamon+Gray,,Above Ground,10,,FALSE,FALSE,TRUE,FALSE,FALSE,,FALSE,FALSE,FALSE,FALSE,FALSE,FALSE,FALSE,TRUE,,POINT (-73.9650120066074 40.78059328824071)
"-7,397,679,534,689","4,076,763,769,777",3E-AM-1006-03,03E,AM,10062018,3,Adult,Gray,Cinnamon,Gray+Cinnamon,,Ground Plane,FALSE,,FALSE,FALSE,FALSE,FALSE,TRUE,checkin' his stashes,FALSE,FALSE,FALSE,TRUE,FALSE,TRUE,FALSE,TRUE,,POINT (-73.9767953468937 40.7676376977667)
"-7,395,312,336,542","4,079,411,137,775",38H-PM-1012-01,38H,PM,10122018,1,Adult,Gray,,Gray+,,Ground Plane,FALSE,,FALSE,FALSE,FALSE,FALSE,TRUE,,FALSE,FALSE,FALSE,FALSE,FALSE,FALSE,FALSE,TRUE,,POINT (-73.953123365424 40.7941113777459)
"-7,396,925,635,978","4,077,090,499,995",9H-PM-1018-05,09H,PM,10182018,5,Adult,Gray,,Gray+,,Ground Plane,FALSE,,TRUE,TRUE,FALSE,FALSE,FALSE,,FALSE,FALSE,FALSE,FALSE,FALSE,FALSE,FALSE,FALSE,,POINT (-73.9692563597762 40.770904999952)
"-7,397,309,262,332","4,077,813,307,517",14B-PM-1014-08,14B,PM,10142018,8,,Gray,"Cinnamon, White","Gray+Cinnamon, White","White belly & stripes on tail, Cinnamon face & stripes on back",Ground Plane,FALSE,,FALSE,FALSE,FALSE,TRUE,TRUE,,FALSE,FALSE,FALSE,FALSE,FALSE,TRUE,FALSE,FALSE,,POINT (-73.9730926233232 40.7781330751738)
"-7,397,058,379,744","4,077,584,948,497",13E-AM-1017-13,13E,AM,10172018,13,Adult,Gray,Cinnamon,Gray+Cinnamon,,Ground Plane,FALSE,on rock,FALSE,FALSE,FALSE,FALSE,TRUE,,FALSE,FALSE,FALSE,FALSE,FALSE,TRUE,FALSE,FALSE,,POINT (-73.97058379743581 40.7758494849673)
"-7,396,779,031,974","4,078,265,619,178",21C-AM-1014-03,21C,AM,10142018,3,Adult,Gray,,Gray+,,Above Ground,30,,FALSE,TRUE,TRUE,FALSE,FALSE,,FALSE,TRUE,FALSE,FALSE,FALSE,FALSE,FALSE,FALSE,looked at us from tree,POINT (-73.9677903197449 40.7826561917755)
"-7,395,616,692,362","4,079,947,374,313",42C-PM-1013-04,42C,PM,10132018,4,Adult,Gray,,Gray+,,Ground Plane,FALSE,,FALSE,FALSE,TRUE,FALSE,TRUE,,FALSE,FALSE,FALSE,FALSE,FALSE,FALSE,FALSE,TRUE,,POINT (-73.9561669236168 40.7994737431277)
"-7,396,045,994,773","4,079,150,350,102",32D-PM-1006-06,32D,PM,10062018,6,Juvenile,Gray,"Black, Cinnamon, White","Gray+Black, Cinnamon, White",,Ground Plane,FALSE,,TRUE,FALSE,FALSE,FALSE,FALSE,,FALSE,FALSE,FALSE,FALSE,TRUE,FALSE,TRUE,FALSE,,POINT (-73.9604599477345 40.7915035010169)
"-7,398,098,765,385","4,076,832,232,421",1A-PM-1014-05,01A,PM,10142018,5,Adult,Gray,Cinnamon,Gray+Cinnamon,,Ground Plane,FALSE,,FALSE,FALSE,FALSE,TRUE,FALSE,,FALSE,FALSE,FALSE,FALSE,FALSE,FALSE,FALSE,TRUE,,POINT (-73.9809876538513 40.7683223242143)
"-739,683,460,607","4,078,054,084,479",18D-AM-1018-03,18D,AM,10182018,3,Adult,Gray,,Gray+,,Ground Plane,FALSE,,FALSE,FALSE,FALSE,FALSE,TRUE,,FALSE,FALSE,FALSE,FALSE,FALSE,FALSE,FALSE,FALSE,,POINT (-73.9683460607021 40.7805408447877)
"-7,397,033,289,562","4,077,010,796,978",7H-AM-1006-14,07H,AM,10062018,14,Adult,Cinnamon,Gray,Cinnamon+Gray,,Ground Plane,FALSE,,FALSE,FALSE,FALSE,FALSE,TRUE,,FALSE,FALSE,FALSE,FALSE,TRUE,FALSE,TRUE,FALSE,,POINT (-73.97033289562 40.7701079697795)
"-7,396,802,044,382","4,077,438,823,227",13H-PM-1010-08,13H,PM,10102018,8,Adult,Gray,,Gray+,,Ground Plane,FALSE,,TRUE,FALSE,FALSE,FALSE,FALSE,,FALSE,FALSE,FALSE,FALSE,FALSE,FALSE,TRUE,FALSE,,POINT (-73.9680204438195 40.77438823226541)
"-7,396,391,143,031","4,078,091,272,288",21G-AM-1014-05,21G,AM,10142018,5,Adult,Gray,Cinnamon,Gray+Cinnamon,,Above Ground,4,,FALSE,TRUE,TRUE,FALSE,FALSE,,FALSE,FALSE,FALSE,FALSE,FALSE,FALSE,FALSE,FALSE,,POINT (-73.963911430308 40.7809127228847)
"-7,396,902,666,603","4,078,531,347,515",23A-AM-1018-01,23A,AM,10182018,1,Juvenile,Cinnamon,,Cinnamon+,,Ground Plane,FALSE,,FALSE,FALSE,FALSE,TRUE,FALSE,,FALSE,FALSE,FALSE,FALSE,FALSE,FALSE,TRUE,FALSE,,POINT (-73.9690266660317 40.7853134751509)
"-7,396,720,637,848","4,078,260,703,957",21D-PM-1008-01,21D,PM,10082018,1,,Gray,,Gray+,,Above Ground,8,,FALSE,FALSE,TRUE,FALSE,FALSE,,FALSE,FALSE,FALSE,FALSE,FALSE,TRUE,FALSE,FALSE,,POINT (-73.9672063784809 40.7826070395665)
"-7,396,253,485,626","4,078,121,345,174",22H-PM-1007-01,22H,PM,10072018,1,Adult,Cinnamon,Gray,Cinnamon+Gray,,Ground Plane,FALSE,,FALSE,FALSE,FALSE,FALSE,TRUE,,FALSE,FALSE,FALSE,FALSE,FALSE,FALSE,TRUE,FALSE,,POINT (-73.962534856258 40.7812134517411)
"-7,397,394,038,506","4,076,931,622,875",5F-AM-1007-05,05F,AM,10072018,5,Adult,Gray,White,Gray+White,,Above Ground,2,tree,TRUE,FALSE,FALSE,FALSE,TRUE,,FALSE,FALSE,FALSE,FALSE,FALSE,FALSE,FALSE,FALSE,,POINT (-73.9739403850622 40.7693162287509)
"-7,396,491,033,304","4,078,239,138,604",22F-PM-1014-08,22F,PM,10142018,8,Adult,Gray,,Gray+,,Above Ground,10,CLIMBED THE TREE,FALSE,FALSE,TRUE,FALSE,FALSE,,FALSE,FALSE,FALSE,FALSE,FALSE,FALSE,TRUE,FALSE,,POINT (-73.9649103330443 40.7823913860445)
"-7,397,451,509,917","4,077,006,507,999",6E-PM-1010-03,06E,PM,10102018,3,Adult,Cinnamon,White,Cinnamon+White,white back legs,Ground Plane,FALSE,small open area but w/ 7 large oak trees,FALSE,TRUE,FALSE,TRUE,FALSE,chasing #4,FALSE,FALSE,FALSE,FALSE,FALSE,FALSE,TRUE,FALSE,,POINT (-73.974515099169 40.770065079988605)
"-7,396,012,151,981","4,079,097,698,012",32D-PM-1006-02,32D,PM,10062018,2,Adult,Gray,"Black, Cinnamon, White","Gray+Black, Cinnamon, White",,Ground Plane,FALSE,,TRUE,FALSE,FALSE,TRUE,FALSE,,FALSE,FALSE,FALSE,FALSE,TRUE,FALSE,FALSE,TRUE,,POINT (-73.9601215198114 40.7909769801241)
"-739,545,225,587","4,079,560,746,631",39F-AM-1014-03,39F,AM,10142018,3,Adult,Gray,Cinnamon,Gray+Cinnamon,,Ground Plane,FALSE,,TRUE,FALSE,FALSE,FALSE,FALSE,,FALSE,FALSE,FALSE,FALSE,FALSE,FALSE,FALSE,TRUE,,POINT (-73.9545225586988 40.7956074663106)
"-7,396,512,062,013","4,077,852,790,648",18G-AM-1014-02,18G,AM,10142018,2,Adult,Gray,White,Gray+White,,Ground Plane,FALSE,,TRUE,FALSE,FALSE,FALSE,FALSE,,FALSE,FALSE,FALSE,FALSE,FALSE,FALSE,TRUE,FALSE,,POINT (-73.9651206201297 40.7785279064847)
"-7,397,909,801,245","4,076,859,340,939",2B-PM-1013-08,02B,PM,10132018,8,Adult,Gray,White,Gray+White,,Above Ground,15,,FALSE,FALSE,FALSE,TRUE,FALSE,,FALSE,FALSE,FALSE,FALSE,FALSE,FALSE,FALSE,FALSE,,POINT (-73.9790980124501 40.7685934093915)
"-7,397,429,860,329","4,077,704,543,182",13A-PM-1014-04,13A,PM,10142018,4,,Gray,,Gray+,,Ground Plane,FALSE,,FALSE,FALSE,FALSE,TRUE,FALSE,,FALSE,FALSE,FALSE,FALSE,FALSE,FALSE,FALSE,FALSE,,POINT (-73.9742986032935 40.7770454318226)
"-7,397,637,194,458","4,076,895,514,133",4D-PM-1008-04,04D,PM,10082018,4,Adult,Cinnamon,"Gray, White","Cinnamon+Gray, White",,Ground Plane,FALSE,,FALSE,FALSE,FALSE,FALSE,TRUE,,FALSE,FALSE,FALSE,FALSE,FALSE,FALSE,TRUE,FALSE,,POINT (-73.9763719445827 40.7689551413337)
"-7,395,858,621,173","4,079,865,492,511",40A-PM-1014-05,40A,PM,10142018,5,Adult,Gray,White,Gray+White,,Ground Plane,FALSE,,FALSE,FALSE,FALSE,TRUE,TRUE,eating (in a tree cage thing),FALSE,FALSE,FALSE,FALSE,FALSE,FALSE,TRUE,FALSE,,POINT (-73.9585862117341 40.7986549251083)
"-7,396,774,743,134","4,077,421,192,408",12H-PM-1007-03,12H,PM,10072018,3,,Gray,Cinnamon,Gray+Cinnamon,,Ground Plane,FALSE,,FALSE,FALSE,FALSE,TRUE,FALSE,peanuts,FALSE,FALSE,FALSE,FALSE,FALSE,FALSE,TRUE,FALSE,,POINT (-73.9677474313377 40.7742119240825)
"-7,397,116,665,234","407,761,513,057",13D-AM-1014-02,13D,AM,10142018,2,Adult,Cinnamon,,Cinnamon+,,Ground Plane,FALSE,,FALSE,TRUE,FALSE,FALSE,TRUE,,FALSE,FALSE,FALSE,FALSE,FALSE,FALSE,TRUE,FALSE,,POINT (-73.9711666523376 40.7761513057034)
"-7,396,547,416,956","4,078,904,278,511",28B-PM-1010-01,28B,PM,10102018,1,Adult,Gray,White,Gray+White,,Above Ground,10,in a tree,FALSE,FALSE,TRUE,FALSE,FALSE,,FALSE,FALSE,FALSE,FALSE,FALSE,FALSE,FALSE,FALSE,,POINT (-73.9654741695628 40.7890427851106)
"-7,397,473,131,522","4,076,538,883,518",1G-PM-1010-03,01G,PM,10102018,3,Adult,Gray,Cinnamon,Gray+Cinnamon,,Ground Plane,FALSE,,FALSE,FALSE,FALSE,TRUE,TRUE,,FALSE,FALSE,FALSE,FALSE,FALSE,TRUE,FALSE,FALSE,,POINT (-73.9747313152152 40.7653888351839)
"-7,395,417,480,832","4,079,527,584,429",39F-PM-1006-01,39F,PM,10062018,1,Adult,Gray,,Gray+,,Ground Plane,FALSE,,FALSE,FALSE,FALSE,FALSE,TRUE,carrying leaves,FALSE,FALSE,FALSE,FALSE,FALSE,FALSE,TRUE,FALSE,,POINT (-73.9541748083177 40.7952758442897)
"-7,397,479,631,622","4,077,450,233,558",10B-PM-1014-04,10B,PM,10142018,4,Adult,Gray,White,Gray+White,,Ground Plane,FALSE,,FALSE,FALSE,FALSE,TRUE,TRUE,,FALSE,FALSE,FALSE,FALSE,FALSE,FALSE,FALSE,FALSE,avoided people,POINT (-73.9747963162162 40.7745023355775)
"-7,396,252,481,452","4,078,100,229,236",21H-PM-1018-03,21H,PM,10182018,3,Adult,Gray,,Gray+,,Above Ground,25,,FALSE,FALSE,TRUE,FALSE,FALSE,,TRUE,FALSE,FALSE,FALSE,FALSE,FALSE,TRUE,FALSE,,POINT (-73.962524814515 40.7810022923615)
"-7,397,362,382,586","4,076,887,127,712",5F-PM-1007-04,05F,PM,10072018,4,Adult,Gray,Cinnamon,Gray+Cinnamon,,Ground Plane,FALSE,,FALSE,FALSE,FALSE,FALSE,TRUE,,FALSE,FALSE,FALSE,FALSE,TRUE,FALSE,TRUE,FALSE,,POINT (-73.9736238258579 40.7688712771191)
"-7,397,225,308,263","4,076,671,380,284",3I-AM-1010-05,03I,AM,10102018,5,Adult,Gray,,Gray+,,Ground Plane,FALSE,,FALSE,FALSE,FALSE,FALSE,TRUE,,FALSE,FALSE,FALSE,FALSE,FALSE,FALSE,TRUE,FALSE,,POINT (-73.9722530826293 40.7667138028361)
"-7,396,870,208,008","4,077,359,034,245",11H-AM-1010-08,11H,AM,10102018,8,Adult,Gray,Cinnamon,Gray+Cinnamon,,Ground Plane,FALSE,,FALSE,FALSE,FALSE,FALSE,TRUE,,FALSE,FALSE,FALSE,FALSE,TRUE,FALSE,FALSE,TRUE,,POINT (-73.9687020800791 40.7735903424522)
"-7,397,036,045,429","4,077,626,902,233",13E-AM-1017-04,13E,AM,10172018,4,Adult,Gray,,Gray+,,Ground Plane,FALSE,,FALSE,FALSE,FALSE,FALSE,TRUE,,FALSE,FALSE,FALSE,FALSE,FALSE,FALSE,FALSE,FALSE,,POINT (-73.9703604542938 40.7762690223294)
"-739,767,389,133","4,076,893,236,914",4D-PM-1008-10,04D,PM,10082018,10,Adult,Cinnamon,"Gray, White","Cinnamon+Gray, White",,Above Ground,6,climbed the fence & posed for a picture,FALSE,FALSE,TRUE,FALSE,TRUE,,FALSE,FALSE,FALSE,FALSE,FALSE,TRUE,FALSE,FALSE,,POINT (-73.9767389132988 40.7689323691424)
"-7,396,305,961,034","4,079,257,206,206",32A-AM-1018-04,32A,AM,10182018,4,Adult,Gray,,Gray+,,Ground Plane,FALSE,Base of tree,FALSE,FALSE,FALSE,FALSE,TRUE,,FALSE,FALSE,FALSE,TRUE,FALSE,FALSE,TRUE,FALSE,,POINT (-73.9630596103391 40.7925720620556)
"-7,397,132,575,864","4,077,627,196,195",13D-AM-1014-09,13D,AM,10142018,9,Adult,Gray,Cinnamon,Gray+Cinnamon,,Ground Plane,FALSE,,FALSE,FALSE,FALSE,TRUE,TRUE,,FALSE,FALSE,FALSE,FALSE,FALSE,FALSE,TRUE,FALSE,,POINT (-73.9713257586372 40.7762719619467)
"-7,395,872,366,196","4,079,918,501,804",40A-AM-1010-02,40A,AM,10102018,2,Adult,Gray,Cinnamon,Gray+Cinnamon,,Ground Plane,FALSE,edge of park at 108th West,TRUE,FALSE,TRUE,FALSE,FALSE,,FALSE,FALSE,FALSE,TRUE,FALSE,FALSE,FALSE,TRUE,,POINT (-73.9587236619579 40.7991850180434)
"-7,396,544,098,386","4,079,013,387,485",29A-AM-1013-01,29A,AM,10132018,1,Adult,Gray,Cinnamon,Gray+Cinnamon,,Ground Plane,FALSE,,FALSE,FALSE,FALSE,FALSE,TRUE,climbed tree (oak),FALSE,FALSE,FALSE,FALSE,TRUE,FALSE,FALSE,TRUE,,POINT (-73.9654409838612 40.7901338748522)
"-7,396,190,192,997","4,079,244,764,397",33B-PM-1010-05,33B,PM,10102018,5,Adult,Gray,,Gray+,,Ground Plane,FALSE,,FALSE,FALSE,FALSE,FALSE,FALSE,,FALSE,FALSE,FALSE,FALSE,FALSE,FALSE,TRUE,FALSE,,POINT (-73.9619019299709 40.7924476439693)
"-7,396,398,014,117","4,077,789,213,026",18I-PM-1007-04,18I,PM,10072018,4,Adult,Cinnamon,Gray,Cinnamon+Gray,,Ground Plane,FALSE,,FALSE,FALSE,FALSE,FALSE,FALSE,walking sitting up,FALSE,FALSE,FALSE,FALSE,FALSE,FALSE,FALSE,TRUE,,POINT (-73.9639801411692 40.7778921302618)
"-7,396,314,684,569","4,079,261,103,997",32A-AM-1018-03,32A,AM,10182018,3,Adult,Gray,,Gray+,,Ground Plane,FALSE,,FALSE,FALSE,FALSE,FALSE,TRUE,,FALSE,FALSE,FALSE,FALSE,FALSE,FALSE,TRUE,FALSE,,POINT (-73.9631468456897 40.7926110399714)
"-7,397,666,931,844","4,077,088,792,159",6C-PM-1020-01,06C,PM,10202018,1,Adult,Gray,White,Gray+White,,Above Ground,25,Across Transverse,FALSE,FALSE,TRUE,FALSE,FALSE,,FALSE,FALSE,FALSE,FALSE,FALSE,FALSE,TRUE,FALSE,,POINT (-73.9766693184436 40.7708879215854)
"-7,395,757,914,216","4,079,599,344,594",38D-AM-1017-06,38D,AM,10172018,6,Adult,Black,Cinnamon,Black+Cinnamon,,Ground Plane,FALSE,,TRUE,FALSE,FALSE,FALSE,FALSE,,FALSE,FALSE,FALSE,FALSE,FALSE,FALSE,FALSE,TRUE,,POINT (-73.9575791421589 40.7959934459432)
"-7,395,941,224,351","4,079,178,711,235",33E-AM-1014-01,33E,AM,10142018,1,Adult,Black,Cinnamon,Black+Cinnamon,,Ground Plane,FALSE,,FALSE,FALSE,FALSE,FALSE,FALSE,digging,FALSE,FALSE,FALSE,FALSE,FALSE,FALSE,FALSE,TRUE,,POINT (-73.959412243507 40.7917871123534)
"-7,397,240,833,205","4,077,441,637,681",11D-AM-1010-08,11D,AM,10102018,8,Adult,Cinnamon,"Gray, White","Cinnamon+Gray, White",,Ground Plane,FALSE,,FALSE,FALSE,FALSE,TRUE,TRUE,drinking,FALSE,FALSE,FALSE,FALSE,FALSE,TRUE,FALSE,FALSE,,POINT (-73.9724083320538 40.7744163768061)
"-7,395,806,816,485","4,079,920,100,127",41B-AM-1010-01,41B,AM,10102018,1,Adult,Gray,"Cinnamon, White","Gray+Cinnamon, White",,Ground Plane,FALSE,,FALSE,FALSE,FALSE,FALSE,TRUE,,FALSE,FALSE,FALSE,FALSE,FALSE,FALSE,FALSE,FALSE,,POINT (-73.9580681648547 40.7992010012653)
"-7,396,888,170,064","4,078,291,203,214",20B-PM-1013-09,20B,PM,10132018,9,Adult,Gray,White,Gray+White,,Ground Plane,FALSE,,FALSE,FALSE,FALSE,FALSE,TRUE,,FALSE,FALSE,FALSE,FALSE,FALSE,FALSE,TRUE,FALSE,,POINT (-73.9688817006443 40.7829120321438)
"-7,395,718,087,759","4,079,344,438,667",35E-AM-1020-02,35E,AM,10202018,2,Adult,Gray,Cinnamon,Gray+Cinnamon,,Above Ground,25,,FALSE,FALSE,FALSE,FALSE,FALSE,cleaning herself,FALSE,FALSE,FALSE,FALSE,FALSE,FALSE,TRUE,FALSE,,POINT (-73.9571808775915 40.7934443866725)
"-7,397,164,145,864","4,077,176,011,472",9F-PM-1014-06,09F,PM,10142018,6,Adult,Gray,Cinnamon,Gray+Cinnamon,,Ground Plane,FALSE,,TRUE,FALSE,FALSE,TRUE,FALSE,running (from birds),FALSE,FALSE,FALSE,TRUE,FALSE,FALSE,TRUE,FALSE,,POINT (-73.9716414586381 40.771760114722)
"-7,398,000,948,285","4,076,777,825,856",1B-AM-1012-04,01B,AM,10122018,4,,Gray,Cinnamon,Gray+Cinnamon,,Ground Plane,FALSE,,TRUE,FALSE,FALSE,TRUE,FALSE,,FALSE,FALSE,FALSE,FALSE,FALSE,FALSE,TRUE,FALSE,,POINT (-73.9800094828465 40.7677782585639)
"-7,395,134,778,152","4,079,452,596,141",39I-PM-1013-02,39I,PM,10132018,2,Juvenile,Gray,,Gray+,,Ground Plane,FALSE,along the road,FALSE,TRUE,TRUE,FALSE,FALSE,playing,FALSE,FALSE,FALSE,FALSE,FALSE,FALSE,FALSE,FALSE,,POINT (-73.9513477815203 40.7945259614138)
"-7,396,895,866,891","4,078,396,139,071",21B-PM-1017-04,21B,PM,10172018,4,Adult,Gray,Cinnamon,Gray+Cinnamon,,Ground Plane,FALSE,,FALSE,FALSE,FALSE,TRUE,TRUE,,FALSE,FALSE,FALSE,FALSE,FALSE,FALSE,FALSE,TRUE,,POINT (-73.9689586689061 40.7839613907139)
"-7,397,001,589,294","4,077,623,590,666",14E-AM-1008-18,14E,AM,10082018,18,Adult,Gray,,Gray+,,Ground Plane,FALSE,,FALSE,FALSE,FALSE,TRUE,TRUE,,FALSE,FALSE,FALSE,FALSE,FALSE,FALSE,TRUE,FALSE,,POINT (-73.9700158929437 40.7762359066591)
"-7,397,211,593,878","4,076,605,031,886",3I-PM-1013-03,03I,PM,10132018,3,Adult,Black,Cinnamon,Black+Cinnamon,,Ground Plane,FALSE,,TRUE,FALSE,TRUE,FALSE,FALSE,,FALSE,FALSE,FALSE,FALSE,FALSE,FALSE,FALSE,TRUE,,POINT (-73.9721159387757 40.7660503188637)
"-7,397,565,337,638","4,077,335,378,814",8B-PM-1012-07,08B,PM,10122018,7,Adult,Cinnamon,"Gray, White","Cinnamon+Gray, White",,Ground Plane,FALSE,,FALSE,FALSE,FALSE,TRUE,TRUE,,FALSE,FALSE,FALSE,FALSE,FALSE,FALSE,TRUE,FALSE,,POINT (-73.9756533763813 40.7733537881363)
"-7,395,637,248,383","407,882,504,581",31I-PM-1019-04,31I,PM,10192018,4,Adult,Gray,,Gray+,,Ground Plane,FALSE,,TRUE,FALSE,FALSE,FALSE,FALSE,,FALSE,FALSE,FALSE,FALSE,FALSE,FALSE,TRUE,FALSE,,POINT (-73.95637248383372 40.7882504581015)
"-7,397,663,427,595","4,076,875,183,809",4D-AM-1012-04,04D,AM,10122018,4,Adult,Gray,,Gray+,,Above Ground,3,on tree trunk,FALSE,TRUE,TRUE,FALSE,FALSE,,FALSE,FALSE,FALSE,FALSE,TRUE,FALSE,TRUE,FALSE,,POINT (-73.9766342759486 40.7687518380873)
"-7,396,435,382,219","4,079,175,656,047",31A-PM-1017-01,31A,PM,10172018,1,Juvenile,Cinnamon,"Gray, White","Cinnamon+Gray, White","Gray lower back, Gray & Cinnamon selected as Primary with ""lower back"" written in next to Gray. White selected as Highlights. Made executive adjustments.",Ground Plane,FALSE,,FALSE,FALSE,FALSE,FALSE,TRUE,,FALSE,FALSE,FALSE,FALSE,TRUE,FALSE,FALSE,FALSE,,POINT (-73.9643538221947 40.7917565604735)
"-7,397,660,121,083","4,077,123,107,254",6C-AM-1007-05,06C,AM,10072018,5,Adult,Gray,,Gray+,,Above Ground,20,,FALSE,TRUE,TRUE,FALSE,FALSE,chasing #4,FALSE,FALSE,FALSE,FALSE,FALSE,FALSE,TRUE,FALSE,,POINT (-73.9766012108307 40.7712310725379)
"-7,396,846,326,736","4,078,489,095,252",23A-AM-1018-05,23A,AM,10182018,5,Adult,Gray,,Gray+,,Ground Plane,FALSE,,TRUE,FALSE,FALSE,FALSE,FALSE,,FALSE,FALSE,FALSE,FALSE,FALSE,FALSE,FALSE,TRUE,,POINT (-73.9684632673603 40.7848909525198)
"-7,397,460,632,504","4,076,876,541,968",4F-PM-1013-03,04F,PM,10132018,3,Juvenile,Cinnamon,Gray,Cinnamon+Gray,,Ground Plane,FALSE,,FALSE,FALSE,FALSE,FALSE,TRUE,,FALSE,FALSE,FALSE,TRUE,FALSE,FALSE,FALSE,TRUE,,POINT (-73.9746063250438 40.7687654196811)
"-7,395,707,222,627","4,079,857,061,435",40C-AM-1017-04,40C,AM,10172018,4,Adult,Gray,Cinnamon,Gray+Cinnamon,,Ground Plane,FALSE,,FALSE,TRUE,FALSE,TRUE,TRUE,chasing (#3),FALSE,FALSE,FALSE,FALSE,FALSE,FALSE,TRUE,FALSE,,POINT (-73.9570722262693 40.7985706143519)
"-7,396,172,070,912","4,079,228,390,259",33B-AM-1010-01,33B,AM,10102018,1,Adult,Gray,,Gray+,,Ground Plane,FALSE,,FALSE,FALSE,FALSE,FALSE,TRUE,digging,FALSE,FALSE,FALSE,FALSE,FALSE,FALSE,TRUE,FALSE,,POINT (-73.9617207091245 40.7922839025935)
"-7,396,684,427,429","4,078,707,810,426",25B-PM-1007-01,25B,PM,10072018,1,,Gray,Cinnamon,Gray+Cinnamon,,Ground Plane,FALSE,,FALSE,FALSE,FALSE,TRUE,TRUE,,FALSE,FALSE,FALSE,FALSE,FALSE,FALSE,TRUE,FALSE,,POINT (-73.9668442742942 40.7870781042595)
"-7,397,003,334,582","4,077,725,939,386",15E-PM-1008-08,15E,PM,10082018,8,Adult,Gray,,Gray+,,Ground Plane,FALSE,,FALSE,FALSE,FALSE,TRUE,FALSE,,FALSE,FALSE,FALSE,FALSE,FALSE,FALSE,TRUE,FALSE,,POINT (-73.970033345821 40.777259393859)
"-7,396,197,353,855","407,944,667,975",35A-PM-1013-01,35A,PM,10132018,1,Adult,Gray,White,Gray+White,,Ground Plane,FALSE,,FALSE,FALSE,FALSE,FALSE,TRUE,,FALSE,FALSE,FALSE,FALSE,FALSE,FALSE,FALSE,TRUE,,POINT (-73.9619735385483 40.7944667974974)
"-7,397,520,792,474","407,755,376,979",11B-AM-1007-01,11B,AM,10072018,1,Adult,Cinnamon,Gray,Cinnamon+Gray,,Ground Plane,FALSE,,TRUE,FALSE,FALSE,FALSE,FALSE,,FALSE,FALSE,FALSE,FALSE,TRUE,TRUE,FALSE,FALSE,,POINT (-73.9752079247419 40.7755376979002)
"-7,397,241,518,284","4,077,308,046,345",10E-AM-1010-02,10E,AM,10102018,2,Adult,Black,Gray,Black+Gray,,Ground Plane,FALSE,,TRUE,FALSE,FALSE,FALSE,TRUE,,FALSE,FALSE,FALSE,FALSE,TRUE,FALSE,TRUE,FALSE,,POINT (-73.972415182837 40.773080463452)
"-7,396,882,933,822","4,077,389,580,276",12G-AM-1012-04,12G,AM,10122018,4,Adult,Gray,"Cinnamon, White","Gray+Cinnamon, White",,Ground Plane,FALSE,,FALSE,FALSE,FALSE,FALSE,TRUE,,FALSE,FALSE,FALSE,FALSE,TRUE,FALSE,TRUE,FALSE,,POINT (-73.9688293382172 40.773895802756805)
"-7,397,755,922,284","4,076,684,853,293",1D-PM-1007-01,01D,PM,10072018,1,Adult,Gray,"Cinnamon, White","Gray+Cinnamon, White",,Ground Plane,FALSE,,FALSE,FALSE,FALSE,FALSE,TRUE,,FALSE,FALSE,FALSE,FALSE,FALSE,FALSE,TRUE,FALSE,,POINT (-73.9775592228416 40.7668485329273)
"-739,710,991,847","4,076,898,278,242",6H-PM-1020-01,06H,PM,10202018,1,Adult,Gray,"Cinnamon, White","Gray+Cinnamon, White",,Ground Plane,FALSE,,FALSE,FALSE,FALSE,FALSE,TRUE,,FALSE,FALSE,FALSE,FALSE,FALSE,FALSE,TRUE,FALSE,,POINT (-73.9710991846972 40.7689827824241)
"-7,396,986,639,267","4,077,399,971,041",12F-PM-1007-09,12F,PM,10072018,9,Adult,Cinnamon,Gray,Cinnamon+Gray,,Ground Plane,FALSE,,TRUE,FALSE,FALSE,FALSE,TRUE,,FALSE,FALSE,FALSE,FALSE,FALSE,FALSE,TRUE,FALSE,,POINT (-73.9698663926657 40.773999710413)
"-7,395,284,828,582","4,079,220,562,183",36I-PM-1007-08,36I,PM,10072018,8,Juvenile,Cinnamon,Gray,Cinnamon+Gray,,Ground Plane,FALSE,,FALSE,FALSE,FALSE,TRUE,FALSE,,FALSE,FALSE,FALSE,FALSE,TRUE,FALSE,TRUE,FALSE,,POINT (-73.9528482858163 40.7922056218325)
"-7,396,161,411,525","4,079,218,033,133",33C-PM-1007-04,33C,PM,10072018,4,Adult,Gray,White,Gray+White,,Ground Plane,FALSE,,FALSE,FALSE,FALSE,FALSE,TRUE,,FALSE,FALSE,FALSE,FALSE,FALSE,FALSE,FALSE,TRUE,,POINT (-73.9616141152539 40.7921803313341)
"-7,397,443,902,174","4,076,631,683,626",2G-AM-1010-02,02G,AM,10102018,2,Adult,Gray,,Gray+,,Ground Plane,FALSE,,FALSE,FALSE,FALSE,TRUE,FALSE,,FALSE,FALSE,FALSE,FALSE,FALSE,FALSE,TRUE,FALSE,,POINT (-73.9744390217386 40.7663168362582)
"-739,635,140,435","4,079,128,079,694",31B-AM-1017-01,31B,AM,10172018,1,Adult,Gray,,Gray+,,Ground Plane,FALSE,,FALSE,FALSE,FALSE,TRUE,FALSE,,FALSE,FALSE,FALSE,FALSE,FALSE,FALSE,TRUE,FALSE,,POINT (-73.9635140434993 40.7912807969365)
"-7,395,035,333,437","407,976,543,604",42H-PM-1014-04,42H,PM,10142018,4,Adult,Gray,Cinnamon,Gray+Cinnamon,,Above Ground,15,,TRUE,TRUE,FALSE,FALSE,FALSE,,FALSE,FALSE,FALSE,FALSE,TRUE,FALSE,FALSE,TRUE,,POINT (-73.9503533343658 40.7976543603953)
"-739,675,637,871","4,078,238,806,717",21D-PM-1008-02,21D,PM,10082018,2,,Gray,White,Gray+White,,Ground Plane,FALSE,,FALSE,FALSE,FALSE,FALSE,TRUE,,FALSE,FALSE,FALSE,FALSE,FALSE,FALSE,FALSE,FALSE,,POINT (-73.9675637870968 40.7823880671728)
"-7,395,809,068,141","4,079,484,040,605",37D-PM-1014-01,37D,PM,10142018,1,Adult,Gray,Cinnamon,Gray+Cinnamon,,Ground Plane,FALSE,,FALSE,FALSE,FALSE,FALSE,TRUE,,FALSE,FALSE,FALSE,FALSE,FALSE,FALSE,FALSE,TRUE,eyes from a safe distance,POINT (-73.9580906814132 40.7948404060484)
"-7,396,788,313,129","407,847,605,975",23B-PM-1012-06,23B,PM,10122018,6,Adult,Gray,,Gray+,,Above Ground,30,,FALSE,FALSE,FALSE,FALSE,FALSE,,TRUE,FALSE,FALSE,FALSE,FALSE,FALSE,FALSE,FALSE,scolding,POINT (-73.9678831312936 40.7847605974975)
"-7,396,137,019,609","4,079,433,632,278",35B-PM-1013-04,35B,PM,10132018,4,Adult,Gray,,Gray+,,Ground Plane,FALSE,,TRUE,FALSE,TRUE,FALSE,TRUE,"got threatened by dog (same dog,dog #1)",FALSE,FALSE,FALSE,FALSE,FALSE,FALSE,FALSE,TRUE,runs from (dog),POINT (-73.9613701960898 40.7943363227822)
"-7,396,466,133,731","4,077,697,854,949",17I-AM-1014-03,17I,AM,10142018,3,Adult,Gray,"Cinnamon, White","Gray+Cinnamon, White",Cinnamon face,Above Ground,10,,FALSE,FALSE,TRUE,FALSE,FALSE,climbing (dog barked & it ran up tree),FALSE,FALSE,FALSE,FALSE,FALSE,FALSE,TRUE,FALSE,,POINT (-73.964661337306 40.7769785494935)
"-7,396,655,720,043","4,078,043,475,483",19E-PM-1018-04,19E,PM,10182018,4,,Gray,,Gray+,,Ground Plane,FALSE,,FALSE,FALSE,FALSE,TRUE,FALSE,,FALSE,FALSE,FALSE,FALSE,FALSE,FALSE,TRUE,FALSE,,POINT (-73.9665572004288 40.7804347548303)
"-7,397,591,633,005","4,077,361,807,936",9B-AM-1010-08,09B,AM,10102018,8,Adult,Gray,"Cinnamon, White","Gray+Cinnamon, White","Cinnamon head, White (Almost Silver)",Ground Plane,FALSE,,FALSE,FALSE,FALSE,TRUE,TRUE,,FALSE,FALSE,FALSE,FALSE,TRUE,FALSE,FALSE,FALSE,,POINT (-73.9759163300535 40.7736180793606)
"-7,397,564,575,979","4,077,035,597,756",6D-PM-1020-02,06D,PM,10202018,2,Juvenile,Gray,,Gray+,,Ground Plane,FALSE,,FALSE,TRUE,FALSE,FALSE,FALSE,,FALSE,FALSE,FALSE,FALSE,TRUE,FALSE,FALSE,TRUE,,POINT (-73.9756457597888 40.7703559775625)
"-7,396,628,950,797","407,843,300,758",23C-AM-1019-01,23C,AM,10192018,1,Adult,Gray,"Cinnamon, White","Gray+Cinnamon, White","Gray & Cinnamon selected as Primary. Gray, Cinnamon & White selected as Highlights. Made executive adjustments.",Above Ground,7,,FALSE,FALSE,TRUE,TRUE,FALSE,eating (on branch),TRUE,FALSE,FALSE,FALSE,FALSE,FALSE,TRUE,FALSE,,POINT (-73.9662895079734 40.7843300758044)
"-7,396,454,374,097","4,078,115,999,333",21F-PM-1018-02,21F,PM,10182018,2,Juvenile,Cinnamon,Gray,Cinnamon+Gray,,Ground Plane,FALSE,,FALSE,FALSE,FALSE,FALSE,TRUE,,FALSE,FALSE,FALSE,FALSE,FALSE,FALSE,FALSE,TRUE,,POINT (-73.9645437409662 40.7811599933331)
"-7,396,394,313,605","4,079,086,774,455",30B-AM-1007-04,30B,AM,10072018,4,Adult,Gray,,Gray+,,Ground Plane,FALSE,,FALSE,FALSE,FALSE,TRUE,TRUE,,FALSE,FALSE,FALSE,FALSE,FALSE,FALSE,FALSE,TRUE,,POINT (-73.9639431360458 40.7908677445466)
"-7,397,040,158,596","40,782,560,007",19A-PM-1013-05,19A,PM,10132018,5,Adult,Gray,White,Gray+White,,Ground Plane,FALSE,,FALSE,FALSE,FALSE,FALSE,TRUE,,FALSE,FALSE,FALSE,FALSE,FALSE,FALSE,TRUE,FALSE,,POINT (-73.9704015859639 40.7825600069973)
"-7,396,658,719,935","4,078,367,750,649",22D-PM-1012-07,22D,PM,10122018,7,Adult,Gray,"Black, Cinnamon, White","Gray+Black, Cinnamon, White",,Ground Plane,FALSE,,FALSE,FALSE,FALSE,TRUE,TRUE,,FALSE,FALSE,FALSE,FALSE,FALSE,FALSE,TRUE,FALSE,,POINT (-73.9665871993517 40.7836775064883)
"-7,396,399,412,279","4,078,991,523,279",29B-PM-1010-02,29B,PM,10102018,2,,Gray,"Cinnamon, White","Gray+Cinnamon, White",,Ground Plane,FALSE,,FALSE,FALSE,FALSE,TRUE,FALSE,,FALSE,FALSE,FALSE,FALSE,FALSE,FALSE,TRUE,FALSE,,POINT (-73.9639941227864 40.7899152327912)
"-7,397,547,941,916","407,696,404,489",5E-PM-1012-01,05E,PM,10122018,1,Adult,Cinnamon,"Gray, White","Cinnamon+Gray, White",,Ground Plane,FALSE,,FALSE,FALSE,FALSE,TRUE,TRUE,,FALSE,FALSE,FALSE,FALSE,FALSE,TRUE,FALSE,FALSE,,POINT (-73.9754794191553 40.7696404489025)
